Analysis & Synthesis report for mips
Wed Apr 10 01:54:32 2024
Quartus II 64-Bit Version 13.1.0 Build 162 10/23/2013 SJ Web Edition


---------------------
; Table of Contents ;
---------------------
  1. Legal Notice
  2. Analysis & Synthesis Summary
  3. Analysis & Synthesis Settings
  4. Parallel Compilation
  5. Analysis & Synthesis Source Files Read
  6. Analysis & Synthesis Resource Usage Summary
  7. Analysis & Synthesis Resource Utilization by Entity
  8. Analysis & Synthesis RAM Summary
  9. Analysis & Synthesis IP Cores Summary
 10. Registers Removed During Synthesis
 11. Removed Registers Triggering Further Register Optimizations
 12. General Register Statistics
 13. Multiplexer Restructuring Statistics (Restructuring Performed)
 14. Source assignments for Icache:inst2|LPM_RAM_DQ:inst1|altram:sram|altsyncram:ram_block|altsyncram_vuf1:auto_generated
 15. Source assignments for Dmem:inst4|LPM_RAM_DQ:inst1|altram:sram|altsyncram:ram_block|altsyncram_00e1:auto_generated
 16. Parameter Settings for User Entity Instance: Icache:inst2|LPM_RAM_DQ:inst1
 17. Parameter Settings for User Entity Instance: lpm_mux4:inst31|LPM_MUX:LPM_MUX_component
 18. Parameter Settings for User Entity Instance: lpm_mux4:inst29|LPM_MUX:LPM_MUX_component
 19. Parameter Settings for User Entity Instance: lpm_mux4:inst30|LPM_MUX:LPM_MUX_component
 20. Parameter Settings for User Entity Instance: ALU:inst|booth:inst8|lpm_counter0:inst1|lpm_counter:LPM_COUNTER_component
 21. Parameter Settings for User Entity Instance: ALU:inst|booth:inst8|lpm_mux2:inst6|LPM_MUX:LPM_MUX_component
 22. Parameter Settings for User Entity Instance: ALU:inst|booth:inst8|lpm_constant0:inst11|lpm_constant:LPM_CONSTANT_component
 23. Parameter Settings for User Entity Instance: ALU:inst|booth:inst8|lpm_add_sub0:inst9|lpm_add_sub:LPM_ADD_SUB_component
 24. Parameter Settings for User Entity Instance: ALU:inst|booth:inst8|lpm_add_sub1:inst10|lpm_add_sub:LPM_ADD_SUB_component
 25. Parameter Settings for User Entity Instance: ALU:inst|lpm_mux1:inst10|LPM_MUX:LPM_MUX_component
 26. Parameter Settings for User Entity Instance: ALU:inst|CSA:inst4|lpm_mux0:inst|LPM_MUX:LPM_MUX_component
 27. Parameter Settings for User Entity Instance: ALU:inst|lpm_constant0:inst12|lpm_constant:LPM_CONSTANT_component
 28. Parameter Settings for User Entity Instance: registerfile:inst34|lpm_mux3:inst38|LPM_MUX:LPM_MUX_component
 29. Parameter Settings for User Entity Instance: registerfile:inst34|lpm_mux3:inst39|LPM_MUX:LPM_MUX_component
 30. Parameter Settings for User Entity Instance: lpm_mux4:inst33|LPM_MUX:LPM_MUX_component
 31. Parameter Settings for User Entity Instance: lpm_mux4:inst28|LPM_MUX:LPM_MUX_component
 32. Parameter Settings for User Entity Instance: Dmem:inst4|LPM_RAM_DQ:inst1
 33. Parameter Settings for User Entity Instance: CSA:inst7|lpm_mux0:inst|LPM_MUX:LPM_MUX_component
 34. Parameter Settings for User Entity Instance: lpm_constant1:inst1|lpm_constant:LPM_CONSTANT_component
 35. Parameter Settings for User Entity Instance: lpm_mux6:inst21|LPM_MUX:LPM_MUX_component
 36. Parameter Settings for User Entity Instance: lpm_mux6:inst20|LPM_MUX:LPM_MUX_component
 37. Parameter Settings for User Entity Instance: lpm_mux4:inst24|LPM_MUX:LPM_MUX_component
 38. Parameter Settings for User Entity Instance: lpm_mux7:inst22|LPM_MUX:LPM_MUX_component
 39. Parameter Settings for User Entity Instance: lpm_constant3:inst23|lpm_constant:LPM_CONSTANT_component
 40. Parameter Settings for User Entity Instance: ALUcontrol:inst3|lpm_mux5:inst|LPM_MUX:LPM_MUX_component
 41. Parameter Settings for User Entity Instance: ALUcontrol:inst3|lpm_constant2:inst2|lpm_constant:LPM_CONSTANT_component
 42. Parameter Settings for User Entity Instance: CSA:inst8|lpm_mux0:inst|LPM_MUX:LPM_MUX_component
 43. Elapsed Time Per Partition
 44. Analysis & Synthesis Messages



----------------
; Legal Notice ;
----------------
Copyright (C) 1991-2013 Altera Corporation
Your use of Altera Corporation's design tools, logic functions 
and other software and tools, and its AMPP partner logic 
functions, and any output files from any of the foregoing 
(including device programming or simulation files), and any 
associated documentation or information are expressly subject 
to the terms and conditions of the Altera Program License 
Subscription Agreement, Altera MegaCore Function License 
Agreement, or other applicable license agreement, including, 
without limitation, that your use is for the sole purpose of 
programming logic devices manufactured by Altera and sold by 
Altera or its authorized distributors.  Please refer to the 
applicable agreement for further details.



+--------------------------------------------------------------------------------+
; Analysis & Synthesis Summary                                                   ;
+-----------------------------------+--------------------------------------------+
; Analysis & Synthesis Status       ; Successful - Wed Apr 10 01:54:32 2024      ;
; Quartus II 64-Bit Version         ; 13.1.0 Build 162 10/23/2013 SJ Web Edition ;
; Revision Name                     ; mips                                       ;
; Top-level Entity Name             ; SingleCycleDebug                           ;
; Family                            ; Arria II GX                                ;
; Logic utilization                 ; N/A                                        ;
;     Combinational ALUTs           ; 160                                        ;
;     Memory ALUTs                  ; 0                                          ;
;     Dedicated logic registers     ; 72                                         ;
; Total registers                   ; 72                                         ;
; Total pins                        ; 86                                         ;
; Total virtual pins                ; 0                                          ;
; Total block memory bits           ; 6,144                                      ;
; DSP block 18-bit elements         ; 0                                          ;
; Total GXB Receiver Channel PCS    ; 0                                          ;
; Total GXB Receiver Channel PMA    ; 0                                          ;
; Total GXB Transmitter Channel PCS ; 0                                          ;
; Total GXB Transmitter Channel PMA ; 0                                          ;
; Total PLLs                        ; 0                                          ;
; Total DLLs                        ; 0                                          ;
+-----------------------------------+--------------------------------------------+


+---------------------------------------------------------------------------------------------------------------------------+
; Analysis & Synthesis Settings                                                                                             ;
+---------------------------------------------------------------------------------+--------------------+--------------------+
; Option                                                                          ; Setting            ; Default Value      ;
+---------------------------------------------------------------------------------+--------------------+--------------------+
; Top-level entity name                                                           ; SingleCycleDebug   ; mips               ;
; Family name                                                                     ; Arria II GX        ; Cyclone IV GX      ;
; Use smart compilation                                                           ; Off                ; Off                ;
; Enable parallel Assembler and TimeQuest Timing Analyzer during compilation      ; On                 ; On                 ;
; Enable compact report table                                                     ; Off                ; Off                ;
; Restructure Multiplexers                                                        ; Auto               ; Auto               ;
; MLAB Add Timing Constraints For Mixed-Port Feed-Through Mode Setting Don't Care ; Off                ; Off                ;
; Create Debugging Nodes for IP Cores                                             ; Off                ; Off                ;
; Preserve fewer node names                                                       ; On                 ; On                 ;
; Disable OpenCore Plus hardware evaluation                                       ; Off                ; Off                ;
; Verilog Version                                                                 ; Verilog_2001       ; Verilog_2001       ;
; VHDL Version                                                                    ; VHDL_1993          ; VHDL_1993          ;
; State Machine Processing                                                        ; Auto               ; Auto               ;
; Safe State Machine                                                              ; Off                ; Off                ;
; Extract Verilog State Machines                                                  ; On                 ; On                 ;
; Extract VHDL State Machines                                                     ; On                 ; On                 ;
; Ignore Verilog initial constructs                                               ; Off                ; Off                ;
; Iteration limit for constant Verilog loops                                      ; 5000               ; 5000               ;
; Iteration limit for non-constant Verilog loops                                  ; 250                ; 250                ;
; Add Pass-Through Logic to Inferred RAMs                                         ; On                 ; On                 ;
; Infer RAMs from Raw Logic                                                       ; On                 ; On                 ;
; Parallel Synthesis                                                              ; On                 ; On                 ;
; DSP Block Balancing                                                             ; Auto               ; Auto               ;
; NOT Gate Push-Back                                                              ; On                 ; On                 ;
; Power-Up Don't Care                                                             ; On                 ; On                 ;
; Remove Redundant Logic Cells                                                    ; Off                ; Off                ;
; Remove Duplicate Registers                                                      ; On                 ; On                 ;
; Ignore CARRY Buffers                                                            ; Off                ; Off                ;
; Ignore CASCADE Buffers                                                          ; Off                ; Off                ;
; Ignore GLOBAL Buffers                                                           ; Off                ; Off                ;
; Ignore ROW GLOBAL Buffers                                                       ; Off                ; Off                ;
; Ignore LCELL Buffers                                                            ; Off                ; Off                ;
; Ignore SOFT Buffers                                                             ; On                 ; On                 ;
; Limit AHDL Integers to 32 Bits                                                  ; Off                ; Off                ;
; Optimization Technique                                                          ; Balanced           ; Balanced           ;
; Carry Chain Length                                                              ; 70                 ; 70                 ;
; Auto Carry Chains                                                               ; On                 ; On                 ;
; Auto Open-Drain Pins                                                            ; On                 ; On                 ;
; Perform WYSIWYG Primitive Resynthesis                                           ; Off                ; Off                ;
; Auto ROM Replacement                                                            ; On                 ; On                 ;
; Auto RAM Replacement                                                            ; On                 ; On                 ;
; Auto DSP Block Replacement                                                      ; On                 ; On                 ;
; Auto Shift Register Replacement                                                 ; Auto               ; Auto               ;
; Allow Shift Register Merging across Hierarchies                                 ; Auto               ; Auto               ;
; Auto Clock Enable Replacement                                                   ; On                 ; On                 ;
; Strict RAM Replacement                                                          ; Off                ; Off                ;
; Allow Synchronous Control Signals                                               ; On                 ; On                 ;
; Force Use of Synchronous Clear Signals                                          ; Off                ; Off                ;
; Auto RAM Block Balancing                                                        ; On                 ; On                 ;
; Auto RAM to Logic Cell Conversion                                               ; Off                ; Off                ;
; Auto Resource Sharing                                                           ; Off                ; Off                ;
; Allow Any RAM Size For Recognition                                              ; Off                ; Off                ;
; Allow Any ROM Size For Recognition                                              ; Off                ; Off                ;
; Allow Any Shift Register Size For Recognition                                   ; Off                ; Off                ;
; Use LogicLock Constraints during Resource Balancing                             ; On                 ; On                 ;
; Ignore translate_off and synthesis_off directives                               ; Off                ; Off                ;
; Timing-Driven Synthesis                                                         ; On                 ; On                 ;
; Report Parameter Settings                                                       ; On                 ; On                 ;
; Report Source Assignments                                                       ; On                 ; On                 ;
; Report Connectivity Checks                                                      ; On                 ; On                 ;
; Ignore Maximum Fan-Out Assignments                                              ; Off                ; Off                ;
; Synchronization Register Chain Length                                           ; 3                  ; 3                  ;
; PowerPlay Power Optimization                                                    ; Normal compilation ; Normal compilation ;
; HDL message level                                                               ; Level2             ; Level2             ;
; Suppress Register Optimization Related Messages                                 ; Off                ; Off                ;
; Number of Removed Registers Reported in Synthesis Report                        ; 5000               ; 5000               ;
; Number of Swept Nodes Reported in Synthesis Report                              ; 5000               ; 5000               ;
; Number of Inverted Registers Reported in Synthesis Report                       ; 100                ; 100                ;
; Clock MUX Protection                                                            ; On                 ; On                 ;
; Auto Gated Clock Conversion                                                     ; Off                ; Off                ;
; Block Design Naming                                                             ; Auto               ; Auto               ;
; SDC constraint protection                                                       ; Off                ; Off                ;
; Synthesis Effort                                                                ; Auto               ; Auto               ;
; Shift Register Replacement - Allow Asynchronous Clear Signal                    ; On                 ; On                 ;
; Pre-Mapping Resynthesis Optimization                                            ; Off                ; Off                ;
; Analysis & Synthesis Message Level                                              ; Medium             ; Medium             ;
; Disable Register Merging Across Hierarchies                                     ; Auto               ; Auto               ;
; Resource Aware Inference For Block RAM                                          ; On                 ; On                 ;
; Synthesis Seed                                                                  ; 1                  ; 1                  ;
+---------------------------------------------------------------------------------+--------------------+--------------------+


Parallel compilation was disabled, but you have multiple processors available. Enable parallel compilation to reduce compilation time.
+-------------------------------------+
; Parallel Compilation                ;
+----------------------------+--------+
; Processors                 ; Number ;
+----------------------------+--------+
; Number detected on machine ; 16     ;
; Maximum allowed            ; 1      ;
+----------------------------+--------+


+----------------------------------------------------------------------------------------------------------------------------------------------------------------------------------+
; Analysis & Synthesis Source Files Read                                                                                                                                           ;
+----------------------------------+-----------------+----------------------------------------+--------------------------------------------------------------------------+---------+
; File Name with User-Entered Path ; Used in Netlist ; File Type                              ; File Name with Absolute Path                                             ; Library ;
+----------------------------------+-----------------+----------------------------------------+--------------------------------------------------------------------------+---------+
; SingleCycleDebug.bdf             ; yes             ; User Block Diagram/Schematic File      ; C:/Users/Arian-FlowX13/Desktop/CA/HW5/SingleCycle/SingleCycleDebug.bdf   ;         ;
; CSA.bdf                          ; yes             ; User Block Diagram/Schematic File      ; C:/Users/Arian-FlowX13/Desktop/CA/HW5/SingleCycle/CSA.bdf                ;         ;
; mux4x1_16.bdf                    ; yes             ; User Block Diagram/Schematic File      ; C:/Users/Arian-FlowX13/Desktop/CA/HW5/SingleCycle/mux4x1_16.bdf          ;         ;
; reg16.bdf                        ; yes             ; User Block Diagram/Schematic File      ; C:/Users/Arian-FlowX13/Desktop/CA/HW5/SingleCycle/reg16.bdf              ;         ;
; reg4.bdf                         ; yes             ; User Block Diagram/Schematic File      ; C:/Users/Arian-FlowX13/Desktop/CA/HW5/SingleCycle/reg4.bdf               ;         ;
; or_gate.bdf                      ; yes             ; User Block Diagram/Schematic File      ; C:/Users/Arian-FlowX13/Desktop/CA/HW5/SingleCycle/or_gate.bdf            ;         ;
; and_gate.bdf                     ; yes             ; User Block Diagram/Schematic File      ; C:/Users/Arian-FlowX13/Desktop/CA/HW5/SingleCycle/and_gate.bdf           ;         ;
; equal.bdf                        ; yes             ; User Block Diagram/Schematic File      ; C:/Users/Arian-FlowX13/Desktop/CA/HW5/SingleCycle/equal.bdf              ;         ;
; fulladder.bdf                    ; yes             ; User Block Diagram/Schematic File      ; C:/Users/Arian-FlowX13/Desktop/CA/HW5/SingleCycle/fulladder.bdf          ;         ;
; booth.bdf                        ; yes             ; User Block Diagram/Schematic File      ; C:/Users/Arian-FlowX13/Desktop/CA/HW5/SingleCycle/booth.bdf              ;         ;
; xor_gate.bdf                     ; yes             ; User Block Diagram/Schematic File      ; C:/Users/Arian-FlowX13/Desktop/CA/HW5/SingleCycle/xor_gate.bdf           ;         ;
; ALU.bdf                          ; yes             ; User Block Diagram/Schematic File      ; C:/Users/Arian-FlowX13/Desktop/CA/HW5/SingleCycle/ALU.bdf                ;         ;
; buffer8.bdf                      ; yes             ; User Block Diagram/Schematic File      ; C:/Users/Arian-FlowX13/Desktop/CA/HW5/SingleCycle/buffer8.bdf            ;         ;
; register.bdf                     ; yes             ; User Block Diagram/Schematic File      ; C:/Users/Arian-FlowX13/Desktop/CA/HW5/SingleCycle/register.bdf           ;         ;
; lpm_mux3.vhd                     ; yes             ; User Wizard-Generated File             ; C:/Users/Arian-FlowX13/Desktop/CA/HW5/SingleCycle/lpm_mux3.vhd           ;         ;
; registerfile.bdf                 ; yes             ; User Block Diagram/Schematic File      ; C:/Users/Arian-FlowX13/Desktop/CA/HW5/SingleCycle/registerfile.bdf       ;         ;
; Dmem.bdf                         ; yes             ; User Block Diagram/Schematic File      ; C:/Users/Arian-FlowX13/Desktop/CA/HW5/SingleCycle/Dmem.bdf               ;         ;
; Icache.bdf                       ; yes             ; User Block Diagram/Schematic File      ; C:/Users/Arian-FlowX13/Desktop/CA/HW5/SingleCycle/Icache.bdf             ;         ;
; control.bdf                      ; yes             ; User Block Diagram/Schematic File      ; C:/Users/Arian-FlowX13/Desktop/CA/HW5/SingleCycle/control.bdf            ;         ;
; lpm_mux4.vhd                     ; yes             ; User Wizard-Generated File             ; C:/Users/Arian-FlowX13/Desktop/CA/HW5/SingleCycle/lpm_mux4.vhd           ;         ;
; ALUcontrol.bdf                   ; yes             ; User Block Diagram/Schematic File      ; C:/Users/Arian-FlowX13/Desktop/CA/HW5/SingleCycle/ALUcontrol.bdf         ;         ;
; buffer6.bdf                      ; yes             ; User Block Diagram/Schematic File      ; C:/Users/Arian-FlowX13/Desktop/CA/HW5/SingleCycle/buffer6.bdf            ;         ;
; lpm_ram_dq.tdf                   ; yes             ; Megafunction                           ; c:/altera/13.1/quartus/libraries/megafunctions/lpm_ram_dq.tdf            ;         ;
; altram.inc                       ; yes             ; Megafunction                           ; c:/altera/13.1/quartus/libraries/megafunctions/altram.inc                ;         ;
; lpm_mux.inc                      ; yes             ; Megafunction                           ; c:/altera/13.1/quartus/libraries/megafunctions/lpm_mux.inc               ;         ;
; lpm_decode.inc                   ; yes             ; Megafunction                           ; c:/altera/13.1/quartus/libraries/megafunctions/lpm_decode.inc            ;         ;
; aglobal131.inc                   ; yes             ; Megafunction                           ; c:/altera/13.1/quartus/libraries/megafunctions/aglobal131.inc            ;         ;
; altram.tdf                       ; yes             ; Megafunction                           ; c:/altera/13.1/quartus/libraries/megafunctions/altram.tdf                ;         ;
; memmodes.inc                     ; yes             ; Megafunction                           ; c:/altera/13.1/quartus/libraries/others/maxplus2/memmodes.inc            ;         ;
; altsyncram.inc                   ; yes             ; Megafunction                           ; c:/altera/13.1/quartus/libraries/megafunctions/altsyncram.inc            ;         ;
; altsyncram.tdf                   ; yes             ; Megafunction                           ; c:/altera/13.1/quartus/libraries/megafunctions/altsyncram.tdf            ;         ;
; stratix_ram_block.inc            ; yes             ; Megafunction                           ; c:/altera/13.1/quartus/libraries/megafunctions/stratix_ram_block.inc     ;         ;
; a_rdenreg.inc                    ; yes             ; Megafunction                           ; c:/altera/13.1/quartus/libraries/megafunctions/a_rdenreg.inc             ;         ;
; altrom.inc                       ; yes             ; Megafunction                           ; c:/altera/13.1/quartus/libraries/megafunctions/altrom.inc                ;         ;
; altdpram.inc                     ; yes             ; Megafunction                           ; c:/altera/13.1/quartus/libraries/megafunctions/altdpram.inc              ;         ;
; db/altsyncram_vuf1.tdf           ; yes             ; Auto-Generated Megafunction            ; C:/Users/Arian-FlowX13/Desktop/CA/HW5/SingleCycle/db/altsyncram_vuf1.tdf ;         ;
; test2.mif                        ; yes             ; Auto-Found Memory Initialization File  ; C:/Users/Arian-FlowX13/Desktop/CA/HW5/SingleCycle/test2.mif              ;         ;
; lpm_mux.tdf                      ; yes             ; Megafunction                           ; c:/altera/13.1/quartus/libraries/megafunctions/lpm_mux.tdf               ;         ;
; muxlut.inc                       ; yes             ; Megafunction                           ; c:/altera/13.1/quartus/libraries/megafunctions/muxlut.inc                ;         ;
; bypassff.inc                     ; yes             ; Megafunction                           ; c:/altera/13.1/quartus/libraries/megafunctions/bypassff.inc              ;         ;
; altshift.inc                     ; yes             ; Megafunction                           ; c:/altera/13.1/quartus/libraries/megafunctions/altshift.inc              ;         ;
; db/mux_84e.tdf                   ; yes             ; Auto-Generated Megafunction            ; C:/Users/Arian-FlowX13/Desktop/CA/HW5/SingleCycle/db/mux_84e.tdf         ;         ;
; lpm_counter0.v                   ; yes             ; Auto-Found Wizard-Generated File       ; C:/Users/Arian-FlowX13/Desktop/CA/HW5/SingleCycle/lpm_counter0.v         ;         ;
; lpm_counter.tdf                  ; yes             ; Megafunction                           ; c:/altera/13.1/quartus/libraries/megafunctions/lpm_counter.tdf           ;         ;
; lpm_constant.inc                 ; yes             ; Megafunction                           ; c:/altera/13.1/quartus/libraries/megafunctions/lpm_constant.inc          ;         ;
; lpm_add_sub.inc                  ; yes             ; Megafunction                           ; c:/altera/13.1/quartus/libraries/megafunctions/lpm_add_sub.inc           ;         ;
; cmpconst.inc                     ; yes             ; Megafunction                           ; c:/altera/13.1/quartus/libraries/megafunctions/cmpconst.inc              ;         ;
; lpm_compare.inc                  ; yes             ; Megafunction                           ; c:/altera/13.1/quartus/libraries/megafunctions/lpm_compare.inc           ;         ;
; lpm_counter.inc                  ; yes             ; Megafunction                           ; c:/altera/13.1/quartus/libraries/megafunctions/lpm_counter.inc           ;         ;
; dffeea.inc                       ; yes             ; Megafunction                           ; c:/altera/13.1/quartus/libraries/megafunctions/dffeea.inc                ;         ;
; alt_counter_stratix.inc          ; yes             ; Megafunction                           ; c:/altera/13.1/quartus/libraries/megafunctions/alt_counter_stratix.inc   ;         ;
; db/cntr_r3i.tdf                  ; yes             ; Auto-Generated Megafunction            ; C:/Users/Arian-FlowX13/Desktop/CA/HW5/SingleCycle/db/cntr_r3i.tdf        ;         ;
; lpm_mux2.v                       ; yes             ; Auto-Found Wizard-Generated File       ; C:/Users/Arian-FlowX13/Desktop/CA/HW5/SingleCycle/lpm_mux2.v             ;         ;
; db/mux_cpc.tdf                   ; yes             ; Auto-Generated Megafunction            ; C:/Users/Arian-FlowX13/Desktop/CA/HW5/SingleCycle/db/mux_cpc.tdf         ;         ;
; lpm_constant0.v                  ; yes             ; Auto-Found Wizard-Generated File       ; C:/Users/Arian-FlowX13/Desktop/CA/HW5/SingleCycle/lpm_constant0.v        ;         ;
; lpm_constant.tdf                 ; yes             ; Megafunction                           ; c:/altera/13.1/quartus/libraries/megafunctions/lpm_constant.tdf          ;         ;
; 74153.bdf                        ; yes             ; Megafunction                           ; c:/altera/13.1/quartus/libraries/others/maxplus2/74153.bdf               ;         ;
; lpm_add_sub0.v                   ; yes             ; Auto-Found Wizard-Generated File       ; C:/Users/Arian-FlowX13/Desktop/CA/HW5/SingleCycle/lpm_add_sub0.v         ;         ;
; lpm_add_sub.tdf                  ; yes             ; Megafunction                           ; c:/altera/13.1/quartus/libraries/megafunctions/lpm_add_sub.tdf           ;         ;
; addcore.inc                      ; yes             ; Megafunction                           ; c:/altera/13.1/quartus/libraries/megafunctions/addcore.inc               ;         ;
; look_add.inc                     ; yes             ; Megafunction                           ; c:/altera/13.1/quartus/libraries/megafunctions/look_add.inc              ;         ;
; alt_stratix_add_sub.inc          ; yes             ; Megafunction                           ; c:/altera/13.1/quartus/libraries/megafunctions/alt_stratix_add_sub.inc   ;         ;
; db/add_sub_aeh.tdf               ; yes             ; Auto-Generated Megafunction            ; C:/Users/Arian-FlowX13/Desktop/CA/HW5/SingleCycle/db/add_sub_aeh.tdf     ;         ;
; lpm_add_sub1.v                   ; yes             ; Auto-Found Wizard-Generated File       ; C:/Users/Arian-FlowX13/Desktop/CA/HW5/SingleCycle/lpm_add_sub1.v         ;         ;
; db/add_sub_bfh.tdf               ; yes             ; Auto-Generated Megafunction            ; C:/Users/Arian-FlowX13/Desktop/CA/HW5/SingleCycle/db/add_sub_bfh.tdf     ;         ;
; lpm_mux1.v                       ; yes             ; Auto-Found Wizard-Generated File       ; C:/Users/Arian-FlowX13/Desktop/CA/HW5/SingleCycle/lpm_mux1.v             ;         ;
; db/mux_5oc.tdf                   ; yes             ; Auto-Generated Megafunction            ; C:/Users/Arian-FlowX13/Desktop/CA/HW5/SingleCycle/db/mux_5oc.tdf         ;         ;
; lpm_mux0.v                       ; yes             ; Auto-Found Wizard-Generated File       ; C:/Users/Arian-FlowX13/Desktop/CA/HW5/SingleCycle/lpm_mux0.v             ;         ;
; db/mux_pnc.tdf                   ; yes             ; Auto-Generated Megafunction            ; C:/Users/Arian-FlowX13/Desktop/CA/HW5/SingleCycle/db/mux_pnc.tdf         ;         ;
; db/mux_g4e.tdf                   ; yes             ; Auto-Generated Megafunction            ; C:/Users/Arian-FlowX13/Desktop/CA/HW5/SingleCycle/db/mux_g4e.tdf         ;         ;
; 74138.bdf                        ; yes             ; Megafunction                           ; c:/altera/13.1/quartus/libraries/others/maxplus2/74138.bdf               ;         ;
; db/altsyncram_00e1.tdf           ; yes             ; Auto-Generated Megafunction            ; C:/Users/Arian-FlowX13/Desktop/CA/HW5/SingleCycle/db/altsyncram_00e1.tdf ;         ;
; lpm_constant1.v                  ; yes             ; Auto-Found Wizard-Generated File       ; C:/Users/Arian-FlowX13/Desktop/CA/HW5/SingleCycle/lpm_constant1.v        ;         ;
; lpm_mux6.v                       ; yes             ; Auto-Found Wizard-Generated File       ; C:/Users/Arian-FlowX13/Desktop/CA/HW5/SingleCycle/lpm_mux6.v             ;         ;
; db/mux_onc.tdf                   ; yes             ; Auto-Generated Megafunction            ; C:/Users/Arian-FlowX13/Desktop/CA/HW5/SingleCycle/db/mux_onc.tdf         ;         ;
; lpm_mux7.v                       ; yes             ; Auto-Found Wizard-Generated File       ; C:/Users/Arian-FlowX13/Desktop/CA/HW5/SingleCycle/lpm_mux7.v             ;         ;
; db/mux_nnc.tdf                   ; yes             ; Auto-Generated Megafunction            ; C:/Users/Arian-FlowX13/Desktop/CA/HW5/SingleCycle/db/mux_nnc.tdf         ;         ;
; lpm_constant3.v                  ; yes             ; Auto-Found Wizard-Generated File       ; C:/Users/Arian-FlowX13/Desktop/CA/HW5/SingleCycle/lpm_constant3.v        ;         ;
; lpm_mux5.v                       ; yes             ; Auto-Found Wizard-Generated File       ; C:/Users/Arian-FlowX13/Desktop/CA/HW5/SingleCycle/lpm_mux5.v             ;         ;
; db/mux_rnc.tdf                   ; yes             ; Auto-Generated Megafunction            ; C:/Users/Arian-FlowX13/Desktop/CA/HW5/SingleCycle/db/mux_rnc.tdf         ;         ;
; lpm_constant2.v                  ; yes             ; Auto-Found Wizard-Generated File       ; C:/Users/Arian-FlowX13/Desktop/CA/HW5/SingleCycle/lpm_constant2.v        ;         ;
+----------------------------------+-----------------+----------------------------------------+--------------------------------------------------------------------------+---------+


+-------------------------------------------------------------------------------------------------------------------------------------------------------+
; Analysis & Synthesis Resource Usage Summary                                                                                                           ;
+-----------------------------------------------+-------------------------------------------------------------------------------------------------------+
; Resource                                      ; Usage                                                                                                 ;
+-----------------------------------------------+-------------------------------------------------------------------------------------------------------+
; Estimated ALUTs Used                          ; 160                                                                                                   ;
;     -- Combinational ALUTs                    ; 160                                                                                                   ;
;     -- Memory ALUTs                           ; 0                                                                                                     ;
;     -- LUT_REGs                               ; 0                                                                                                     ;
; Dedicated logic registers                     ; 72                                                                                                    ;
;                                               ;                                                                                                       ;
; Estimated ALUTs Unavailable                   ; 27                                                                                                    ;
;     -- Due to unpartnered combinational logic ; 27                                                                                                    ;
;     -- Due to Memory ALUTs                    ; 0                                                                                                     ;
;                                               ;                                                                                                       ;
; Total combinational functions                 ; 160                                                                                                   ;
; Combinational ALUT usage by number of inputs  ;                                                                                                       ;
;     -- 7 input functions                      ; 24                                                                                                    ;
;     -- 6 input functions                      ; 29                                                                                                    ;
;     -- 5 input functions                      ; 52                                                                                                    ;
;     -- 4 input functions                      ; 40                                                                                                    ;
;     -- <=3 input functions                    ; 15                                                                                                    ;
;                                               ;                                                                                                       ;
; Combinational ALUTs by mode                   ;                                                                                                       ;
;     -- normal mode                            ; 136                                                                                                   ;
;     -- extended LUT mode                      ; 24                                                                                                    ;
;     -- arithmetic mode                        ; 0                                                                                                     ;
;     -- shared arithmetic mode                 ; 0                                                                                                     ;
;                                               ;                                                                                                       ;
; Estimated ALUT/register pairs used            ; 218                                                                                                   ;
;                                               ;                                                                                                       ;
; Total registers                               ; 72                                                                                                    ;
;     -- Dedicated logic registers              ; 72                                                                                                    ;
;     -- I/O registers                          ; 0                                                                                                     ;
;     -- LUT_REGs                               ; 0                                                                                                     ;
;                                               ;                                                                                                       ;
;                                               ;                                                                                                       ;
; I/O pins                                      ; 86                                                                                                    ;
; Total MLAB memory bits                        ; 0                                                                                                     ;
; Total block memory bits                       ; 6144                                                                                                  ;
; DSP block 18-bit elements                     ; 0                                                                                                     ;
; Maximum fan-out node                          ; Icache:inst2|lpm_ram_dq:inst1|altram:sram|altsyncram:ram_block|altsyncram_vuf1:auto_generated|q_a[15] ;
; Maximum fan-out                               ; 34                                                                                                    ;
; Total fan-out                                 ; 1349                                                                                                  ;
; Average fan-out                               ; 3.15                                                                                                  ;
+-----------------------------------------------+-------------------------------------------------------------------------------------------------------+


+----------------------------------------------------------------------------------------------------------------------------------------------------------------------------------------------------------------------------------------------------------------------------------------------------------------------------+
; Analysis & Synthesis Resource Utilization by Entity                                                                                                                                                                                                                                                                        ;
+-------------------------------------------------+-------------------+--------------+-------------------+--------------+---------+-----------+-----------+-----------+------+--------------+-----------------------------------------------------------------------------------------------------------------+--------------+
; Compilation Hierarchy Node                      ; LC Combinationals ; LC Registers ; Block Memory Bits ; DSP Elements ; DSP 9x9 ; DSP 12x12 ; DSP 18x18 ; DSP 36x36 ; Pins ; Virtual Pins ; Full Hierarchy Name                                                                                             ; Library Name ;
+-------------------------------------------------+-------------------+--------------+-------------------+--------------+---------+-----------+-----------+-----------+------+--------------+-----------------------------------------------------------------------------------------------------------------+--------------+
; |SingleCycleDebug                               ; 160 (1)           ; 72 (0)       ; 6144              ; 0            ; 0       ; 0         ; 0         ; 0         ; 86   ; 0            ; |SingleCycleDebug                                                                                               ; work         ;
;    |ALU:inst|                                   ; 45 (2)            ; 0 (0)        ; 0                 ; 0            ; 0       ; 0         ; 0         ; 0         ; 0    ; 0            ; |SingleCycleDebug|ALU:inst                                                                                      ; work         ;
;       |CSA:inst4|                               ; 15 (3)            ; 0 (0)        ; 0                 ; 0            ; 0       ; 0         ; 0         ; 0         ; 0    ; 0            ; |SingleCycleDebug|ALU:inst|CSA:inst4                                                                            ; work         ;
;          |fulladder:inst11|                     ; 2 (2)             ; 0 (0)        ; 0                 ; 0            ; 0       ; 0         ; 0         ; 0         ; 0    ; 0            ; |SingleCycleDebug|ALU:inst|CSA:inst4|fulladder:inst11                                                           ; work         ;
;          |fulladder:inst12|                     ; 1 (1)             ; 0 (0)        ; 0                 ; 0            ; 0       ; 0         ; 0         ; 0         ; 0    ; 0            ; |SingleCycleDebug|ALU:inst|CSA:inst4|fulladder:inst12                                                           ; work         ;
;          |fulladder:inst19|                     ; 1 (1)             ; 0 (0)        ; 0                 ; 0            ; 0       ; 0         ; 0         ; 0         ; 0    ; 0            ; |SingleCycleDebug|ALU:inst|CSA:inst4|fulladder:inst19                                                           ; work         ;
;          |fulladder:inst25|                     ; 1 (1)             ; 0 (0)        ; 0                 ; 0            ; 0       ; 0         ; 0         ; 0         ; 0    ; 0            ; |SingleCycleDebug|ALU:inst|CSA:inst4|fulladder:inst25                                                           ; work         ;
;          |fulladder:inst2|                      ; 1 (1)             ; 0 (0)        ; 0                 ; 0            ; 0       ; 0         ; 0         ; 0         ; 0    ; 0            ; |SingleCycleDebug|ALU:inst|CSA:inst4|fulladder:inst2                                                            ; work         ;
;          |fulladder:inst3|                      ; 2 (2)             ; 0 (0)        ; 0                 ; 0            ; 0       ; 0         ; 0         ; 0         ; 0    ; 0            ; |SingleCycleDebug|ALU:inst|CSA:inst4|fulladder:inst3                                                            ; work         ;
;          |fulladder:inst4|                      ; 1 (1)             ; 0 (0)        ; 0                 ; 0            ; 0       ; 0         ; 0         ; 0         ; 0    ; 0            ; |SingleCycleDebug|ALU:inst|CSA:inst4|fulladder:inst4                                                            ; work         ;
;          |fulladder:inst5|                      ; 1 (1)             ; 0 (0)        ; 0                 ; 0            ; 0       ; 0         ; 0         ; 0         ; 0    ; 0            ; |SingleCycleDebug|ALU:inst|CSA:inst4|fulladder:inst5                                                            ; work         ;
;          |fulladder:inst7|                      ; 1 (1)             ; 0 (0)        ; 0                 ; 0            ; 0       ; 0         ; 0         ; 0         ; 0    ; 0            ; |SingleCycleDebug|ALU:inst|CSA:inst4|fulladder:inst7                                                            ; work         ;
;          |fulladder:inst8|                      ; 1 (1)             ; 0 (0)        ; 0                 ; 0            ; 0       ; 0         ; 0         ; 0         ; 0    ; 0            ; |SingleCycleDebug|ALU:inst|CSA:inst4|fulladder:inst8                                                            ; work         ;
;       |equal:inst6|                             ; 7 (7)             ; 0 (0)        ; 0                 ; 0            ; 0       ; 0         ; 0         ; 0         ; 0    ; 0            ; |SingleCycleDebug|ALU:inst|equal:inst6                                                                          ; work         ;
;       |lpm_mux1:inst10|                         ; 21 (0)            ; 0 (0)        ; 0                 ; 0            ; 0       ; 0         ; 0         ; 0         ; 0    ; 0            ; |SingleCycleDebug|ALU:inst|lpm_mux1:inst10                                                                      ; work         ;
;          |lpm_mux:LPM_MUX_component|            ; 21 (0)            ; 0 (0)        ; 0                 ; 0            ; 0       ; 0         ; 0         ; 0         ; 0    ; 0            ; |SingleCycleDebug|ALU:inst|lpm_mux1:inst10|lpm_mux:LPM_MUX_component                                            ; work         ;
;             |mux_5oc:auto_generated|            ; 21 (21)           ; 0 (0)        ; 0                 ; 0            ; 0       ; 0         ; 0         ; 0         ; 0    ; 0            ; |SingleCycleDebug|ALU:inst|lpm_mux1:inst10|lpm_mux:LPM_MUX_component|mux_5oc:auto_generated                     ; work         ;
;    |ALUcontrol:inst3|                           ; 3 (0)             ; 0 (0)        ; 0                 ; 0            ; 0       ; 0         ; 0         ; 0         ; 0    ; 0            ; |SingleCycleDebug|ALUcontrol:inst3                                                                              ; work         ;
;       |lpm_mux5:inst|                           ; 3 (0)             ; 0 (0)        ; 0                 ; 0            ; 0       ; 0         ; 0         ; 0         ; 0    ; 0            ; |SingleCycleDebug|ALUcontrol:inst3|lpm_mux5:inst                                                                ; work         ;
;          |lpm_mux:LPM_MUX_component|            ; 3 (0)             ; 0 (0)        ; 0                 ; 0            ; 0       ; 0         ; 0         ; 0         ; 0    ; 0            ; |SingleCycleDebug|ALUcontrol:inst3|lpm_mux5:inst|lpm_mux:LPM_MUX_component                                      ; work         ;
;             |mux_rnc:auto_generated|            ; 3 (3)             ; 0 (0)        ; 0                 ; 0            ; 0       ; 0         ; 0         ; 0         ; 0    ; 0            ; |SingleCycleDebug|ALUcontrol:inst3|lpm_mux5:inst|lpm_mux:LPM_MUX_component|mux_rnc:auto_generated               ; work         ;
;    |CSA:inst7|                                  ; 4 (0)             ; 0 (0)        ; 0                 ; 0            ; 0       ; 0         ; 0         ; 0         ; 0    ; 0            ; |SingleCycleDebug|CSA:inst7                                                                                     ; work         ;
;       |fulladder:inst2|                         ; 1 (1)             ; 0 (0)        ; 0                 ; 0            ; 0       ; 0         ; 0         ; 0         ; 0    ; 0            ; |SingleCycleDebug|CSA:inst7|fulladder:inst2                                                                     ; work         ;
;       |fulladder:inst3|                         ; 2 (2)             ; 0 (0)        ; 0                 ; 0            ; 0       ; 0         ; 0         ; 0         ; 0    ; 0            ; |SingleCycleDebug|CSA:inst7|fulladder:inst3                                                                     ; work         ;
;       |lpm_mux0:inst|                           ; 1 (0)             ; 0 (0)        ; 0                 ; 0            ; 0       ; 0         ; 0         ; 0         ; 0    ; 0            ; |SingleCycleDebug|CSA:inst7|lpm_mux0:inst                                                                       ; work         ;
;          |lpm_mux:LPM_MUX_component|            ; 1 (0)             ; 0 (0)        ; 0                 ; 0            ; 0       ; 0         ; 0         ; 0         ; 0    ; 0            ; |SingleCycleDebug|CSA:inst7|lpm_mux0:inst|lpm_mux:LPM_MUX_component                                             ; work         ;
;             |mux_pnc:auto_generated|            ; 1 (1)             ; 0 (0)        ; 0                 ; 0            ; 0       ; 0         ; 0         ; 0         ; 0    ; 0            ; |SingleCycleDebug|CSA:inst7|lpm_mux0:inst|lpm_mux:LPM_MUX_component|mux_pnc:auto_generated                      ; work         ;
;    |CSA:inst8|                                  ; 11 (0)            ; 0 (0)        ; 0                 ; 0            ; 0       ; 0         ; 0         ; 0         ; 0    ; 0            ; |SingleCycleDebug|CSA:inst8                                                                                     ; work         ;
;       |fulladder:inst12|                        ; 1 (1)             ; 0 (0)        ; 0                 ; 0            ; 0       ; 0         ; 0         ; 0         ; 0    ; 0            ; |SingleCycleDebug|CSA:inst8|fulladder:inst12                                                                    ; work         ;
;       |fulladder:inst19|                        ; 1 (1)             ; 0 (0)        ; 0                 ; 0            ; 0       ; 0         ; 0         ; 0         ; 0    ; 0            ; |SingleCycleDebug|CSA:inst8|fulladder:inst19                                                                    ; work         ;
;       |fulladder:inst25|                        ; 2 (2)             ; 0 (0)        ; 0                 ; 0            ; 0       ; 0         ; 0         ; 0         ; 0    ; 0            ; |SingleCycleDebug|CSA:inst8|fulladder:inst25                                                                    ; work         ;
;       |fulladder:inst3|                         ; 2 (2)             ; 0 (0)        ; 0                 ; 0            ; 0       ; 0         ; 0         ; 0         ; 0    ; 0            ; |SingleCycleDebug|CSA:inst8|fulladder:inst3                                                                     ; work         ;
;       |fulladder:inst4|                         ; 2 (2)             ; 0 (0)        ; 0                 ; 0            ; 0       ; 0         ; 0         ; 0         ; 0    ; 0            ; |SingleCycleDebug|CSA:inst8|fulladder:inst4                                                                     ; work         ;
;       |fulladder:inst5|                         ; 1 (1)             ; 0 (0)        ; 0                 ; 0            ; 0       ; 0         ; 0         ; 0         ; 0    ; 0            ; |SingleCycleDebug|CSA:inst8|fulladder:inst5                                                                     ; work         ;
;       |fulladder:inst7|                         ; 1 (1)             ; 0 (0)        ; 0                 ; 0            ; 0       ; 0         ; 0         ; 0         ; 0    ; 0            ; |SingleCycleDebug|CSA:inst8|fulladder:inst7                                                                     ; work         ;
;       |fulladder:inst8|                         ; 1 (1)             ; 0 (0)        ; 0                 ; 0            ; 0       ; 0         ; 0         ; 0         ; 0    ; 0            ; |SingleCycleDebug|CSA:inst8|fulladder:inst8                                                                     ; work         ;
;    |Dmem:inst4|                                 ; 0 (0)             ; 0 (0)        ; 2048              ; 0            ; 0       ; 0         ; 0         ; 0         ; 0    ; 0            ; |SingleCycleDebug|Dmem:inst4                                                                                    ; work         ;
;       |lpm_ram_dq:inst1|                        ; 0 (0)             ; 0 (0)        ; 2048              ; 0            ; 0       ; 0         ; 0         ; 0         ; 0    ; 0            ; |SingleCycleDebug|Dmem:inst4|lpm_ram_dq:inst1                                                                   ; work         ;
;          |altram:sram|                          ; 0 (0)             ; 0 (0)        ; 2048              ; 0            ; 0       ; 0         ; 0         ; 0         ; 0    ; 0            ; |SingleCycleDebug|Dmem:inst4|lpm_ram_dq:inst1|altram:sram                                                       ; work         ;
;             |altsyncram:ram_block|              ; 0 (0)             ; 0 (0)        ; 2048              ; 0            ; 0       ; 0         ; 0         ; 0         ; 0    ; 0            ; |SingleCycleDebug|Dmem:inst4|lpm_ram_dq:inst1|altram:sram|altsyncram:ram_block                                  ; work         ;
;                |altsyncram_00e1:auto_generated| ; 0 (0)             ; 0 (0)        ; 2048              ; 0            ; 0       ; 0         ; 0         ; 0         ; 0    ; 0            ; |SingleCycleDebug|Dmem:inst4|lpm_ram_dq:inst1|altram:sram|altsyncram:ram_block|altsyncram_00e1:auto_generated   ; work         ;
;    |Icache:inst2|                               ; 0 (0)             ; 0 (0)        ; 4096              ; 0            ; 0       ; 0         ; 0         ; 0         ; 0    ; 0            ; |SingleCycleDebug|Icache:inst2                                                                                  ; work         ;
;       |lpm_ram_dq:inst1|                        ; 0 (0)             ; 0 (0)        ; 4096              ; 0            ; 0       ; 0         ; 0         ; 0         ; 0    ; 0            ; |SingleCycleDebug|Icache:inst2|lpm_ram_dq:inst1                                                                 ; work         ;
;          |altram:sram|                          ; 0 (0)             ; 0 (0)        ; 4096              ; 0            ; 0       ; 0         ; 0         ; 0         ; 0    ; 0            ; |SingleCycleDebug|Icache:inst2|lpm_ram_dq:inst1|altram:sram                                                     ; work         ;
;             |altsyncram:ram_block|              ; 0 (0)             ; 0 (0)        ; 4096              ; 0            ; 0       ; 0         ; 0         ; 0         ; 0    ; 0            ; |SingleCycleDebug|Icache:inst2|lpm_ram_dq:inst1|altram:sram|altsyncram:ram_block                                ; work         ;
;                |altsyncram_vuf1:auto_generated| ; 0 (0)             ; 0 (0)        ; 4096              ; 0            ; 0       ; 0         ; 0         ; 0         ; 0    ; 0            ; |SingleCycleDebug|Icache:inst2|lpm_ram_dq:inst1|altram:sram|altsyncram:ram_block|altsyncram_vuf1:auto_generated ; work         ;
;    |control:inst12|                             ; 12 (12)           ; 0 (0)        ; 0                 ; 0            ; 0       ; 0         ; 0         ; 0         ; 0    ; 0            ; |SingleCycleDebug|control:inst12                                                                                ; work         ;
;    |lpm_mux4:inst24|                            ; 11 (0)            ; 0 (0)        ; 0                 ; 0            ; 0       ; 0         ; 0         ; 0         ; 0    ; 0            ; |SingleCycleDebug|lpm_mux4:inst24                                                                               ; work         ;
;       |lpm_mux:LPM_MUX_component|               ; 11 (0)            ; 0 (0)        ; 0                 ; 0            ; 0       ; 0         ; 0         ; 0         ; 0    ; 0            ; |SingleCycleDebug|lpm_mux4:inst24|lpm_mux:LPM_MUX_component                                                     ; work         ;
;          |mux_84e:auto_generated|               ; 11 (11)           ; 0 (0)        ; 0                 ; 0            ; 0       ; 0         ; 0         ; 0         ; 0    ; 0            ; |SingleCycleDebug|lpm_mux4:inst24|lpm_mux:LPM_MUX_component|mux_84e:auto_generated                              ; work         ;
;    |lpm_mux4:inst31|                            ; 17 (0)            ; 0 (0)        ; 0                 ; 0            ; 0       ; 0         ; 0         ; 0         ; 0    ; 0            ; |SingleCycleDebug|lpm_mux4:inst31                                                                               ; work         ;
;       |lpm_mux:LPM_MUX_component|               ; 17 (0)            ; 0 (0)        ; 0                 ; 0            ; 0       ; 0         ; 0         ; 0         ; 0    ; 0            ; |SingleCycleDebug|lpm_mux4:inst31|lpm_mux:LPM_MUX_component                                                     ; work         ;
;          |mux_84e:auto_generated|               ; 17 (17)           ; 0 (0)        ; 0                 ; 0            ; 0       ; 0         ; 0         ; 0         ; 0    ; 0            ; |SingleCycleDebug|lpm_mux4:inst31|lpm_mux:LPM_MUX_component|mux_84e:auto_generated                              ; work         ;
;    |lpm_mux4:inst33|                            ; 10 (0)            ; 0 (0)        ; 0                 ; 0            ; 0       ; 0         ; 0         ; 0         ; 0    ; 0            ; |SingleCycleDebug|lpm_mux4:inst33                                                                               ; work         ;
;       |lpm_mux:LPM_MUX_component|               ; 10 (0)            ; 0 (0)        ; 0                 ; 0            ; 0       ; 0         ; 0         ; 0         ; 0    ; 0            ; |SingleCycleDebug|lpm_mux4:inst33|lpm_mux:LPM_MUX_component                                                     ; work         ;
;          |mux_84e:auto_generated|               ; 10 (10)           ; 0 (0)        ; 0                 ; 0            ; 0       ; 0         ; 0         ; 0         ; 0    ; 0            ; |SingleCycleDebug|lpm_mux4:inst33|lpm_mux:LPM_MUX_component|mux_84e:auto_generated                              ; work         ;
;    |lpm_mux6:inst20|                            ; 3 (0)             ; 0 (0)        ; 0                 ; 0            ; 0       ; 0         ; 0         ; 0         ; 0    ; 0            ; |SingleCycleDebug|lpm_mux6:inst20                                                                               ; work         ;
;       |lpm_mux:LPM_MUX_component|               ; 3 (0)             ; 0 (0)        ; 0                 ; 0            ; 0       ; 0         ; 0         ; 0         ; 0    ; 0            ; |SingleCycleDebug|lpm_mux6:inst20|lpm_mux:LPM_MUX_component                                                     ; work         ;
;          |mux_onc:auto_generated|               ; 3 (3)             ; 0 (0)        ; 0                 ; 0            ; 0       ; 0         ; 0         ; 0         ; 0    ; 0            ; |SingleCycleDebug|lpm_mux6:inst20|lpm_mux:LPM_MUX_component|mux_onc:auto_generated                              ; work         ;
;    |lpm_mux6:inst21|                            ; 3 (0)             ; 0 (0)        ; 0                 ; 0            ; 0       ; 0         ; 0         ; 0         ; 0    ; 0            ; |SingleCycleDebug|lpm_mux6:inst21                                                                               ; work         ;
;       |lpm_mux:LPM_MUX_component|               ; 3 (0)             ; 0 (0)        ; 0                 ; 0            ; 0       ; 0         ; 0         ; 0         ; 0    ; 0            ; |SingleCycleDebug|lpm_mux6:inst21|lpm_mux:LPM_MUX_component                                                     ; work         ;
;          |mux_onc:auto_generated|               ; 3 (3)             ; 0 (0)        ; 0                 ; 0            ; 0       ; 0         ; 0         ; 0         ; 0    ; 0            ; |SingleCycleDebug|lpm_mux6:inst21|lpm_mux:LPM_MUX_component|mux_onc:auto_generated                              ; work         ;
;    |register:ProgramCounter|                    ; 2 (2)             ; 8 (8)        ; 0                 ; 0            ; 0       ; 0         ; 0         ; 0         ; 0    ; 0            ; |SingleCycleDebug|register:ProgramCounter                                                                       ; work         ;
;    |registerfile:inst34|                        ; 38 (0)            ; 64 (0)       ; 0                 ; 0            ; 0       ; 0         ; 0         ; 0         ; 0    ; 0            ; |SingleCycleDebug|registerfile:inst34                                                                           ; work         ;
;       |lpm_mux3:inst38|                         ; 16 (0)            ; 0 (0)        ; 0                 ; 0            ; 0       ; 0         ; 0         ; 0         ; 0    ; 0            ; |SingleCycleDebug|registerfile:inst34|lpm_mux3:inst38                                                           ; work         ;
;          |lpm_mux:LPM_MUX_component|            ; 16 (0)            ; 0 (0)        ; 0                 ; 0            ; 0       ; 0         ; 0         ; 0         ; 0    ; 0            ; |SingleCycleDebug|registerfile:inst34|lpm_mux3:inst38|lpm_mux:LPM_MUX_component                                 ; work         ;
;             |mux_g4e:auto_generated|            ; 16 (16)           ; 0 (0)        ; 0                 ; 0            ; 0       ; 0         ; 0         ; 0         ; 0    ; 0            ; |SingleCycleDebug|registerfile:inst34|lpm_mux3:inst38|lpm_mux:LPM_MUX_component|mux_g4e:auto_generated          ; work         ;
;       |lpm_mux3:inst39|                         ; 16 (0)            ; 0 (0)        ; 0                 ; 0            ; 0       ; 0         ; 0         ; 0         ; 0    ; 0            ; |SingleCycleDebug|registerfile:inst34|lpm_mux3:inst39                                                           ; work         ;
;          |lpm_mux:LPM_MUX_component|            ; 16 (0)            ; 0 (0)        ; 0                 ; 0            ; 0       ; 0         ; 0         ; 0         ; 0    ; 0            ; |SingleCycleDebug|registerfile:inst34|lpm_mux3:inst39|lpm_mux:LPM_MUX_component                                 ; work         ;
;             |mux_g4e:auto_generated|            ; 16 (16)           ; 0 (0)        ; 0                 ; 0            ; 0       ; 0         ; 0         ; 0         ; 0    ; 0            ; |SingleCycleDebug|registerfile:inst34|lpm_mux3:inst39|lpm_mux:LPM_MUX_component|mux_g4e:auto_generated          ; work         ;
;       |register:inst20|                         ; 1 (1)             ; 8 (8)        ; 0                 ; 0            ; 0       ; 0         ; 0         ; 0         ; 0    ; 0            ; |SingleCycleDebug|registerfile:inst34|register:inst20                                                           ; work         ;
;       |register:inst23|                         ; 1 (1)             ; 8 (8)        ; 0                 ; 0            ; 0       ; 0         ; 0         ; 0         ; 0    ; 0            ; |SingleCycleDebug|registerfile:inst34|register:inst23                                                           ; work         ;
;       |register:inst24|                         ; 1 (1)             ; 8 (8)        ; 0                 ; 0            ; 0       ; 0         ; 0         ; 0         ; 0    ; 0            ; |SingleCycleDebug|registerfile:inst34|register:inst24                                                           ; work         ;
;       |register:inst25|                         ; 1 (1)             ; 8 (8)        ; 0                 ; 0            ; 0       ; 0         ; 0         ; 0         ; 0    ; 0            ; |SingleCycleDebug|registerfile:inst34|register:inst25                                                           ; work         ;
;       |register:inst26|                         ; 1 (1)             ; 8 (8)        ; 0                 ; 0            ; 0       ; 0         ; 0         ; 0         ; 0    ; 0            ; |SingleCycleDebug|registerfile:inst34|register:inst26                                                           ; work         ;
;       |register:inst27|                         ; 1 (1)             ; 8 (8)        ; 0                 ; 0            ; 0       ; 0         ; 0         ; 0         ; 0    ; 0            ; |SingleCycleDebug|registerfile:inst34|register:inst27                                                           ; work         ;
;       |register:inst29|                         ; 0 (0)             ; 8 (8)        ; 0                 ; 0            ; 0       ; 0         ; 0         ; 0         ; 0    ; 0            ; |SingleCycleDebug|registerfile:inst34|register:inst29                                                           ; work         ;
;       |register:inst30|                         ; 0 (0)             ; 8 (8)        ; 0                 ; 0            ; 0       ; 0         ; 0         ; 0         ; 0    ; 0            ; |SingleCycleDebug|registerfile:inst34|register:inst30                                                           ; work         ;
+-------------------------------------------------+-------------------+--------------+-------------------+--------------+---------+-----------+-----------+-----------+------+--------------+-----------------------------------------------------------------------------------------------------------------+--------------+
Note: For table entries with two numbers listed, the numbers in parentheses indicate the number of resources of the given type used by the specific entity alone. The numbers listed outside of parentheses indicate the total resources of the given type used by the specific entity and all of its sub-entities in the hierarchy.


+--------------------------------------------------------------------------------------------------------------------------------------------------------------------------------------------------------------+
; Analysis & Synthesis RAM Summary                                                                                                                                                                             ;
+----------------------------------------------------------------------------------------------------------+------+-------------+--------------+--------------+--------------+--------------+------+-----------+
; Name                                                                                                     ; Type ; Mode        ; Port A Depth ; Port A Width ; Port B Depth ; Port B Width ; Size ; MIF       ;
+----------------------------------------------------------------------------------------------------------+------+-------------+--------------+--------------+--------------+--------------+------+-----------+
; Dmem:inst4|lpm_ram_dq:inst1|altram:sram|altsyncram:ram_block|altsyncram_00e1:auto_generated|ALTSYNCRAM   ; AUTO ; Single Port ; 256          ; 8            ; --           ; --           ; 2048 ; None      ;
; Icache:inst2|lpm_ram_dq:inst1|altram:sram|altsyncram:ram_block|altsyncram_vuf1:auto_generated|ALTSYNCRAM ; AUTO ; Single Port ; 256          ; 16           ; --           ; --           ; 4096 ; test2.mif ;
+----------------------------------------------------------------------------------------------------------+------+-------------+--------------+--------------+--------------+--------------+------+-----------+


+-------------------------------------------------------------------------------------------------------------------------------------------------------------------------------------------------+
; Analysis & Synthesis IP Cores Summary                                                                                                                                                           ;
+--------+--------------+---------+--------------+--------------+-------------------------------------------------------------+-------------------------------------------------------------------+
; Vendor ; IP Core Name ; Version ; Release Date ; License Type ; Entity Instance                                             ; IP Include File                                                   ;
+--------+--------------+---------+--------------+--------------+-------------------------------------------------------------+-------------------------------------------------------------------+
; Altera ; LPM_MUX      ; N/A     ; N/A          ; N/A          ; |SingleCycleDebug|ALU:inst|CSA:inst4|lpm_mux0:inst          ; C:/Users/Arian-FlowX13/Desktop/CA/HW5/SingleCycle/lpm_mux0.v      ;
; Altera ; LPM_COUNTER  ; N/A     ; N/A          ; N/A          ; |SingleCycleDebug|ALU:inst|booth:inst8|lpm_counter0:inst1   ; C:/Users/Arian-FlowX13/Desktop/CA/HW5/SingleCycle/lpm_counter0.v  ;
; Altera ; LPM_MUX      ; N/A     ; N/A          ; N/A          ; |SingleCycleDebug|ALU:inst|booth:inst8|lpm_mux2:inst6       ; C:/Users/Arian-FlowX13/Desktop/CA/HW5/SingleCycle/lpm_mux2.v      ;
; Altera ; LPM_ADD_SUB  ; N/A     ; N/A          ; N/A          ; |SingleCycleDebug|ALU:inst|booth:inst8|lpm_add_sub0:inst9   ; C:/Users/Arian-FlowX13/Desktop/CA/HW5/SingleCycle/lpm_add_sub0.v  ;
; Altera ; LPM_ADD_SUB  ; N/A     ; N/A          ; N/A          ; |SingleCycleDebug|ALU:inst|booth:inst8|lpm_add_sub1:inst10  ; C:/Users/Arian-FlowX13/Desktop/CA/HW5/SingleCycle/lpm_add_sub1.v  ;
; Altera ; LPM_CONSTANT ; N/A     ; N/A          ; N/A          ; |SingleCycleDebug|ALU:inst|booth:inst8|lpm_constant0:inst11 ; C:/Users/Arian-FlowX13/Desktop/CA/HW5/SingleCycle/lpm_constant0.v ;
; Altera ; LPM_MUX      ; N/A     ; N/A          ; N/A          ; |SingleCycleDebug|ALU:inst|lpm_mux1:inst10                  ; C:/Users/Arian-FlowX13/Desktop/CA/HW5/SingleCycle/lpm_mux1.v      ;
; Altera ; LPM_CONSTANT ; N/A     ; N/A          ; N/A          ; |SingleCycleDebug|ALU:inst|lpm_constant0:inst12             ; C:/Users/Arian-FlowX13/Desktop/CA/HW5/SingleCycle/lpm_constant0.v ;
; Altera ; LPM_CONSTANT ; N/A     ; N/A          ; N/A          ; |SingleCycleDebug|lpm_constant1:inst1                       ; C:/Users/Arian-FlowX13/Desktop/CA/HW5/SingleCycle/lpm_constant1.v ;
; Altera ; LPM_MUX      ; N/A     ; N/A          ; N/A          ; |SingleCycleDebug|ALUcontrol:inst3|lpm_mux5:inst            ; C:/Users/Arian-FlowX13/Desktop/CA/HW5/SingleCycle/lpm_mux5.v      ;
; Altera ; LPM_CONSTANT ; N/A     ; N/A          ; N/A          ; |SingleCycleDebug|ALUcontrol:inst3|lpm_constant2:inst2      ; C:/Users/Arian-FlowX13/Desktop/CA/HW5/SingleCycle/lpm_constant2.v ;
; Altera ; LPM_MUX      ; N/A     ; N/A          ; N/A          ; |SingleCycleDebug|CSA:inst7|lpm_mux0:inst                   ; C:/Users/Arian-FlowX13/Desktop/CA/HW5/SingleCycle/lpm_mux0.v      ;
; Altera ; LPM_MUX      ; N/A     ; N/A          ; N/A          ; |SingleCycleDebug|CSA:inst8|lpm_mux0:inst                   ; C:/Users/Arian-FlowX13/Desktop/CA/HW5/SingleCycle/lpm_mux0.v      ;
; Altera ; LPM_MUX      ; N/A     ; N/A          ; N/A          ; |SingleCycleDebug|lpm_mux6:inst20                           ; C:/Users/Arian-FlowX13/Desktop/CA/HW5/SingleCycle/lpm_mux6.v      ;
; Altera ; LPM_MUX      ; N/A     ; N/A          ; N/A          ; |SingleCycleDebug|lpm_mux6:inst21                           ; C:/Users/Arian-FlowX13/Desktop/CA/HW5/SingleCycle/lpm_mux6.v      ;
; Altera ; LPM_MUX      ; N/A     ; N/A          ; N/A          ; |SingleCycleDebug|lpm_mux7:inst22                           ; C:/Users/Arian-FlowX13/Desktop/CA/HW5/SingleCycle/lpm_mux7.v      ;
; Altera ; LPM_CONSTANT ; N/A     ; N/A          ; N/A          ; |SingleCycleDebug|lpm_constant3:inst23                      ; C:/Users/Arian-FlowX13/Desktop/CA/HW5/SingleCycle/lpm_constant3.v ;
; Altera ; LPM_MUX      ; 13.1    ; N/A          ; N/A          ; |SingleCycleDebug|lpm_mux4:inst24                           ; C:/Users/Arian-FlowX13/Desktop/CA/HW5/SingleCycle/lpm_mux4.vhd    ;
; Altera ; LPM_MUX      ; 13.1    ; N/A          ; N/A          ; |SingleCycleDebug|lpm_mux4:inst28                           ; C:/Users/Arian-FlowX13/Desktop/CA/HW5/SingleCycle/lpm_mux4.vhd    ;
; Altera ; LPM_MUX      ; 13.1    ; N/A          ; N/A          ; |SingleCycleDebug|lpm_mux4:inst29                           ; C:/Users/Arian-FlowX13/Desktop/CA/HW5/SingleCycle/lpm_mux4.vhd    ;
; Altera ; LPM_MUX      ; 13.1    ; N/A          ; N/A          ; |SingleCycleDebug|lpm_mux4:inst30                           ; C:/Users/Arian-FlowX13/Desktop/CA/HW5/SingleCycle/lpm_mux4.vhd    ;
; Altera ; LPM_MUX      ; 13.1    ; N/A          ; N/A          ; |SingleCycleDebug|lpm_mux4:inst31                           ; C:/Users/Arian-FlowX13/Desktop/CA/HW5/SingleCycle/lpm_mux4.vhd    ;
; Altera ; LPM_MUX      ; 13.1    ; N/A          ; N/A          ; |SingleCycleDebug|lpm_mux4:inst33                           ; C:/Users/Arian-FlowX13/Desktop/CA/HW5/SingleCycle/lpm_mux4.vhd    ;
; Altera ; LPM_MUX      ; 13.1    ; N/A          ; N/A          ; |SingleCycleDebug|registerfile:inst34|lpm_mux3:inst38       ; C:/Users/Arian-FlowX13/Desktop/CA/HW5/SingleCycle/lpm_mux3.vhd    ;
; Altera ; LPM_MUX      ; 13.1    ; N/A          ; N/A          ; |SingleCycleDebug|registerfile:inst34|lpm_mux3:inst39       ; C:/Users/Arian-FlowX13/Desktop/CA/HW5/SingleCycle/lpm_mux3.vhd    ;
+--------+--------------+---------+--------------+--------------+-------------------------------------------------------------+-------------------------------------------------------------------+


+------------------------------------------------------------------------------------------------------------------------------------------------------------------+
; Registers Removed During Synthesis                                                                                                                               ;
+-------------------------------------------------------------------------------------------------------------------------+----------------------------------------+
; Register name                                                                                                           ; Reason for Removal                     ;
+-------------------------------------------------------------------------------------------------------------------------+----------------------------------------+
; registerfile:inst34|register:inst28|inst1                                                                               ; Stuck at GND due to stuck port clock   ;
; registerfile:inst34|register:inst28|inst2                                                                               ; Stuck at GND due to stuck port clock   ;
; registerfile:inst34|register:inst28|inst3                                                                               ; Stuck at GND due to stuck port clock   ;
; registerfile:inst34|register:inst28|inst6                                                                               ; Stuck at GND due to stuck port clock   ;
; registerfile:inst34|register:inst28|inst7                                                                               ; Stuck at GND due to stuck port clock   ;
; registerfile:inst34|register:inst28|inst4                                                                               ; Stuck at GND due to stuck port clock   ;
; registerfile:inst34|register:inst28|inst5                                                                               ; Stuck at GND due to stuck port clock   ;
; registerfile:inst34|register:inst14|inst                                                                                ; Stuck at GND due to stuck port data_in ;
; registerfile:inst34|register:inst14|inst1                                                                               ; Stuck at GND due to stuck port data_in ;
; registerfile:inst34|register:inst14|inst2                                                                               ; Stuck at GND due to stuck port data_in ;
; registerfile:inst34|register:inst14|inst3                                                                               ; Stuck at GND due to stuck port data_in ;
; registerfile:inst34|register:inst14|inst6                                                                               ; Stuck at GND due to stuck port data_in ;
; registerfile:inst34|register:inst14|inst7                                                                               ; Stuck at GND due to stuck port data_in ;
; registerfile:inst34|register:inst14|inst4                                                                               ; Stuck at GND due to stuck port data_in ;
; registerfile:inst34|register:inst14|inst5                                                                               ; Stuck at GND due to stuck port data_in ;
; ALU:inst|booth:inst8|inst2                                                                                              ; Stuck at GND due to stuck port clock   ;
; ALU:inst|booth:inst8|reg16:inst5|reg4:inst1|inst1                                                                       ; Stuck at GND due to stuck port clock   ;
; ALU:inst|booth:inst8|reg16:inst5|reg4:inst1|inst2                                                                       ; Stuck at GND due to stuck port clock   ;
; ALU:inst|booth:inst8|reg16:inst5|reg4:inst1|inst                                                                        ; Stuck at GND due to stuck port clock   ;
; ALU:inst|booth:inst8|reg16:inst5|reg4:inst3|inst1                                                                       ; Stuck at GND due to stuck port clock   ;
; ALU:inst|booth:inst8|reg16:inst5|reg4:inst3|inst2                                                                       ; Stuck at GND due to stuck port clock   ;
; ALU:inst|booth:inst8|reg16:inst5|reg4:inst3|inst                                                                        ; Stuck at GND due to stuck port clock   ;
; ALU:inst|booth:inst8|reg16:inst5|reg4:inst2|inst1                                                                       ; Stuck at GND due to stuck port clock   ;
; ALU:inst|booth:inst8|reg16:inst5|reg4:inst2|inst2                                                                       ; Stuck at GND due to stuck port clock   ;
; ALU:inst|booth:inst8|reg16:inst5|reg4:inst2|inst                                                                        ; Stuck at GND due to stuck port clock   ;
; ALU:inst|booth:inst8|reg16:inst5|reg4:inst|inst1                                                                        ; Stuck at GND due to stuck port clock   ;
; ALU:inst|booth:inst8|reg16:inst5|reg4:inst|inst2                                                                        ; Stuck at GND due to stuck port clock   ;
; ALU:inst|booth:inst8|reg16:inst5|reg4:inst|inst                                                                         ; Stuck at GND due to stuck port clock   ;
; ALU:inst|booth:inst8|lpm_counter0:inst1|lpm_counter:LPM_COUNTER_component|cntr_r3i:auto_generated|counter_reg_bit[0..3] ; Stuck at GND due to stuck port clock   ;
; registerfile:inst34|register:inst28|inst                                                                                ; Stuck at GND due to stuck port clock   ;
; ALU:inst|booth:inst8|reg4:inst14|inst3                                                                                  ; Stuck at GND due to stuck port clock   ;
; ALU:inst|booth:inst8|reg4:inst14|inst1                                                                                  ; Stuck at GND due to stuck port clock   ;
; ALU:inst|booth:inst8|reg4:inst14|inst2                                                                                  ; Stuck at GND due to stuck port clock   ;
; ALU:inst|booth:inst8|reg4:inst14|inst                                                                                   ; Stuck at GND due to stuck port clock   ;
; ALU:inst|booth:inst8|reg4:inst13|inst3                                                                                  ; Stuck at GND due to stuck port clock   ;
; ALU:inst|booth:inst8|reg4:inst13|inst1                                                                                  ; Stuck at GND due to stuck port clock   ;
; ALU:inst|booth:inst8|reg4:inst13|inst2                                                                                  ; Stuck at GND due to stuck port clock   ;
; ALU:inst|booth:inst8|reg4:inst13|inst                                                                                   ; Stuck at GND due to stuck port clock   ;
; ALU:inst|booth:inst8|reg16:inst5|reg4:inst|inst3                                                                        ; Lost fanout                            ;
; ALU:inst|booth:inst8|reg16:inst5|reg4:inst1|inst3                                                                       ; Lost fanout                            ;
; ALU:inst|booth:inst8|reg16:inst5|reg4:inst3|inst3                                                                       ; Stuck at GND due to stuck port clock   ;
; ALU:inst|booth:inst8|reg16:inst5|reg4:inst2|inst3                                                                       ; Stuck at GND due to stuck port clock   ;
; Total Number of Removed Registers = 45                                                                                  ;                                        ;
+-------------------------------------------------------------------------------------------------------------------------+----------------------------------------+


+----------------------------------------------------------------------------------------------------------------------------------------------------------------------------------------------------------------------------------+
; Removed Registers Triggering Further Register Optimizations                                                                                                                                                                      ;
+----------------------------------------------------------------------------------------------------------------------+-------------------------+---------------------------------------------------------------------------------+
; Register name                                                                                                        ; Reason for Removal      ; Registers Removed due to This Register                                          ;
+----------------------------------------------------------------------------------------------------------------------+-------------------------+---------------------------------------------------------------------------------+
; ALU:inst|booth:inst8|inst2                                                                                           ; Stuck at GND            ; ALU:inst|booth:inst8|reg16:inst5|reg4:inst1|inst1,                              ;
;                                                                                                                      ; due to stuck port clock ; ALU:inst|booth:inst8|reg16:inst5|reg4:inst1|inst2,                              ;
;                                                                                                                      ;                         ; ALU:inst|booth:inst8|reg16:inst5|reg4:inst1|inst,                               ;
;                                                                                                                      ;                         ; ALU:inst|booth:inst8|reg16:inst5|reg4:inst3|inst1,                              ;
;                                                                                                                      ;                         ; ALU:inst|booth:inst8|reg16:inst5|reg4:inst3|inst2,                              ;
;                                                                                                                      ;                         ; ALU:inst|booth:inst8|reg16:inst5|reg4:inst2|inst1,                              ;
;                                                                                                                      ;                         ; ALU:inst|booth:inst8|reg16:inst5|reg4:inst2|inst2,                              ;
;                                                                                                                      ;                         ; ALU:inst|booth:inst8|reg16:inst5|reg4:inst2|inst,                               ;
;                                                                                                                      ;                         ; ALU:inst|booth:inst8|reg16:inst5|reg4:inst|inst1,                               ;
;                                                                                                                      ;                         ; ALU:inst|booth:inst8|reg16:inst5|reg4:inst|inst2,                               ;
;                                                                                                                      ;                         ; ALU:inst|booth:inst8|reg16:inst5|reg4:inst|inst,                                ;
;                                                                                                                      ;                         ; ALU:inst|booth:inst8|reg16:inst5|reg4:inst|inst3,                               ;
;                                                                                                                      ;                         ; ALU:inst|booth:inst8|reg16:inst5|reg4:inst1|inst3,                              ;
;                                                                                                                      ;                         ; ALU:inst|booth:inst8|reg16:inst5|reg4:inst2|inst3                               ;
; ALU:inst|booth:inst8|lpm_counter0:inst1|lpm_counter:LPM_COUNTER_component|cntr_r3i:auto_generated|counter_reg_bit[3] ; Stuck at GND            ; ALU:inst|booth:inst8|reg4:inst14|inst3, ALU:inst|booth:inst8|reg4:inst14|inst1, ;
;                                                                                                                      ; due to stuck port clock ; ALU:inst|booth:inst8|reg4:inst14|inst2, ALU:inst|booth:inst8|reg4:inst14|inst,  ;
;                                                                                                                      ;                         ; ALU:inst|booth:inst8|reg4:inst13|inst3, ALU:inst|booth:inst8|reg4:inst13|inst1, ;
;                                                                                                                      ;                         ; ALU:inst|booth:inst8|reg4:inst13|inst2, ALU:inst|booth:inst8|reg4:inst13|inst   ;
; ALU:inst|booth:inst8|reg16:inst5|reg4:inst3|inst                                                                     ; Stuck at GND            ; ALU:inst|booth:inst8|reg16:inst5|reg4:inst3|inst3                               ;
;                                                                                                                      ; due to stuck port clock ;                                                                                 ;
+----------------------------------------------------------------------------------------------------------------------+-------------------------+---------------------------------------------------------------------------------+


+------------------------------------------------------+
; General Register Statistics                          ;
+----------------------------------------------+-------+
; Statistic                                    ; Value ;
+----------------------------------------------+-------+
; Total registers                              ; 72    ;
; Number of registers using Synchronous Clear  ; 0     ;
; Number of registers using Synchronous Load   ; 0     ;
; Number of registers using Asynchronous Clear ; 0     ;
; Number of registers using Asynchronous Load  ; 0     ;
; Number of registers using Clock Enable       ; 0     ;
; Number of registers using Preset             ; 0     ;
+----------------------------------------------+-------+


+--------------------------------------------------------------------------------------------------------------------------------------------------------------------------------------------------------------------------------+
; Multiplexer Restructuring Statistics (Restructuring Performed)                                                                                                                                                                 ;
+--------------------+-----------+---------------+----------------------+------------------------+------------+------------------------------------------------------------------------------------------------------------------+
; Multiplexer Inputs ; Bus Width ; Baseline Area ; Area if Restructured ; Saving if Restructured ; Registered ; Example Multiplexer Output                                                                                       ;
+--------------------+-----------+---------------+----------------------+------------------------+------------+------------------------------------------------------------------------------------------------------------------+
; 4:1                ; 5 bits    ; 10 ALUTs      ; 10 ALUTs             ; 0 ALUTs                ; Yes        ; |SingleCycleDebug|register:ProgramCounter|inst6                                                                  ;
; 6:1                ; 8 bits    ; 32 ALUTs      ; 32 ALUTs             ; 0 ALUTs                ; Yes        ; |SingleCycleDebug|registerfile:inst34|register:inst29|inst7                                                      ;
; 6:1                ; 8 bits    ; 32 ALUTs      ; 32 ALUTs             ; 0 ALUTs                ; Yes        ; |SingleCycleDebug|registerfile:inst34|register:inst30|inst                                                       ;
; 5:1                ; 3 bits    ; 9 ALUTs       ; 9 ALUTs              ; 0 ALUTs                ; Yes        ; |SingleCycleDebug|register:ProgramCounter|inst                                                                   ;
; 3:1                ; 8 bits    ; 16 ALUTs      ; 16 ALUTs             ; 0 ALUTs                ; No         ; |SingleCycleDebug|lpm_mux4:inst33|lpm_mux:LPM_MUX_component|mux_84e:auto_generated|l1_w2_n0_mux_dataout          ;
; 3:1                ; 5 bits    ; 10 ALUTs      ; 10 ALUTs             ; 0 ALUTs                ; No         ; |SingleCycleDebug|ALU:inst|lpm_mux1:inst10|lpm_mux:LPM_MUX_component|mux_5oc:auto_generated|l3_w4_n0_mux_dataout ;
; 4:1                ; 3 bits    ; 6 ALUTs       ; 6 ALUTs              ; 0 ALUTs                ; No         ; |SingleCycleDebug|ALU:inst|lpm_mux1:inst10|lpm_mux:LPM_MUX_component|mux_5oc:auto_generated|l3_w7_n0_mux_dataout ;
+--------------------+-----------+---------------+----------------------+------------------------+------------+------------------------------------------------------------------------------------------------------------------+


+----------------------------------------------------------------------------------------------------------------------+
; Source assignments for Icache:inst2|LPM_RAM_DQ:inst1|altram:sram|altsyncram:ram_block|altsyncram_vuf1:auto_generated ;
+---------------------------------+--------------------+------+--------------------------------------------------------+
; Assignment                      ; Value              ; From ; To                                                     ;
+---------------------------------+--------------------+------+--------------------------------------------------------+
; OPTIMIZE_POWER_DURING_SYNTHESIS ; NORMAL_COMPILATION ; -    ; -                                                      ;
+---------------------------------+--------------------+------+--------------------------------------------------------+


+--------------------------------------------------------------------------------------------------------------------+
; Source assignments for Dmem:inst4|LPM_RAM_DQ:inst1|altram:sram|altsyncram:ram_block|altsyncram_00e1:auto_generated ;
+---------------------------------+--------------------+------+------------------------------------------------------+
; Assignment                      ; Value              ; From ; To                                                   ;
+---------------------------------+--------------------+------+------------------------------------------------------+
; OPTIMIZE_POWER_DURING_SYNTHESIS ; NORMAL_COMPILATION ; -    ; -                                                    ;
+---------------------------------+--------------------+------+------------------------------------------------------+


+----------------------------------------------------------------------------+
; Parameter Settings for User Entity Instance: Icache:inst2|LPM_RAM_DQ:inst1 ;
+------------------------+-------------+-------------------------------------+
; Parameter Name         ; Value       ; Type                                ;
+------------------------+-------------+-------------------------------------+
; LPM_WIDTH              ; 16          ; Untyped                             ;
; LPM_WIDTHAD            ; 8           ; Untyped                             ;
; LPM_NUMWORDS           ; 256         ; Untyped                             ;
; LPM_INDATA             ; REGISTERED  ; Untyped                             ;
; LPM_ADDRESS_CONTROL    ; REGISTERED  ; Untyped                             ;
; LPM_OUTDATA            ; REGISTERED  ; Untyped                             ;
; LPM_FILE               ; test2.mif   ; Untyped                             ;
; USE_EAB                ; ON          ; Untyped                             ;
; DEVICE_FAMILY          ; Arria II GX ; Untyped                             ;
; CBXI_PARAMETER         ; NOTHING     ; Untyped                             ;
; AUTO_CARRY_CHAINS      ; ON          ; AUTO_CARRY                          ;
; IGNORE_CARRY_BUFFERS   ; OFF         ; IGNORE_CARRY                        ;
; AUTO_CASCADE_CHAINS    ; ON          ; AUTO_CASCADE                        ;
; IGNORE_CASCADE_BUFFERS ; OFF         ; IGNORE_CASCADE                      ;
+------------------------+-------------+-------------------------------------+
Note: In order to hide this table in the UI and the text report file, please set the "Show Parameter Settings in Synthesis Report" option in "Analysis and Synthesis Settings -> More Settings" to "Off".


+----------------------------------------------------------------------------------------+
; Parameter Settings for User Entity Instance: lpm_mux4:inst31|LPM_MUX:LPM_MUX_component ;
+------------------------+-------------+-------------------------------------------------+
; Parameter Name         ; Value       ; Type                                            ;
+------------------------+-------------+-------------------------------------------------+
; AUTO_CARRY_CHAINS      ; ON          ; AUTO_CARRY                                      ;
; IGNORE_CARRY_BUFFERS   ; OFF         ; IGNORE_CARRY                                    ;
; AUTO_CASCADE_CHAINS    ; ON          ; AUTO_CASCADE                                    ;
; IGNORE_CASCADE_BUFFERS ; OFF         ; IGNORE_CASCADE                                  ;
; LPM_WIDTH              ; 8           ; Signed Integer                                  ;
; LPM_SIZE               ; 2           ; Signed Integer                                  ;
; LPM_WIDTHS             ; 1           ; Signed Integer                                  ;
; LPM_PIPELINE           ; 0           ; Signed Integer                                  ;
; CBXI_PARAMETER         ; mux_84e     ; Untyped                                         ;
; DEVICE_FAMILY          ; Arria II GX ; Untyped                                         ;
+------------------------+-------------+-------------------------------------------------+
Note: In order to hide this table in the UI and the text report file, please set the "Show Parameter Settings in Synthesis Report" option in "Analysis and Synthesis Settings -> More Settings" to "Off".


+----------------------------------------------------------------------------------------+
; Parameter Settings for User Entity Instance: lpm_mux4:inst29|LPM_MUX:LPM_MUX_component ;
+------------------------+-------------+-------------------------------------------------+
; Parameter Name         ; Value       ; Type                                            ;
+------------------------+-------------+-------------------------------------------------+
; AUTO_CARRY_CHAINS      ; ON          ; AUTO_CARRY                                      ;
; IGNORE_CARRY_BUFFERS   ; OFF         ; IGNORE_CARRY                                    ;
; AUTO_CASCADE_CHAINS    ; ON          ; AUTO_CASCADE                                    ;
; IGNORE_CASCADE_BUFFERS ; OFF         ; IGNORE_CASCADE                                  ;
; LPM_WIDTH              ; 8           ; Signed Integer                                  ;
; LPM_SIZE               ; 2           ; Signed Integer                                  ;
; LPM_WIDTHS             ; 1           ; Signed Integer                                  ;
; LPM_PIPELINE           ; 0           ; Signed Integer                                  ;
; CBXI_PARAMETER         ; mux_84e     ; Untyped                                         ;
; DEVICE_FAMILY          ; Arria II GX ; Untyped                                         ;
+------------------------+-------------+-------------------------------------------------+
Note: In order to hide this table in the UI and the text report file, please set the "Show Parameter Settings in Synthesis Report" option in "Analysis and Synthesis Settings -> More Settings" to "Off".


+----------------------------------------------------------------------------------------+
; Parameter Settings for User Entity Instance: lpm_mux4:inst30|LPM_MUX:LPM_MUX_component ;
+------------------------+-------------+-------------------------------------------------+
; Parameter Name         ; Value       ; Type                                            ;
+------------------------+-------------+-------------------------------------------------+
; AUTO_CARRY_CHAINS      ; ON          ; AUTO_CARRY                                      ;
; IGNORE_CARRY_BUFFERS   ; OFF         ; IGNORE_CARRY                                    ;
; AUTO_CASCADE_CHAINS    ; ON          ; AUTO_CASCADE                                    ;
; IGNORE_CASCADE_BUFFERS ; OFF         ; IGNORE_CASCADE                                  ;
; LPM_WIDTH              ; 8           ; Signed Integer                                  ;
; LPM_SIZE               ; 2           ; Signed Integer                                  ;
; LPM_WIDTHS             ; 1           ; Signed Integer                                  ;
; LPM_PIPELINE           ; 0           ; Signed Integer                                  ;
; CBXI_PARAMETER         ; mux_84e     ; Untyped                                         ;
; DEVICE_FAMILY          ; Arria II GX ; Untyped                                         ;
+------------------------+-------------+-------------------------------------------------+
Note: In order to hide this table in the UI and the text report file, please set the "Show Parameter Settings in Synthesis Report" option in "Analysis and Synthesis Settings -> More Settings" to "Off".


+------------------------------------------------------------------------------------------------------------------------+
; Parameter Settings for User Entity Instance: ALU:inst|booth:inst8|lpm_counter0:inst1|lpm_counter:LPM_COUNTER_component ;
+------------------------+-------------+---------------------------------------------------------------------------------+
; Parameter Name         ; Value       ; Type                                                                            ;
+------------------------+-------------+---------------------------------------------------------------------------------+
; AUTO_CARRY_CHAINS      ; ON          ; AUTO_CARRY                                                                      ;
; IGNORE_CARRY_BUFFERS   ; OFF         ; IGNORE_CARRY                                                                    ;
; AUTO_CASCADE_CHAINS    ; ON          ; AUTO_CASCADE                                                                    ;
; IGNORE_CASCADE_BUFFERS ; OFF         ; IGNORE_CASCADE                                                                  ;
; LPM_WIDTH              ; 4           ; Signed Integer                                                                  ;
; LPM_DIRECTION          ; UP          ; Untyped                                                                         ;
; LPM_MODULUS            ; 0           ; Untyped                                                                         ;
; LPM_AVALUE             ; UNUSED      ; Untyped                                                                         ;
; LPM_SVALUE             ; UNUSED      ; Untyped                                                                         ;
; LPM_PORT_UPDOWN        ; PORT_UNUSED ; Untyped                                                                         ;
; DEVICE_FAMILY          ; Arria II GX ; Untyped                                                                         ;
; CARRY_CHAIN            ; MANUAL      ; Untyped                                                                         ;
; CARRY_CHAIN_LENGTH     ; 48          ; CARRY_CHAIN_LENGTH                                                              ;
; NOT_GATE_PUSH_BACK     ; ON          ; NOT_GATE_PUSH_BACK                                                              ;
; CARRY_CNT_EN           ; SMART       ; Untyped                                                                         ;
; LABWIDE_SCLR           ; ON          ; Untyped                                                                         ;
; USE_NEW_VERSION        ; TRUE        ; Untyped                                                                         ;
; CBXI_PARAMETER         ; cntr_r3i    ; Untyped                                                                         ;
+------------------------+-------------+---------------------------------------------------------------------------------+
Note: In order to hide this table in the UI and the text report file, please set the "Show Parameter Settings in Synthesis Report" option in "Analysis and Synthesis Settings -> More Settings" to "Off".


+------------------------------------------------------------------------------------------------------------+
; Parameter Settings for User Entity Instance: ALU:inst|booth:inst8|lpm_mux2:inst6|LPM_MUX:LPM_MUX_component ;
+------------------------+-------------+---------------------------------------------------------------------+
; Parameter Name         ; Value       ; Type                                                                ;
+------------------------+-------------+---------------------------------------------------------------------+
; AUTO_CARRY_CHAINS      ; ON          ; AUTO_CARRY                                                          ;
; IGNORE_CARRY_BUFFERS   ; OFF         ; IGNORE_CARRY                                                        ;
; AUTO_CASCADE_CHAINS    ; ON          ; AUTO_CASCADE                                                        ;
; IGNORE_CASCADE_BUFFERS ; OFF         ; IGNORE_CASCADE                                                      ;
; LPM_WIDTH              ; 16          ; Signed Integer                                                      ;
; LPM_SIZE               ; 2           ; Signed Integer                                                      ;
; LPM_WIDTHS             ; 1           ; Signed Integer                                                      ;
; LPM_PIPELINE           ; 0           ; Untyped                                                             ;
; CBXI_PARAMETER         ; mux_cpc     ; Untyped                                                             ;
; DEVICE_FAMILY          ; Arria II GX ; Untyped                                                             ;
+------------------------+-------------+---------------------------------------------------------------------+
Note: In order to hide this table in the UI and the text report file, please set the "Show Parameter Settings in Synthesis Report" option in "Analysis and Synthesis Settings -> More Settings" to "Off".


+----------------------------------------------------------------------------------------------------------------------------+
; Parameter Settings for User Entity Instance: ALU:inst|booth:inst8|lpm_constant0:inst11|lpm_constant:LPM_CONSTANT_component ;
+--------------------+------------------+------------------------------------------------------------------------------------+
; Parameter Name     ; Value            ; Type                                                                               ;
+--------------------+------------------+------------------------------------------------------------------------------------+
; LPM_WIDTH          ; 8                ; Signed Integer                                                                     ;
; LPM_CVALUE         ; 0                ; Signed Integer                                                                     ;
; ENABLE_RUNTIME_MOD ; NO               ; Untyped                                                                            ;
; CBXI_PARAMETER     ; lpm_constant_qf6 ; Untyped                                                                            ;
+--------------------+------------------+------------------------------------------------------------------------------------+
Note: In order to hide this table in the UI and the text report file, please set the "Show Parameter Settings in Synthesis Report" option in "Analysis and Synthesis Settings -> More Settings" to "Off".


+------------------------------------------------------------------------------------------------------------------------+
; Parameter Settings for User Entity Instance: ALU:inst|booth:inst8|lpm_add_sub0:inst9|lpm_add_sub:LPM_ADD_SUB_component ;
+------------------------+-------------+---------------------------------------------------------------------------------+
; Parameter Name         ; Value       ; Type                                                                            ;
+------------------------+-------------+---------------------------------------------------------------------------------+
; LPM_WIDTH              ; 8           ; Signed Integer                                                                  ;
; LPM_REPRESENTATION     ; SIGNED      ; Untyped                                                                         ;
; LPM_DIRECTION          ; ADD         ; Untyped                                                                         ;
; ONE_INPUT_IS_CONSTANT  ; NO          ; Untyped                                                                         ;
; LPM_PIPELINE           ; 0           ; Untyped                                                                         ;
; MAXIMIZE_SPEED         ; 5           ; Untyped                                                                         ;
; REGISTERED_AT_END      ; 0           ; Untyped                                                                         ;
; OPTIMIZE_FOR_SPEED     ; 5           ; Untyped                                                                         ;
; USE_CS_BUFFERS         ; 1           ; Untyped                                                                         ;
; CARRY_CHAIN            ; MANUAL      ; Untyped                                                                         ;
; CARRY_CHAIN_LENGTH     ; 48          ; CARRY_CHAIN_LENGTH                                                              ;
; DEVICE_FAMILY          ; Arria II GX ; Untyped                                                                         ;
; USE_WYS                ; OFF         ; Untyped                                                                         ;
; STYLE                  ; FAST        ; Untyped                                                                         ;
; CBXI_PARAMETER         ; add_sub_aeh ; Untyped                                                                         ;
; AUTO_CARRY_CHAINS      ; ON          ; AUTO_CARRY                                                                      ;
; IGNORE_CARRY_BUFFERS   ; OFF         ; IGNORE_CARRY                                                                    ;
; AUTO_CASCADE_CHAINS    ; ON          ; AUTO_CASCADE                                                                    ;
; IGNORE_CASCADE_BUFFERS ; OFF         ; IGNORE_CASCADE                                                                  ;
+------------------------+-------------+---------------------------------------------------------------------------------+
Note: In order to hide this table in the UI and the text report file, please set the "Show Parameter Settings in Synthesis Report" option in "Analysis and Synthesis Settings -> More Settings" to "Off".


+-------------------------------------------------------------------------------------------------------------------------+
; Parameter Settings for User Entity Instance: ALU:inst|booth:inst8|lpm_add_sub1:inst10|lpm_add_sub:LPM_ADD_SUB_component ;
+------------------------+-------------+----------------------------------------------------------------------------------+
; Parameter Name         ; Value       ; Type                                                                             ;
+------------------------+-------------+----------------------------------------------------------------------------------+
; LPM_WIDTH              ; 8           ; Signed Integer                                                                   ;
; LPM_REPRESENTATION     ; SIGNED      ; Untyped                                                                          ;
; LPM_DIRECTION          ; SUB         ; Untyped                                                                          ;
; ONE_INPUT_IS_CONSTANT  ; NO          ; Untyped                                                                          ;
; LPM_PIPELINE           ; 0           ; Untyped                                                                          ;
; MAXIMIZE_SPEED         ; 5           ; Untyped                                                                          ;
; REGISTERED_AT_END      ; 0           ; Untyped                                                                          ;
; OPTIMIZE_FOR_SPEED     ; 5           ; Untyped                                                                          ;
; USE_CS_BUFFERS         ; 1           ; Untyped                                                                          ;
; CARRY_CHAIN            ; MANUAL      ; Untyped                                                                          ;
; CARRY_CHAIN_LENGTH     ; 48          ; CARRY_CHAIN_LENGTH                                                               ;
; DEVICE_FAMILY          ; Arria II GX ; Untyped                                                                          ;
; USE_WYS                ; OFF         ; Untyped                                                                          ;
; STYLE                  ; FAST        ; Untyped                                                                          ;
; CBXI_PARAMETER         ; add_sub_bfh ; Untyped                                                                          ;
; AUTO_CARRY_CHAINS      ; ON          ; AUTO_CARRY                                                                       ;
; IGNORE_CARRY_BUFFERS   ; OFF         ; IGNORE_CARRY                                                                     ;
; AUTO_CASCADE_CHAINS    ; ON          ; AUTO_CASCADE                                                                     ;
; IGNORE_CASCADE_BUFFERS ; OFF         ; IGNORE_CASCADE                                                                   ;
+------------------------+-------------+----------------------------------------------------------------------------------+
Note: In order to hide this table in the UI and the text report file, please set the "Show Parameter Settings in Synthesis Report" option in "Analysis and Synthesis Settings -> More Settings" to "Off".


+-------------------------------------------------------------------------------------------------+
; Parameter Settings for User Entity Instance: ALU:inst|lpm_mux1:inst10|LPM_MUX:LPM_MUX_component ;
+------------------------+-------------+----------------------------------------------------------+
; Parameter Name         ; Value       ; Type                                                     ;
+------------------------+-------------+----------------------------------------------------------+
; AUTO_CARRY_CHAINS      ; ON          ; AUTO_CARRY                                               ;
; IGNORE_CARRY_BUFFERS   ; OFF         ; IGNORE_CARRY                                             ;
; AUTO_CASCADE_CHAINS    ; ON          ; AUTO_CASCADE                                             ;
; IGNORE_CASCADE_BUFFERS ; OFF         ; IGNORE_CASCADE                                           ;
; LPM_WIDTH              ; 8           ; Signed Integer                                           ;
; LPM_SIZE               ; 8           ; Signed Integer                                           ;
; LPM_WIDTHS             ; 3           ; Signed Integer                                           ;
; LPM_PIPELINE           ; 0           ; Untyped                                                  ;
; CBXI_PARAMETER         ; mux_5oc     ; Untyped                                                  ;
; DEVICE_FAMILY          ; Arria II GX ; Untyped                                                  ;
+------------------------+-------------+----------------------------------------------------------+
Note: In order to hide this table in the UI and the text report file, please set the "Show Parameter Settings in Synthesis Report" option in "Analysis and Synthesis Settings -> More Settings" to "Off".


+---------------------------------------------------------------------------------------------------------+
; Parameter Settings for User Entity Instance: ALU:inst|CSA:inst4|lpm_mux0:inst|LPM_MUX:LPM_MUX_component ;
+------------------------+-------------+------------------------------------------------------------------+
; Parameter Name         ; Value       ; Type                                                             ;
+------------------------+-------------+------------------------------------------------------------------+
; AUTO_CARRY_CHAINS      ; ON          ; AUTO_CARRY                                                       ;
; IGNORE_CARRY_BUFFERS   ; OFF         ; IGNORE_CARRY                                                     ;
; AUTO_CASCADE_CHAINS    ; ON          ; AUTO_CASCADE                                                     ;
; IGNORE_CASCADE_BUFFERS ; OFF         ; IGNORE_CASCADE                                                   ;
; LPM_WIDTH              ; 4           ; Signed Integer                                                   ;
; LPM_SIZE               ; 2           ; Signed Integer                                                   ;
; LPM_WIDTHS             ; 1           ; Signed Integer                                                   ;
; LPM_PIPELINE           ; 0           ; Untyped                                                          ;
; CBXI_PARAMETER         ; mux_pnc     ; Untyped                                                          ;
; DEVICE_FAMILY          ; Arria II GX ; Untyped                                                          ;
+------------------------+-------------+------------------------------------------------------------------+
Note: In order to hide this table in the UI and the text report file, please set the "Show Parameter Settings in Synthesis Report" option in "Analysis and Synthesis Settings -> More Settings" to "Off".


+----------------------------------------------------------------------------------------------------------------+
; Parameter Settings for User Entity Instance: ALU:inst|lpm_constant0:inst12|lpm_constant:LPM_CONSTANT_component ;
+--------------------+------------------+------------------------------------------------------------------------+
; Parameter Name     ; Value            ; Type                                                                   ;
+--------------------+------------------+------------------------------------------------------------------------+
; LPM_WIDTH          ; 8                ; Signed Integer                                                         ;
; LPM_CVALUE         ; 0                ; Signed Integer                                                         ;
; ENABLE_RUNTIME_MOD ; NO               ; Untyped                                                                ;
; CBXI_PARAMETER     ; lpm_constant_qf6 ; Untyped                                                                ;
+--------------------+------------------+------------------------------------------------------------------------+
Note: In order to hide this table in the UI and the text report file, please set the "Show Parameter Settings in Synthesis Report" option in "Analysis and Synthesis Settings -> More Settings" to "Off".


+------------------------------------------------------------------------------------------------------------+
; Parameter Settings for User Entity Instance: registerfile:inst34|lpm_mux3:inst38|LPM_MUX:LPM_MUX_component ;
+------------------------+-------------+---------------------------------------------------------------------+
; Parameter Name         ; Value       ; Type                                                                ;
+------------------------+-------------+---------------------------------------------------------------------+
; AUTO_CARRY_CHAINS      ; ON          ; AUTO_CARRY                                                          ;
; IGNORE_CARRY_BUFFERS   ; OFF         ; IGNORE_CARRY                                                        ;
; AUTO_CASCADE_CHAINS    ; ON          ; AUTO_CASCADE                                                        ;
; IGNORE_CASCADE_BUFFERS ; OFF         ; IGNORE_CASCADE                                                      ;
; LPM_WIDTH              ; 8           ; Signed Integer                                                      ;
; LPM_SIZE               ; 8           ; Signed Integer                                                      ;
; LPM_WIDTHS             ; 3           ; Signed Integer                                                      ;
; LPM_PIPELINE           ; 0           ; Signed Integer                                                      ;
; CBXI_PARAMETER         ; mux_g4e     ; Untyped                                                             ;
; DEVICE_FAMILY          ; Arria II GX ; Untyped                                                             ;
+------------------------+-------------+---------------------------------------------------------------------+
Note: In order to hide this table in the UI and the text report file, please set the "Show Parameter Settings in Synthesis Report" option in "Analysis and Synthesis Settings -> More Settings" to "Off".


+------------------------------------------------------------------------------------------------------------+
; Parameter Settings for User Entity Instance: registerfile:inst34|lpm_mux3:inst39|LPM_MUX:LPM_MUX_component ;
+------------------------+-------------+---------------------------------------------------------------------+
; Parameter Name         ; Value       ; Type                                                                ;
+------------------------+-------------+---------------------------------------------------------------------+
; AUTO_CARRY_CHAINS      ; ON          ; AUTO_CARRY                                                          ;
; IGNORE_CARRY_BUFFERS   ; OFF         ; IGNORE_CARRY                                                        ;
; AUTO_CASCADE_CHAINS    ; ON          ; AUTO_CASCADE                                                        ;
; IGNORE_CASCADE_BUFFERS ; OFF         ; IGNORE_CASCADE                                                      ;
; LPM_WIDTH              ; 8           ; Signed Integer                                                      ;
; LPM_SIZE               ; 8           ; Signed Integer                                                      ;
; LPM_WIDTHS             ; 3           ; Signed Integer                                                      ;
; LPM_PIPELINE           ; 0           ; Signed Integer                                                      ;
; CBXI_PARAMETER         ; mux_g4e     ; Untyped                                                             ;
; DEVICE_FAMILY          ; Arria II GX ; Untyped                                                             ;
+------------------------+-------------+---------------------------------------------------------------------+
Note: In order to hide this table in the UI and the text report file, please set the "Show Parameter Settings in Synthesis Report" option in "Analysis and Synthesis Settings -> More Settings" to "Off".


+----------------------------------------------------------------------------------------+
; Parameter Settings for User Entity Instance: lpm_mux4:inst33|LPM_MUX:LPM_MUX_component ;
+------------------------+-------------+-------------------------------------------------+
; Parameter Name         ; Value       ; Type                                            ;
+------------------------+-------------+-------------------------------------------------+
; AUTO_CARRY_CHAINS      ; ON          ; AUTO_CARRY                                      ;
; IGNORE_CARRY_BUFFERS   ; OFF         ; IGNORE_CARRY                                    ;
; AUTO_CASCADE_CHAINS    ; ON          ; AUTO_CASCADE                                    ;
; IGNORE_CASCADE_BUFFERS ; OFF         ; IGNORE_CASCADE                                  ;
; LPM_WIDTH              ; 8           ; Signed Integer                                  ;
; LPM_SIZE               ; 2           ; Signed Integer                                  ;
; LPM_WIDTHS             ; 1           ; Signed Integer                                  ;
; LPM_PIPELINE           ; 0           ; Signed Integer                                  ;
; CBXI_PARAMETER         ; mux_84e     ; Untyped                                         ;
; DEVICE_FAMILY          ; Arria II GX ; Untyped                                         ;
+------------------------+-------------+-------------------------------------------------+
Note: In order to hide this table in the UI and the text report file, please set the "Show Parameter Settings in Synthesis Report" option in "Analysis and Synthesis Settings -> More Settings" to "Off".


+----------------------------------------------------------------------------------------+
; Parameter Settings for User Entity Instance: lpm_mux4:inst28|LPM_MUX:LPM_MUX_component ;
+------------------------+-------------+-------------------------------------------------+
; Parameter Name         ; Value       ; Type                                            ;
+------------------------+-------------+-------------------------------------------------+
; AUTO_CARRY_CHAINS      ; ON          ; AUTO_CARRY                                      ;
; IGNORE_CARRY_BUFFERS   ; OFF         ; IGNORE_CARRY                                    ;
; AUTO_CASCADE_CHAINS    ; ON          ; AUTO_CASCADE                                    ;
; IGNORE_CASCADE_BUFFERS ; OFF         ; IGNORE_CASCADE                                  ;
; LPM_WIDTH              ; 8           ; Signed Integer                                  ;
; LPM_SIZE               ; 2           ; Signed Integer                                  ;
; LPM_WIDTHS             ; 1           ; Signed Integer                                  ;
; LPM_PIPELINE           ; 0           ; Signed Integer                                  ;
; CBXI_PARAMETER         ; mux_84e     ; Untyped                                         ;
; DEVICE_FAMILY          ; Arria II GX ; Untyped                                         ;
+------------------------+-------------+-------------------------------------------------+
Note: In order to hide this table in the UI and the text report file, please set the "Show Parameter Settings in Synthesis Report" option in "Analysis and Synthesis Settings -> More Settings" to "Off".


+--------------------------------------------------------------------------+
; Parameter Settings for User Entity Instance: Dmem:inst4|LPM_RAM_DQ:inst1 ;
+------------------------+-------------+-----------------------------------+
; Parameter Name         ; Value       ; Type                              ;
+------------------------+-------------+-----------------------------------+
; LPM_WIDTH              ; 8           ; Untyped                           ;
; LPM_WIDTHAD            ; 8           ; Untyped                           ;
; LPM_NUMWORDS           ; 256         ; Untyped                           ;
; LPM_INDATA             ; REGISTERED  ; Untyped                           ;
; LPM_ADDRESS_CONTROL    ; REGISTERED  ; Untyped                           ;
; LPM_OUTDATA            ; REGISTERED  ; Untyped                           ;
; LPM_FILE               ; UNUSED      ; Untyped                           ;
; USE_EAB                ; ON          ; Untyped                           ;
; DEVICE_FAMILY          ; Arria II GX ; Untyped                           ;
; CBXI_PARAMETER         ; NOTHING     ; Untyped                           ;
; AUTO_CARRY_CHAINS      ; ON          ; AUTO_CARRY                        ;
; IGNORE_CARRY_BUFFERS   ; OFF         ; IGNORE_CARRY                      ;
; AUTO_CASCADE_CHAINS    ; ON          ; AUTO_CASCADE                      ;
; IGNORE_CASCADE_BUFFERS ; OFF         ; IGNORE_CASCADE                    ;
+------------------------+-------------+-----------------------------------+
Note: In order to hide this table in the UI and the text report file, please set the "Show Parameter Settings in Synthesis Report" option in "Analysis and Synthesis Settings -> More Settings" to "Off".


+------------------------------------------------------------------------------------------------+
; Parameter Settings for User Entity Instance: CSA:inst7|lpm_mux0:inst|LPM_MUX:LPM_MUX_component ;
+------------------------+-------------+---------------------------------------------------------+
; Parameter Name         ; Value       ; Type                                                    ;
+------------------------+-------------+---------------------------------------------------------+
; AUTO_CARRY_CHAINS      ; ON          ; AUTO_CARRY                                              ;
; IGNORE_CARRY_BUFFERS   ; OFF         ; IGNORE_CARRY                                            ;
; AUTO_CASCADE_CHAINS    ; ON          ; AUTO_CASCADE                                            ;
; IGNORE_CASCADE_BUFFERS ; OFF         ; IGNORE_CASCADE                                          ;
; LPM_WIDTH              ; 4           ; Signed Integer                                          ;
; LPM_SIZE               ; 2           ; Signed Integer                                          ;
; LPM_WIDTHS             ; 1           ; Signed Integer                                          ;
; LPM_PIPELINE           ; 0           ; Untyped                                                 ;
; CBXI_PARAMETER         ; mux_pnc     ; Untyped                                                 ;
; DEVICE_FAMILY          ; Arria II GX ; Untyped                                                 ;
+------------------------+-------------+---------------------------------------------------------+
Note: In order to hide this table in the UI and the text report file, please set the "Show Parameter Settings in Synthesis Report" option in "Analysis and Synthesis Settings -> More Settings" to "Off".


+------------------------------------------------------------------------------------------------------+
; Parameter Settings for User Entity Instance: lpm_constant1:inst1|lpm_constant:LPM_CONSTANT_component ;
+--------------------+------------------+--------------------------------------------------------------+
; Parameter Name     ; Value            ; Type                                                         ;
+--------------------+------------------+--------------------------------------------------------------+
; LPM_WIDTH          ; 8                ; Signed Integer                                               ;
; LPM_CVALUE         ; 1                ; Signed Integer                                               ;
; ENABLE_RUNTIME_MOD ; NO               ; Untyped                                                      ;
; CBXI_PARAMETER     ; lpm_constant_rf6 ; Untyped                                                      ;
+--------------------+------------------+--------------------------------------------------------------+
Note: In order to hide this table in the UI and the text report file, please set the "Show Parameter Settings in Synthesis Report" option in "Analysis and Synthesis Settings -> More Settings" to "Off".


+----------------------------------------------------------------------------------------+
; Parameter Settings for User Entity Instance: lpm_mux6:inst21|LPM_MUX:LPM_MUX_component ;
+------------------------+-------------+-------------------------------------------------+
; Parameter Name         ; Value       ; Type                                            ;
+------------------------+-------------+-------------------------------------------------+
; AUTO_CARRY_CHAINS      ; ON          ; AUTO_CARRY                                      ;
; IGNORE_CARRY_BUFFERS   ; OFF         ; IGNORE_CARRY                                    ;
; AUTO_CASCADE_CHAINS    ; ON          ; AUTO_CASCADE                                    ;
; IGNORE_CASCADE_BUFFERS ; OFF         ; IGNORE_CASCADE                                  ;
; LPM_WIDTH              ; 3           ; Signed Integer                                  ;
; LPM_SIZE               ; 2           ; Signed Integer                                  ;
; LPM_WIDTHS             ; 1           ; Signed Integer                                  ;
; LPM_PIPELINE           ; 0           ; Untyped                                         ;
; CBXI_PARAMETER         ; mux_onc     ; Untyped                                         ;
; DEVICE_FAMILY          ; Arria II GX ; Untyped                                         ;
+------------------------+-------------+-------------------------------------------------+
Note: In order to hide this table in the UI and the text report file, please set the "Show Parameter Settings in Synthesis Report" option in "Analysis and Synthesis Settings -> More Settings" to "Off".


+----------------------------------------------------------------------------------------+
; Parameter Settings for User Entity Instance: lpm_mux6:inst20|LPM_MUX:LPM_MUX_component ;
+------------------------+-------------+-------------------------------------------------+
; Parameter Name         ; Value       ; Type                                            ;
+------------------------+-------------+-------------------------------------------------+
; AUTO_CARRY_CHAINS      ; ON          ; AUTO_CARRY                                      ;
; IGNORE_CARRY_BUFFERS   ; OFF         ; IGNORE_CARRY                                    ;
; AUTO_CASCADE_CHAINS    ; ON          ; AUTO_CASCADE                                    ;
; IGNORE_CASCADE_BUFFERS ; OFF         ; IGNORE_CASCADE                                  ;
; LPM_WIDTH              ; 3           ; Signed Integer                                  ;
; LPM_SIZE               ; 2           ; Signed Integer                                  ;
; LPM_WIDTHS             ; 1           ; Signed Integer                                  ;
; LPM_PIPELINE           ; 0           ; Untyped                                         ;
; CBXI_PARAMETER         ; mux_onc     ; Untyped                                         ;
; DEVICE_FAMILY          ; Arria II GX ; Untyped                                         ;
+------------------------+-------------+-------------------------------------------------+
Note: In order to hide this table in the UI and the text report file, please set the "Show Parameter Settings in Synthesis Report" option in "Analysis and Synthesis Settings -> More Settings" to "Off".


+----------------------------------------------------------------------------------------+
; Parameter Settings for User Entity Instance: lpm_mux4:inst24|LPM_MUX:LPM_MUX_component ;
+------------------------+-------------+-------------------------------------------------+
; Parameter Name         ; Value       ; Type                                            ;
+------------------------+-------------+-------------------------------------------------+
; AUTO_CARRY_CHAINS      ; ON          ; AUTO_CARRY                                      ;
; IGNORE_CARRY_BUFFERS   ; OFF         ; IGNORE_CARRY                                    ;
; AUTO_CASCADE_CHAINS    ; ON          ; AUTO_CASCADE                                    ;
; IGNORE_CASCADE_BUFFERS ; OFF         ; IGNORE_CASCADE                                  ;
; LPM_WIDTH              ; 8           ; Signed Integer                                  ;
; LPM_SIZE               ; 2           ; Signed Integer                                  ;
; LPM_WIDTHS             ; 1           ; Signed Integer                                  ;
; LPM_PIPELINE           ; 0           ; Signed Integer                                  ;
; CBXI_PARAMETER         ; mux_84e     ; Untyped                                         ;
; DEVICE_FAMILY          ; Arria II GX ; Untyped                                         ;
+------------------------+-------------+-------------------------------------------------+
Note: In order to hide this table in the UI and the text report file, please set the "Show Parameter Settings in Synthesis Report" option in "Analysis and Synthesis Settings -> More Settings" to "Off".


+----------------------------------------------------------------------------------------+
; Parameter Settings for User Entity Instance: lpm_mux7:inst22|LPM_MUX:LPM_MUX_component ;
+------------------------+-------------+-------------------------------------------------+
; Parameter Name         ; Value       ; Type                                            ;
+------------------------+-------------+-------------------------------------------------+
; AUTO_CARRY_CHAINS      ; ON          ; AUTO_CARRY                                      ;
; IGNORE_CARRY_BUFFERS   ; OFF         ; IGNORE_CARRY                                    ;
; AUTO_CASCADE_CHAINS    ; ON          ; AUTO_CASCADE                                    ;
; IGNORE_CASCADE_BUFFERS ; OFF         ; IGNORE_CASCADE                                  ;
; LPM_WIDTH              ; 2           ; Signed Integer                                  ;
; LPM_SIZE               ; 2           ; Signed Integer                                  ;
; LPM_WIDTHS             ; 1           ; Signed Integer                                  ;
; LPM_PIPELINE           ; 0           ; Untyped                                         ;
; CBXI_PARAMETER         ; mux_nnc     ; Untyped                                         ;
; DEVICE_FAMILY          ; Arria II GX ; Untyped                                         ;
+------------------------+-------------+-------------------------------------------------+
Note: In order to hide this table in the UI and the text report file, please set the "Show Parameter Settings in Synthesis Report" option in "Analysis and Synthesis Settings -> More Settings" to "Off".


+-------------------------------------------------------------------------------------------------------+
; Parameter Settings for User Entity Instance: lpm_constant3:inst23|lpm_constant:LPM_CONSTANT_component ;
+--------------------+------------------+---------------------------------------------------------------+
; Parameter Name     ; Value            ; Type                                                          ;
+--------------------+------------------+---------------------------------------------------------------+
; LPM_WIDTH          ; 2                ; Signed Integer                                                ;
; LPM_CVALUE         ; 0                ; Signed Integer                                                ;
; ENABLE_RUNTIME_MOD ; NO               ; Untyped                                                       ;
; CBXI_PARAMETER     ; lpm_constant_4e6 ; Untyped                                                       ;
+--------------------+------------------+---------------------------------------------------------------+
Note: In order to hide this table in the UI and the text report file, please set the "Show Parameter Settings in Synthesis Report" option in "Analysis and Synthesis Settings -> More Settings" to "Off".


+-------------------------------------------------------------------------------------------------------+
; Parameter Settings for User Entity Instance: ALUcontrol:inst3|lpm_mux5:inst|LPM_MUX:LPM_MUX_component ;
+------------------------+-------------+----------------------------------------------------------------+
; Parameter Name         ; Value       ; Type                                                           ;
+------------------------+-------------+----------------------------------------------------------------+
; AUTO_CARRY_CHAINS      ; ON          ; AUTO_CARRY                                                     ;
; IGNORE_CARRY_BUFFERS   ; OFF         ; IGNORE_CARRY                                                   ;
; AUTO_CASCADE_CHAINS    ; ON          ; AUTO_CASCADE                                                   ;
; IGNORE_CASCADE_BUFFERS ; OFF         ; IGNORE_CASCADE                                                 ;
; LPM_WIDTH              ; 3           ; Signed Integer                                                 ;
; LPM_SIZE               ; 4           ; Signed Integer                                                 ;
; LPM_WIDTHS             ; 2           ; Signed Integer                                                 ;
; LPM_PIPELINE           ; 0           ; Untyped                                                        ;
; CBXI_PARAMETER         ; mux_rnc     ; Untyped                                                        ;
; DEVICE_FAMILY          ; Arria II GX ; Untyped                                                        ;
+------------------------+-------------+----------------------------------------------------------------+
Note: In order to hide this table in the UI and the text report file, please set the "Show Parameter Settings in Synthesis Report" option in "Analysis and Synthesis Settings -> More Settings" to "Off".


+-----------------------------------------------------------------------------------------------------------------------+
; Parameter Settings for User Entity Instance: ALUcontrol:inst3|lpm_constant2:inst2|lpm_constant:LPM_CONSTANT_component ;
+--------------------+------------------+-------------------------------------------------------------------------------+
; Parameter Name     ; Value            ; Type                                                                          ;
+--------------------+------------------+-------------------------------------------------------------------------------+
; LPM_WIDTH          ; 3                ; Signed Integer                                                                ;
; LPM_CVALUE         ; 0                ; Signed Integer                                                                ;
; ENABLE_RUNTIME_MOD ; NO               ; Untyped                                                                       ;
; CBXI_PARAMETER     ; lpm_constant_5e6 ; Untyped                                                                       ;
+--------------------+------------------+-------------------------------------------------------------------------------+
Note: In order to hide this table in the UI and the text report file, please set the "Show Parameter Settings in Synthesis Report" option in "Analysis and Synthesis Settings -> More Settings" to "Off".


+------------------------------------------------------------------------------------------------+
; Parameter Settings for User Entity Instance: CSA:inst8|lpm_mux0:inst|LPM_MUX:LPM_MUX_component ;
+------------------------+-------------+---------------------------------------------------------+
; Parameter Name         ; Value       ; Type                                                    ;
+------------------------+-------------+---------------------------------------------------------+
; AUTO_CARRY_CHAINS      ; ON          ; AUTO_CARRY                                              ;
; IGNORE_CARRY_BUFFERS   ; OFF         ; IGNORE_CARRY                                            ;
; AUTO_CASCADE_CHAINS    ; ON          ; AUTO_CASCADE                                            ;
; IGNORE_CASCADE_BUFFERS ; OFF         ; IGNORE_CASCADE                                          ;
; LPM_WIDTH              ; 4           ; Signed Integer                                          ;
; LPM_SIZE               ; 2           ; Signed Integer                                          ;
; LPM_WIDTHS             ; 1           ; Signed Integer                                          ;
; LPM_PIPELINE           ; 0           ; Untyped                                                 ;
; CBXI_PARAMETER         ; mux_pnc     ; Untyped                                                 ;
; DEVICE_FAMILY          ; Arria II GX ; Untyped                                                 ;
+------------------------+-------------+---------------------------------------------------------+
Note: In order to hide this table in the UI and the text report file, please set the "Show Parameter Settings in Synthesis Report" option in "Analysis and Synthesis Settings -> More Settings" to "Off".


+-------------------------------+
; Elapsed Time Per Partition    ;
+----------------+--------------+
; Partition Name ; Elapsed Time ;
+----------------+--------------+
; Top            ; 00:00:01     ;
+----------------+--------------+


+-------------------------------+
; Analysis & Synthesis Messages ;
+-------------------------------+
Info: *******************************************************************
Info: Running Quartus II 64-Bit Analysis & Synthesis
    Info: Version 13.1.0 Build 162 10/23/2013 SJ Web Edition
    Info: Processing started: Wed Apr 10 01:54:29 2024
Info: Command: quartus_map --read_settings_files=on --write_settings_files=off mips -c mips
Warning (20028): Parallel compilation is not licensed and has been disabled
Info (12021): Found 1 design units, including 1 entities, in source file singlecycledebug.bdf
    Info (12023): Found entity 1: SingleCycleDebug
Info (12021): Found 1 design units, including 1 entities, in source file singlecycle.bdf
    Info (12023): Found entity 1: SingleCycle
Info (12021): Found 1 design units, including 1 entities, in source file csa.bdf
    Info (12023): Found entity 1: CSA
Info (12021): Found 1 design units, including 1 entities, in source file mux4x1_16.bdf
    Info (12023): Found entity 1: mux4x1_16
Info (12021): Found 1 design units, including 1 entities, in source file reg16.bdf
    Info (12023): Found entity 1: reg16
Info (12021): Found 1 design units, including 1 entities, in source file reg4.bdf
    Info (12023): Found entity 1: reg4
Info (12021): Found 1 design units, including 1 entities, in source file or_gate.bdf
    Info (12023): Found entity 1: or_gate
Info (12021): Found 1 design units, including 1 entities, in source file and_gate.bdf
    Info (12023): Found entity 1: and_gate
Info (12021): Found 1 design units, including 1 entities, in source file equal.bdf
    Info (12023): Found entity 1: equal
Info (12021): Found 1 design units, including 1 entities, in source file fulladder.bdf
    Info (12023): Found entity 1: fulladder
Info (12021): Found 1 design units, including 1 entities, in source file booth.bdf
    Info (12023): Found entity 1: booth
Info (12021): Found 1 design units, including 1 entities, in source file xor_gate.bdf
    Info (12023): Found entity 1: xor_gate
Info (12021): Found 1 design units, including 1 entities, in source file alu.bdf
    Info (12023): Found entity 1: ALU
Info (12021): Found 1 design units, including 1 entities, in source file buffer8.bdf
    Info (12023): Found entity 1: buffer8
Info (12021): Found 1 design units, including 1 entities, in source file register.bdf
    Info (12023): Found entity 1: register
Info (12021): Found 2 design units, including 1 entities, in source file lpm_mux3.vhd
    Info (12022): Found design unit 1: lpm_mux3-SYN
    Info (12023): Found entity 1: lpm_mux3
Info (12021): Found 1 design units, including 1 entities, in source file registerfile.bdf
    Info (12023): Found entity 1: registerfile
Info (12021): Found 1 design units, including 1 entities, in source file dmem.bdf
    Info (12023): Found entity 1: Dmem
Info (12021): Found 1 design units, including 1 entities, in source file icache.bdf
    Info (12023): Found entity 1: Icache
Info (12021): Found 1 design units, including 1 entities, in source file control.bdf
    Info (12023): Found entity 1: control
Info (12021): Found 2 design units, including 1 entities, in source file lpm_mux4.vhd
    Info (12022): Found design unit 1: lpm_mux4-SYN
    Info (12023): Found entity 1: lpm_mux4
Info (12021): Found 1 design units, including 1 entities, in source file alucontrol.bdf
    Info (12023): Found entity 1: ALUcontrol
Info (12021): Found 1 design units, including 1 entities, in source file tri_buffer8.bdf
    Info (12023): Found entity 1: tri_buffer8
Info (12021): Found 1 design units, including 1 entities, in source file buffer6.bdf
    Info (12023): Found entity 1: buffer6
Info (12127): Elaborating entity "SingleCycleDebug" for the top level hierarchy
Warning (275011): Block or symbol "CSA" of instance "inst8" overlaps another block or symbol
Warning (275013): Port "clk" of type ALU and instance "inst" is missing source signal
Info (12128): Elaborating entity "control" for hierarchy "control:inst12"
Info (12128): Elaborating entity "Icache" for hierarchy "Icache:inst2"
Warning (275006): Can't find a definition for parameter LPM_FILE -- assuming test2.mif was intended to be a quoted string
Warning (275011): Block or symbol "NOT" of instance "inst3" overlaps another block or symbol
Info (12128): Elaborating entity "LPM_RAM_DQ" for hierarchy "Icache:inst2|LPM_RAM_DQ:inst1"
Info (12130): Elaborated megafunction instantiation "Icache:inst2|LPM_RAM_DQ:inst1"
Info (12133): Instantiated megafunction "Icache:inst2|LPM_RAM_DQ:inst1" with the following parameter:
    Info (12134): Parameter "LPM_ADDRESS_CONTROL" = "REGISTERED"
    Info (12134): Parameter "LPM_FILE" = "test2.mif"
    Info (12134): Parameter "LPM_INDATA" = "REGISTERED"
    Info (12134): Parameter "LPM_OUTDATA" = "REGISTERED"
    Info (12134): Parameter "LPM_WIDTH" = "16"
    Info (12134): Parameter "LPM_WIDTHAD" = "8"
Info (12128): Elaborating entity "altram" for hierarchy "Icache:inst2|LPM_RAM_DQ:inst1|altram:sram"
Warning (287001): Assertion warning: altram does not support Arria II GX device family -- attempting best-case memory conversions, but power-up states and read during write behavior will be different for Arria II GX devices
Info (12131): Elaborated megafunction instantiation "Icache:inst2|LPM_RAM_DQ:inst1|altram:sram", which is child of megafunction instantiation "Icache:inst2|LPM_RAM_DQ:inst1"
Info (12128): Elaborating entity "altsyncram" for hierarchy "Icache:inst2|LPM_RAM_DQ:inst1|altram:sram|altsyncram:ram_block"
Info (12131): Elaborated megafunction instantiation "Icache:inst2|LPM_RAM_DQ:inst1|altram:sram|altsyncram:ram_block", which is child of megafunction instantiation "Icache:inst2|LPM_RAM_DQ:inst1"
Info (12021): Found 1 design units, including 1 entities, in source file db/altsyncram_vuf1.tdf
    Info (12023): Found entity 1: altsyncram_vuf1
Info (12128): Elaborating entity "altsyncram_vuf1" for hierarchy "Icache:inst2|LPM_RAM_DQ:inst1|altram:sram|altsyncram:ram_block|altsyncram_vuf1:auto_generated"
Warning (113028): 5 out of 18 addresses are uninitialized. The Quartus II software will initialize them to "0". There are 2 warnings found, and 2 warnings are reported.
    Warning (113027): Addresses ranging from 0 to 1 are not initialized
    Warning (113027): Addresses ranging from 15 to 17 are not initialized
Critical Warning (127005): Memory depth (256) in the design file differs from memory depth (18) in the Memory Initialization File "C:/Users/Arian-FlowX13/Desktop/CA/HW5/SingleCycle/test2.mif" -- setting initial value for remaining addresses to 0
Info (12128): Elaborating entity "register" for hierarchy "register:ProgramCounter"
Info (12128): Elaborating entity "lpm_mux4" for hierarchy "lpm_mux4:inst31"
Info (12128): Elaborating entity "LPM_MUX" for hierarchy "lpm_mux4:inst31|LPM_MUX:LPM_MUX_component"
Info (12130): Elaborated megafunction instantiation "lpm_mux4:inst31|LPM_MUX:LPM_MUX_component"
Info (12133): Instantiated megafunction "lpm_mux4:inst31|LPM_MUX:LPM_MUX_component" with the following parameter:
    Info (12134): Parameter "LPM_WIDTH" = "8"
    Info (12134): Parameter "LPM_SIZE" = "2"
    Info (12134): Parameter "LPM_WIDTHS" = "1"
    Info (12134): Parameter "LPM_PIPELINE" = "0"
    Info (12134): Parameter "LPM_TYPE" = "LPM_MUX"
    Info (12134): Parameter "LPM_HINT" = "UNUSED"
Info (12021): Found 1 design units, including 1 entities, in source file db/mux_84e.tdf
    Info (12023): Found entity 1: mux_84e
Info (12128): Elaborating entity "mux_84e" for hierarchy "lpm_mux4:inst31|LPM_MUX:LPM_MUX_component|mux_84e:auto_generated"
Info (12128): Elaborating entity "ALU" for hierarchy "ALU:inst"
Info (12128): Elaborating entity "equal" for hierarchy "ALU:inst|equal:inst6"
Info (12128): Elaborating entity "booth" for hierarchy "ALU:inst|booth:inst8"
Warning (12125): Using design file lpm_counter0.v, which is not specified as a design file for the current project, but contains definitions for 1 design units and 1 entities in project
    Info (12023): Found entity 1: lpm_counter0
Info (12128): Elaborating entity "lpm_counter0" for hierarchy "ALU:inst|booth:inst8|lpm_counter0:inst1"
Info (12128): Elaborating entity "lpm_counter" for hierarchy "ALU:inst|booth:inst8|lpm_counter0:inst1|lpm_counter:LPM_COUNTER_component"
Info (12130): Elaborated megafunction instantiation "ALU:inst|booth:inst8|lpm_counter0:inst1|lpm_counter:LPM_COUNTER_component"
Info (12133): Instantiated megafunction "ALU:inst|booth:inst8|lpm_counter0:inst1|lpm_counter:LPM_COUNTER_component" with the following parameter:
    Info (12134): Parameter "lpm_direction" = "UP"
    Info (12134): Parameter "lpm_port_updown" = "PORT_UNUSED"
    Info (12134): Parameter "lpm_type" = "LPM_COUNTER"
    Info (12134): Parameter "lpm_width" = "4"
Info (12021): Found 1 design units, including 1 entities, in source file db/cntr_r3i.tdf
    Info (12023): Found entity 1: cntr_r3i
Info (12128): Elaborating entity "cntr_r3i" for hierarchy "ALU:inst|booth:inst8|lpm_counter0:inst1|lpm_counter:LPM_COUNTER_component|cntr_r3i:auto_generated"
Info (12128): Elaborating entity "reg16" for hierarchy "ALU:inst|booth:inst8|reg16:inst5"
Info (12128): Elaborating entity "reg4" for hierarchy "ALU:inst|booth:inst8|reg16:inst5|reg4:inst"
Warning (12125): Using design file lpm_mux2.v, which is not specified as a design file for the current project, but contains definitions for 1 design units and 1 entities in project
    Info (12023): Found entity 1: lpm_mux2
Info (12128): Elaborating entity "lpm_mux2" for hierarchy "ALU:inst|booth:inst8|lpm_mux2:inst6"
Info (12128): Elaborating entity "LPM_MUX" for hierarchy "ALU:inst|booth:inst8|lpm_mux2:inst6|LPM_MUX:LPM_MUX_component"
Info (12130): Elaborated megafunction instantiation "ALU:inst|booth:inst8|lpm_mux2:inst6|LPM_MUX:LPM_MUX_component"
Info (12133): Instantiated megafunction "ALU:inst|booth:inst8|lpm_mux2:inst6|LPM_MUX:LPM_MUX_component" with the following parameter:
    Info (12134): Parameter "lpm_size" = "2"
    Info (12134): Parameter "lpm_type" = "LPM_MUX"
    Info (12134): Parameter "lpm_width" = "16"
    Info (12134): Parameter "lpm_widths" = "1"
Info (12021): Found 1 design units, including 1 entities, in source file db/mux_cpc.tdf
    Info (12023): Found entity 1: mux_cpc
Info (12128): Elaborating entity "mux_cpc" for hierarchy "ALU:inst|booth:inst8|lpm_mux2:inst6|LPM_MUX:LPM_MUX_component|mux_cpc:auto_generated"
Warning (12125): Using design file lpm_constant0.v, which is not specified as a design file for the current project, but contains definitions for 1 design units and 1 entities in project
    Info (12023): Found entity 1: lpm_constant0
Info (12128): Elaborating entity "lpm_constant0" for hierarchy "ALU:inst|booth:inst8|lpm_constant0:inst11"
Info (12128): Elaborating entity "lpm_constant" for hierarchy "ALU:inst|booth:inst8|lpm_constant0:inst11|lpm_constant:LPM_CONSTANT_component"
Info (12130): Elaborated megafunction instantiation "ALU:inst|booth:inst8|lpm_constant0:inst11|lpm_constant:LPM_CONSTANT_component"
Info (12133): Instantiated megafunction "ALU:inst|booth:inst8|lpm_constant0:inst11|lpm_constant:LPM_CONSTANT_component" with the following parameter:
    Info (12134): Parameter "lpm_cvalue" = "0"
    Info (12134): Parameter "lpm_hint" = "ENABLE_RUNTIME_MOD=NO"
    Info (12134): Parameter "lpm_type" = "LPM_CONSTANT"
    Info (12134): Parameter "lpm_width" = "8"
Info (12128): Elaborating entity "buffer8" for hierarchy "ALU:inst|booth:inst8|buffer8:inst31"
Info (12128): Elaborating entity "mux4x1_16" for hierarchy "ALU:inst|booth:inst8|mux4x1_16:inst18"
Info (12128): Elaborating entity "74153" for hierarchy "ALU:inst|booth:inst8|mux4x1_16:inst18|74153:inst16"
Info (12130): Elaborated megafunction instantiation "ALU:inst|booth:inst8|mux4x1_16:inst18|74153:inst16"
Warning (12125): Using design file lpm_add_sub0.v, which is not specified as a design file for the current project, but contains definitions for 1 design units and 1 entities in project
    Info (12023): Found entity 1: lpm_add_sub0
Info (12128): Elaborating entity "lpm_add_sub0" for hierarchy "ALU:inst|booth:inst8|lpm_add_sub0:inst9"
Info (12128): Elaborating entity "lpm_add_sub" for hierarchy "ALU:inst|booth:inst8|lpm_add_sub0:inst9|lpm_add_sub:LPM_ADD_SUB_component"
Info (12130): Elaborated megafunction instantiation "ALU:inst|booth:inst8|lpm_add_sub0:inst9|lpm_add_sub:LPM_ADD_SUB_component"
Info (12133): Instantiated megafunction "ALU:inst|booth:inst8|lpm_add_sub0:inst9|lpm_add_sub:LPM_ADD_SUB_component" with the following parameter:
    Info (12134): Parameter "lpm_direction" = "ADD"
    Info (12134): Parameter "lpm_hint" = "ONE_INPUT_IS_CONSTANT=NO,CIN_USED=NO"
    Info (12134): Parameter "lpm_representation" = "SIGNED"
    Info (12134): Parameter "lpm_type" = "LPM_ADD_SUB"
    Info (12134): Parameter "lpm_width" = "8"
Info (12021): Found 1 design units, including 1 entities, in source file db/add_sub_aeh.tdf
    Info (12023): Found entity 1: add_sub_aeh
Info (12128): Elaborating entity "add_sub_aeh" for hierarchy "ALU:inst|booth:inst8|lpm_add_sub0:inst9|lpm_add_sub:LPM_ADD_SUB_component|add_sub_aeh:auto_generated"
Warning (12125): Using design file lpm_add_sub1.v, which is not specified as a design file for the current project, but contains definitions for 1 design units and 1 entities in project
    Info (12023): Found entity 1: lpm_add_sub1
Info (12128): Elaborating entity "lpm_add_sub1" for hierarchy "ALU:inst|booth:inst8|lpm_add_sub1:inst10"
Info (12128): Elaborating entity "lpm_add_sub" for hierarchy "ALU:inst|booth:inst8|lpm_add_sub1:inst10|lpm_add_sub:LPM_ADD_SUB_component"
Info (12130): Elaborated megafunction instantiation "ALU:inst|booth:inst8|lpm_add_sub1:inst10|lpm_add_sub:LPM_ADD_SUB_component"
Info (12133): Instantiated megafunction "ALU:inst|booth:inst8|lpm_add_sub1:inst10|lpm_add_sub:LPM_ADD_SUB_component" with the following parameter:
    Info (12134): Parameter "lpm_direction" = "SUB"
    Info (12134): Parameter "lpm_hint" = "ONE_INPUT_IS_CONSTANT=NO,CIN_USED=NO"
    Info (12134): Parameter "lpm_representation" = "SIGNED"
    Info (12134): Parameter "lpm_type" = "LPM_ADD_SUB"
    Info (12134): Parameter "lpm_width" = "8"
Info (12021): Found 1 design units, including 1 entities, in source file db/add_sub_bfh.tdf
    Info (12023): Found entity 1: add_sub_bfh
Info (12128): Elaborating entity "add_sub_bfh" for hierarchy "ALU:inst|booth:inst8|lpm_add_sub1:inst10|lpm_add_sub:LPM_ADD_SUB_component|add_sub_bfh:auto_generated"
Warning (12125): Using design file lpm_mux1.v, which is not specified as a design file for the current project, but contains definitions for 1 design units and 1 entities in project
    Info (12023): Found entity 1: lpm_mux1
Info (12128): Elaborating entity "lpm_mux1" for hierarchy "ALU:inst|lpm_mux1:inst10"
Info (12128): Elaborating entity "LPM_MUX" for hierarchy "ALU:inst|lpm_mux1:inst10|LPM_MUX:LPM_MUX_component"
Info (12130): Elaborated megafunction instantiation "ALU:inst|lpm_mux1:inst10|LPM_MUX:LPM_MUX_component"
Info (12133): Instantiated megafunction "ALU:inst|lpm_mux1:inst10|LPM_MUX:LPM_MUX_component" with the following parameter:
    Info (12134): Parameter "lpm_size" = "8"
    Info (12134): Parameter "lpm_type" = "LPM_MUX"
    Info (12134): Parameter "lpm_width" = "8"
    Info (12134): Parameter "lpm_widths" = "3"
Info (12021): Found 1 design units, including 1 entities, in source file db/mux_5oc.tdf
    Info (12023): Found entity 1: mux_5oc
Info (12128): Elaborating entity "mux_5oc" for hierarchy "ALU:inst|lpm_mux1:inst10|LPM_MUX:LPM_MUX_component|mux_5oc:auto_generated"
Info (12128): Elaborating entity "CSA" for hierarchy "ALU:inst|CSA:inst4"
Warning (275011): Block or symbol "fulladder" of instance "inst2" overlaps another block or symbol
Info (12128): Elaborating entity "fulladder" for hierarchy "ALU:inst|CSA:inst4|fulladder:inst3"
Warning (12125): Using design file lpm_mux0.v, which is not specified as a design file for the current project, but contains definitions for 1 design units and 1 entities in project
    Info (12023): Found entity 1: lpm_mux0
Info (12128): Elaborating entity "lpm_mux0" for hierarchy "ALU:inst|CSA:inst4|lpm_mux0:inst"
Info (12128): Elaborating entity "LPM_MUX" for hierarchy "ALU:inst|CSA:inst4|lpm_mux0:inst|LPM_MUX:LPM_MUX_component"
Info (12130): Elaborated megafunction instantiation "ALU:inst|CSA:inst4|lpm_mux0:inst|LPM_MUX:LPM_MUX_component"
Info (12133): Instantiated megafunction "ALU:inst|CSA:inst4|lpm_mux0:inst|LPM_MUX:LPM_MUX_component" with the following parameter:
    Info (12134): Parameter "lpm_size" = "2"
    Info (12134): Parameter "lpm_type" = "LPM_MUX"
    Info (12134): Parameter "lpm_width" = "4"
    Info (12134): Parameter "lpm_widths" = "1"
Info (12021): Found 1 design units, including 1 entities, in source file db/mux_pnc.tdf
    Info (12023): Found entity 1: mux_pnc
Info (12128): Elaborating entity "mux_pnc" for hierarchy "ALU:inst|CSA:inst4|lpm_mux0:inst|LPM_MUX:LPM_MUX_component|mux_pnc:auto_generated"
Info (12128): Elaborating entity "and_gate" for hierarchy "ALU:inst|and_gate:inst"
Info (12128): Elaborating entity "or_gate" for hierarchy "ALU:inst|or_gate:inst2"
Info (12128): Elaborating entity "xor_gate" for hierarchy "ALU:inst|xor_gate:inst3"
Info (12128): Elaborating entity "registerfile" for hierarchy "registerfile:inst34"
Warning (275011): Block or symbol "NOT" of instance "inst" overlaps another block or symbol
Warning (275011): Block or symbol "NOT" of instance "inst6" overlaps another block or symbol
Warning (275011): Block or symbol "NOT" of instance "inst8" overlaps another block or symbol
Warning (275011): Block or symbol "NOT" of instance "inst10" overlaps another block or symbol
Warning (275011): Block or symbol "GND" of instance "inst33" overlaps another block or symbol
Warning (275011): Block or symbol "GND" of instance "inst34" overlaps another block or symbol
Info (12128): Elaborating entity "lpm_mux3" for hierarchy "registerfile:inst34|lpm_mux3:inst38"
Info (12128): Elaborating entity "LPM_MUX" for hierarchy "registerfile:inst34|lpm_mux3:inst38|LPM_MUX:LPM_MUX_component"
Info (12130): Elaborated megafunction instantiation "registerfile:inst34|lpm_mux3:inst38|LPM_MUX:LPM_MUX_component"
Info (12133): Instantiated megafunction "registerfile:inst34|lpm_mux3:inst38|LPM_MUX:LPM_MUX_component" with the following parameter:
    Info (12134): Parameter "LPM_WIDTH" = "8"
    Info (12134): Parameter "LPM_SIZE" = "8"
    Info (12134): Parameter "LPM_WIDTHS" = "3"
    Info (12134): Parameter "LPM_PIPELINE" = "0"
    Info (12134): Parameter "LPM_TYPE" = "LPM_MUX"
    Info (12134): Parameter "LPM_HINT" = "UNUSED"
Info (12021): Found 1 design units, including 1 entities, in source file db/mux_g4e.tdf
    Info (12023): Found entity 1: mux_g4e
Info (12128): Elaborating entity "mux_g4e" for hierarchy "registerfile:inst34|lpm_mux3:inst38|LPM_MUX:LPM_MUX_component|mux_g4e:auto_generated"
Info (12128): Elaborating entity "74138" for hierarchy "registerfile:inst34|74138:inst35"
Info (12130): Elaborated megafunction instantiation "registerfile:inst34|74138:inst35"
Info (12128): Elaborating entity "Dmem" for hierarchy "Dmem:inst4"
Warning (275011): Block or symbol "NOT" of instance "inst3" overlaps another block or symbol
Info (12128): Elaborating entity "LPM_RAM_DQ" for hierarchy "Dmem:inst4|LPM_RAM_DQ:inst1"
Info (12130): Elaborated megafunction instantiation "Dmem:inst4|LPM_RAM_DQ:inst1"
Info (12133): Instantiated megafunction "Dmem:inst4|LPM_RAM_DQ:inst1" with the following parameter:
    Info (12134): Parameter "LPM_ADDRESS_CONTROL" = "REGISTERED"
    Info (12134): Parameter "LPM_INDATA" = "REGISTERED"
    Info (12134): Parameter "LPM_OUTDATA" = "REGISTERED"
    Info (12134): Parameter "LPM_WIDTH" = "8"
    Info (12134): Parameter "LPM_WIDTHAD" = "8"
Info (12128): Elaborating entity "altram" for hierarchy "Dmem:inst4|LPM_RAM_DQ:inst1|altram:sram"
Warning (287001): Assertion warning: altram does not support Arria II GX device family -- attempting best-case memory conversions, but power-up states and read during write behavior will be different for Arria II GX devices
Info (12131): Elaborated megafunction instantiation "Dmem:inst4|LPM_RAM_DQ:inst1|altram:sram", which is child of megafunction instantiation "Dmem:inst4|LPM_RAM_DQ:inst1"
Info (12128): Elaborating entity "altsyncram" for hierarchy "Dmem:inst4|LPM_RAM_DQ:inst1|altram:sram|altsyncram:ram_block"
Info (12131): Elaborated megafunction instantiation "Dmem:inst4|LPM_RAM_DQ:inst1|altram:sram|altsyncram:ram_block", which is child of megafunction instantiation "Dmem:inst4|LPM_RAM_DQ:inst1"
Info (12021): Found 1 design units, including 1 entities, in source file db/altsyncram_00e1.tdf
    Info (12023): Found entity 1: altsyncram_00e1
Info (12128): Elaborating entity "altsyncram_00e1" for hierarchy "Dmem:inst4|LPM_RAM_DQ:inst1|altram:sram|altsyncram:ram_block|altsyncram_00e1:auto_generated"
Warning (12125): Using design file lpm_constant1.v, which is not specified as a design file for the current project, but contains definitions for 1 design units and 1 entities in project
    Info (12023): Found entity 1: lpm_constant1
Info (12128): Elaborating entity "lpm_constant1" for hierarchy "lpm_constant1:inst1"
Info (12128): Elaborating entity "lpm_constant" for hierarchy "lpm_constant1:inst1|lpm_constant:LPM_CONSTANT_component"
Info (12130): Elaborated megafunction instantiation "lpm_constant1:inst1|lpm_constant:LPM_CONSTANT_component"
Info (12133): Instantiated megafunction "lpm_constant1:inst1|lpm_constant:LPM_CONSTANT_component" with the following parameter:
    Info (12134): Parameter "lpm_cvalue" = "1"
    Info (12134): Parameter "lpm_hint" = "ENABLE_RUNTIME_MOD=NO"
    Info (12134): Parameter "lpm_type" = "LPM_CONSTANT"
    Info (12134): Parameter "lpm_width" = "8"
Warning (12125): Using design file lpm_mux6.v, which is not specified as a design file for the current project, but contains definitions for 1 design units and 1 entities in project
    Info (12023): Found entity 1: lpm_mux6
Info (12128): Elaborating entity "lpm_mux6" for hierarchy "lpm_mux6:inst21"
Info (12128): Elaborating entity "LPM_MUX" for hierarchy "lpm_mux6:inst21|LPM_MUX:LPM_MUX_component"
Info (12130): Elaborated megafunction instantiation "lpm_mux6:inst21|LPM_MUX:LPM_MUX_component"
Info (12133): Instantiated megafunction "lpm_mux6:inst21|LPM_MUX:LPM_MUX_component" with the following parameter:
    Info (12134): Parameter "lpm_size" = "2"
    Info (12134): Parameter "lpm_type" = "LPM_MUX"
    Info (12134): Parameter "lpm_width" = "3"
    Info (12134): Parameter "lpm_widths" = "1"
Info (12021): Found 1 design units, including 1 entities, in source file db/mux_onc.tdf
    Info (12023): Found entity 1: mux_onc
Info (12128): Elaborating entity "mux_onc" for hierarchy "lpm_mux6:inst21|LPM_MUX:LPM_MUX_component|mux_onc:auto_generated"
Warning (12125): Using design file lpm_mux7.v, which is not specified as a design file for the current project, but contains definitions for 1 design units and 1 entities in project
    Info (12023): Found entity 1: lpm_mux7
Info (12128): Elaborating entity "lpm_mux7" for hierarchy "lpm_mux7:inst22"
Info (12128): Elaborating entity "LPM_MUX" for hierarchy "lpm_mux7:inst22|LPM_MUX:LPM_MUX_component"
Info (12130): Elaborated megafunction instantiation "lpm_mux7:inst22|LPM_MUX:LPM_MUX_component"
Info (12133): Instantiated megafunction "lpm_mux7:inst22|LPM_MUX:LPM_MUX_component" with the following parameter:
    Info (12134): Parameter "lpm_size" = "2"
    Info (12134): Parameter "lpm_type" = "LPM_MUX"
    Info (12134): Parameter "lpm_width" = "2"
    Info (12134): Parameter "lpm_widths" = "1"
Info (12021): Found 1 design units, including 1 entities, in source file db/mux_nnc.tdf
    Info (12023): Found entity 1: mux_nnc
Info (12128): Elaborating entity "mux_nnc" for hierarchy "lpm_mux7:inst22|LPM_MUX:LPM_MUX_component|mux_nnc:auto_generated"
Warning (12125): Using design file lpm_constant3.v, which is not specified as a design file for the current project, but contains definitions for 1 design units and 1 entities in project
    Info (12023): Found entity 1: lpm_constant3
Info (12128): Elaborating entity "lpm_constant3" for hierarchy "lpm_constant3:inst23"
Info (12128): Elaborating entity "lpm_constant" for hierarchy "lpm_constant3:inst23|lpm_constant:LPM_CONSTANT_component"
Info (12130): Elaborated megafunction instantiation "lpm_constant3:inst23|lpm_constant:LPM_CONSTANT_component"
Info (12133): Instantiated megafunction "lpm_constant3:inst23|lpm_constant:LPM_CONSTANT_component" with the following parameter:
    Info (12134): Parameter "lpm_cvalue" = "0"
    Info (12134): Parameter "lpm_hint" = "ENABLE_RUNTIME_MOD=NO"
    Info (12134): Parameter "lpm_type" = "LPM_CONSTANT"
    Info (12134): Parameter "lpm_width" = "2"
Info (12128): Elaborating entity "buffer6" for hierarchy "buffer6:inst25"
Info (12128): Elaborating entity "ALUcontrol" for hierarchy "ALUcontrol:inst3"
Warning (12125): Using design file lpm_mux5.v, which is not specified as a design file for the current project, but contains definitions for 1 design units and 1 entities in project
    Info (12023): Found entity 1: lpm_mux5
Info (12128): Elaborating entity "lpm_mux5" for hierarchy "ALUcontrol:inst3|lpm_mux5:inst"
Info (12128): Elaborating entity "LPM_MUX" for hierarchy "ALUcontrol:inst3|lpm_mux5:inst|LPM_MUX:LPM_MUX_component"
Info (12130): Elaborated megafunction instantiation "ALUcontrol:inst3|lpm_mux5:inst|LPM_MUX:LPM_MUX_component"
Info (12133): Instantiated megafunction "ALUcontrol:inst3|lpm_mux5:inst|LPM_MUX:LPM_MUX_component" with the following parameter:
    Info (12134): Parameter "lpm_size" = "4"
    Info (12134): Parameter "lpm_type" = "LPM_MUX"
    Info (12134): Parameter "lpm_width" = "3"
    Info (12134): Parameter "lpm_widths" = "2"
Info (12021): Found 1 design units, including 1 entities, in source file db/mux_rnc.tdf
    Info (12023): Found entity 1: mux_rnc
Info (12128): Elaborating entity "mux_rnc" for hierarchy "ALUcontrol:inst3|lpm_mux5:inst|LPM_MUX:LPM_MUX_component|mux_rnc:auto_generated"
Warning (12125): Using design file lpm_constant2.v, which is not specified as a design file for the current project, but contains definitions for 1 design units and 1 entities in project
    Info (12023): Found entity 1: lpm_constant2
Info (12128): Elaborating entity "lpm_constant2" for hierarchy "ALUcontrol:inst3|lpm_constant2:inst2"
Info (12128): Elaborating entity "lpm_constant" for hierarchy "ALUcontrol:inst3|lpm_constant2:inst2|lpm_constant:LPM_CONSTANT_component"
Info (12130): Elaborated megafunction instantiation "ALUcontrol:inst3|lpm_constant2:inst2|lpm_constant:LPM_CONSTANT_component"
Info (12133): Instantiated megafunction "ALUcontrol:inst3|lpm_constant2:inst2|lpm_constant:LPM_CONSTANT_component" with the following parameter:
    Info (12134): Parameter "lpm_cvalue" = "0"
    Info (12134): Parameter "lpm_hint" = "ENABLE_RUNTIME_MOD=NO"
    Info (12134): Parameter "lpm_type" = "LPM_CONSTANT"
    Info (12134): Parameter "lpm_width" = "3"
Warning (19016): Clock multiplexers are found and protected
    Warning (19017): Found clock multiplexer lpm_mux6:inst21|lpm_mux:LPM_MUX_component|mux_onc:auto_generated|l1_w2_n0_mux_dataout~0
    Warning (19017): Found clock multiplexer lpm_mux6:inst20|lpm_mux:LPM_MUX_component|mux_onc:auto_generated|l1_w2_n0_mux_dataout~0
    Warning (19017): Found clock multiplexer lpm_mux6:inst21|lpm_mux:LPM_MUX_component|mux_onc:auto_generated|l1_w1_n0_mux_dataout~0
    Warning (19017): Found clock multiplexer lpm_mux6:inst20|lpm_mux:LPM_MUX_component|mux_onc:auto_generated|l1_w1_n0_mux_dataout~0
    Warning (19017): Found clock multiplexer lpm_mux6:inst21|lpm_mux:LPM_MUX_component|mux_onc:auto_generated|l1_w0_n0_mux_dataout~0
    Warning (19017): Found clock multiplexer lpm_mux6:inst20|lpm_mux:LPM_MUX_component|mux_onc:auto_generated|l1_w0_n0_mux_dataout~0
Warning (13024): Output pins are stuck at VCC or GND
    Warning (13410): Pin "ALUcontroltest[3]" is stuck at GND
Info (286030): Timing-Driven Synthesis is running
Info (17049): 2 registers lost all their fanouts during netlist optimizations.
Info (16010): Generating hard_block partition "hard_block:auto_generated_inst"
    Info (16011): Adding 0 node(s), including 0 DDIO, 0 PLL, 0 transceiver and 0 LCELL
Info (21057): Implemented 318 device resources after synthesis - the final resource count might be different
    Info (21058): Implemented 4 input pins
    Info (21059): Implemented 82 output pins
    Info (21061): Implemented 208 logic cells
    Info (21064): Implemented 24 RAM segments
Info: Quartus II 64-Bit Analysis & Synthesis was successful. 0 errors, 41 warnings
    Info: Peak virtual memory: 4746 megabytes
    Info: Processing ended: Wed Apr 10 01:54:32 2024
    Info: Elapsed time: 00:00:03
    Info: Total CPU time (on all processors): 00:00:03


