Fitter report for mips
Wed Apr 10 01:54:47 2024
Quartus II 64-Bit Version 13.1.0 Build 162 10/23/2013 SJ Web Edition


---------------------
; Table of Contents ;
---------------------
  1. Legal Notice
  2. Fitter Summary
  3. Fitter Settings
  4. Parallel Compilation
  5. I/O Assignment Warnings
  6. Fitter Netlist Optimizations
  7. Incremental Compilation Preservation Summary
  8. Incremental Compilation Partition Settings
  9. Incremental Compilation Placement Preservation
 10. Pin-Out File
 11. Fitter Resource Usage Summary
 12. Fitter Partition Statistics
 13. Input Pins
 14. Output Pins
 15. Dual Purpose and Dedicated Pins
 16. I/O Bank Usage
 17. All Package Pins
 18. Fitter Resource Utilization by Entity
 19. Delay Chain Summary
 20. Pad To Core Delay Chain Fanout
 21. Control Signals
 22. Global & Other Fast Signals
 23. Non-Global High Fan-Out Signals
 24. Fitter RAM Summary
 25. |SingleCycleDebug|Icache:inst2|lpm_ram_dq:inst1|altram:sram|altsyncram:ram_block|altsyncram_vuf1:auto_generated|ALTSYNCRAM
 26. Routing Usage Summary
 27. LAB Logic Elements
 28. LAB-wide Signals
 29. LAB Signals Sourced
 30. LAB Signals Sourced Out
 31. LAB Distinct Inputs
 32. I/O Rules Summary
 33. I/O Rules Details
 34. I/O Rules Matrix
 35. Fitter Device Options
 36. Operating Settings and Conditions
 37. Estimated Delay Added for Hold Timing Summary
 38. Estimated Delay Added for Hold Timing Details
 39. Fitter Messages
 40. Fitter Suppressed Messages



----------------
; Legal Notice ;
----------------
Copyright (C) 1991-2013 Altera Corporation
Your use of Altera Corporation's design tools, logic functions 
and other software and tools, and its AMPP partner logic 
functions, and any output files from any of the foregoing 
(including device programming or simulation files), and any 
associated documentation or information are expressly subject 
to the terms and conditions of the Altera Program License 
Subscription Agreement, Altera MegaCore Function License 
Agreement, or other applicable license agreement, including, 
without limitation, that your use is for the sole purpose of 
programming logic devices manufactured by Altera and sold by 
Altera or its authorized distributors.  Please refer to the 
applicable agreement for further details.



+--------------------------------------------------------------------------------+
; Fitter Summary                                                                 ;
+-----------------------------------+--------------------------------------------+
; Fitter Status                     ; Successful - Wed Apr 10 01:54:47 2024      ;
; Quartus II 64-Bit Version         ; 13.1.0 Build 162 10/23/2013 SJ Web Edition ;
; Revision Name                     ; mips                                       ;
; Top-level Entity Name             ; SingleCycleDebug                           ;
; Family                            ; Arria II GX                                ;
; Device                            ; EP2AGX45CU17I3                             ;
; Timing Models                     ; Final                                      ;
; Logic utilization                 ; < 1 %                                      ;
;     Combinational ALUTs           ; 164 / 36,100 ( < 1 % )                     ;
;     Memory ALUTs                  ; 0 / 18,050 ( 0 % )                         ;
;     Dedicated logic registers     ; 72 / 36,100 ( < 1 % )                      ;
; Total registers                   ; 72                                         ;
; Total pins                        ; 86 / 176 ( 49 % )                          ;
; Total virtual pins                ; 0                                          ;
; Total block memory bits           ; 6,144 / 2,939,904 ( < 1 % )                ;
; DSP block 18-bit elements         ; 0 / 232 ( 0 % )                            ;
; Total GXB Receiver Channel PCS    ; 0 / 4 ( 0 % )                              ;
; Total GXB Receiver Channel PMA    ; 0 / 4 ( 0 % )                              ;
; Total GXB Transmitter Channel PCS ; 0 / 4 ( 0 % )                              ;
; Total GXB Transmitter Channel PMA ; 0 / 4 ( 0 % )                              ;
; Total PLLs                        ; 0 / 4 ( 0 % )                              ;
; Total DLLs                        ; 0 / 2 ( 0 % )                              ;
+-----------------------------------+--------------------------------------------+


+------------------------------------------------------------------------------------------------------------------------------------------------------------+
; Fitter Settings                                                                                                                                            ;
+----------------------------------------------------------------------------+---------------------------------------+---------------------------------------+
; Option                                                                     ; Setting                               ; Default Value                         ;
+----------------------------------------------------------------------------+---------------------------------------+---------------------------------------+
; Device                                                                     ; AUTO                                  ;                                       ;
; Fit Attempts to Skip                                                       ; 0                                     ; 0.0                                   ;
; Use smart compilation                                                      ; Off                                   ; Off                                   ;
; Enable parallel Assembler and TimeQuest Timing Analyzer during compilation ; On                                    ; On                                    ;
; Enable compact report table                                                ; Off                                   ; Off                                   ;
; Auto Merge PLLs                                                            ; On                                    ; On                                    ;
; Router Timing Optimization Level                                           ; Normal                                ; Normal                                ;
; Perform Clocking Topology Analysis During Routing                          ; Off                                   ; Off                                   ;
; Placement Effort Multiplier                                                ; 1.0                                   ; 1.0                                   ;
; Router Effort Multiplier                                                   ; 1.0                                   ; 1.0                                   ;
; Optimize Hold Timing                                                       ; All Paths                             ; All Paths                             ;
; Optimize Multi-Corner Timing                                               ; On                                    ; On                                    ;
; Auto RAM to MLAB Conversion                                                ; On                                    ; On                                    ;
; Equivalent RAM and MLAB Power Up                                           ; Auto                                  ; Auto                                  ;
; Equivalent RAM and MLAB Paused Read Capabilities                           ; Care                                  ; Care                                  ;
; PowerPlay Power Optimization                                               ; Normal compilation                    ; Normal compilation                    ;
; SSN Optimization                                                           ; Off                                   ; Off                                   ;
; Optimize Timing                                                            ; Normal compilation                    ; Normal compilation                    ;
; Optimize Timing for ECOs                                                   ; Off                                   ; Off                                   ;
; Regenerate full fit report during ECO compiles                             ; Off                                   ; Off                                   ;
; Optimize IOC Register Placement for Timing                                 ; Normal                                ; Normal                                ;
; Limit to One Fitting Attempt                                               ; Off                                   ; Off                                   ;
; Final Placement Optimizations                                              ; Automatically                         ; Automatically                         ;
; Fitter Aggressive Routability Optimizations                                ; Automatically                         ; Automatically                         ;
; Fitter Initial Placement Seed                                              ; 1                                     ; 1                                     ;
; Weak Pull-Up Resistor                                                      ; Off                                   ; Off                                   ;
; Enable Bus-Hold Circuitry                                                  ; Off                                   ; Off                                   ;
; Auto Packed Registers                                                      ; Auto                                  ; Auto                                  ;
; Auto Delay Chains                                                          ; On                                    ; On                                    ;
; Auto Delay Chains for High Fanout Input Pins                               ; Off                                   ; Off                                   ;
; Allow Single-ended Buffer for Differential-XSTL Input                      ; Off                                   ; Off                                   ;
; Treat Bidirectional Pin as Output Pin                                      ; Off                                   ; Off                                   ;
; Perform Physical Synthesis for Combinational Logic for Fitting             ; Off                                   ; Off                                   ;
; Perform Physical Synthesis for Combinational Logic for Performance         ; Off                                   ; Off                                   ;
; Perform Register Duplication for Performance                               ; Off                                   ; Off                                   ;
; Perform Logic to Memory Mapping for Fitting                                ; Off                                   ; Off                                   ;
; Perform Register Retiming for Performance                                  ; Off                                   ; Off                                   ;
; Perform Asynchronous Signal Pipelining                                     ; Off                                   ; Off                                   ;
; Fitter Effort                                                              ; Auto Fit                              ; Auto Fit                              ;
; Physical Synthesis Effort Level                                            ; Normal                                ; Normal                                ;
; Logic Cell Insertion - Logic Duplication                                   ; Auto                                  ; Auto                                  ;
; Auto Register Duplication                                                  ; Auto                                  ; Auto                                  ;
; Auto Global Clock                                                          ; On                                    ; On                                    ;
; Auto Global Register Control Signals                                       ; On                                    ; On                                    ;
; Generate GXB Reconfig MIF                                                  ; Off                                   ; Off                                   ;
; Reserve all unused pins                                                    ; As input tri-stated with weak pull-up ; As input tri-stated with weak pull-up ;
; Synchronizer Identification                                                ; Off                                   ; Off                                   ;
; Enable Beneficial Skew Optimization                                        ; On                                    ; On                                    ;
; Optimize Design for Metastability                                          ; On                                    ; On                                    ;
; Active Serial clock source                                                 ; FREQ_40MHz                            ; FREQ_40MHz                            ;
; Force Fitter to Avoid Periphery Placement Warnings                         ; Off                                   ; Off                                   ;
; Clamping Diode                                                             ; Off                                   ; Off                                   ;
; Enable input tri-state on active configuration pins in user mode           ; Off                                   ; Off                                   ;
+----------------------------------------------------------------------------+---------------------------------------+---------------------------------------+


Parallel compilation was disabled, but you have multiple processors available. Enable parallel compilation to reduce compilation time.
+-------------------------------------+
; Parallel Compilation                ;
+----------------------------+--------+
; Processors                 ; Number ;
+----------------------------+--------+
; Number detected on machine ; 16     ;
; Maximum allowed            ; 1      ;
+----------------------------+--------+


+---------------------------------------------------+
; I/O Assignment Warnings                           ;
+-------------------+-------------------------------+
; Pin Name          ; Reason                        ;
+-------------------+-------------------------------+
; RegWritetest      ; Incomplete set of assignments ;
; IMout[15]         ; Incomplete set of assignments ;
; IMout[14]         ; Incomplete set of assignments ;
; IMout[13]         ; Incomplete set of assignments ;
; IMout[12]         ; Incomplete set of assignments ;
; IMout[11]         ; Incomplete set of assignments ;
; IMout[10]         ; Incomplete set of assignments ;
; IMout[9]          ; Incomplete set of assignments ;
; IMout[8]          ; Incomplete set of assignments ;
; IMout[7]          ; Incomplete set of assignments ;
; IMout[6]          ; Incomplete set of assignments ;
; IMout[5]          ; Incomplete set of assignments ;
; IMout[4]          ; Incomplete set of assignments ;
; IMout[3]          ; Incomplete set of assignments ;
; IMout[2]          ; Incomplete set of assignments ;
; IMout[1]          ; Incomplete set of assignments ;
; IMout[0]          ; Incomplete set of assignments ;
; pc[7]             ; Incomplete set of assignments ;
; pc[6]             ; Incomplete set of assignments ;
; pc[5]             ; Incomplete set of assignments ;
; pc[4]             ; Incomplete set of assignments ;
; pc[3]             ; Incomplete set of assignments ;
; pc[2]             ; Incomplete set of assignments ;
; pc[1]             ; Incomplete set of assignments ;
; pc[0]             ; Incomplete set of assignments ;
; Jump              ; Incomplete set of assignments ;
; branch            ; Incomplete set of assignments ;
; zero              ; Incomplete set of assignments ;
; ALUcontroltest[3] ; Incomplete set of assignments ;
; ALUcontroltest[2] ; Incomplete set of assignments ;
; ALUcontroltest[1] ; Incomplete set of assignments ;
; ALUcontroltest[0] ; Incomplete set of assignments ;
; ALUin1test[7]     ; Incomplete set of assignments ;
; ALUin1test[6]     ; Incomplete set of assignments ;
; ALUin1test[5]     ; Incomplete set of assignments ;
; ALUin1test[4]     ; Incomplete set of assignments ;
; ALUin1test[3]     ; Incomplete set of assignments ;
; ALUin1test[2]     ; Incomplete set of assignments ;
; ALUin1test[1]     ; Incomplete set of assignments ;
; ALUin1test[0]     ; Incomplete set of assignments ;
; ALUin2test[7]     ; Incomplete set of assignments ;
; ALUin2test[6]     ; Incomplete set of assignments ;
; ALUin2test[5]     ; Incomplete set of assignments ;
; ALUin2test[4]     ; Incomplete set of assignments ;
; ALUin2test[3]     ; Incomplete set of assignments ;
; ALUin2test[2]     ; Incomplete set of assignments ;
; ALUin2test[1]     ; Incomplete set of assignments ;
; ALUin2test[0]     ; Incomplete set of assignments ;
; ALUOptest[1]      ; Incomplete set of assignments ;
; ALUOptest[0]      ; Incomplete set of assignments ;
; ALUtest[7]        ; Incomplete set of assignments ;
; ALUtest[6]        ; Incomplete set of assignments ;
; ALUtest[5]        ; Incomplete set of assignments ;
; ALUtest[4]        ; Incomplete set of assignments ;
; ALUtest[3]        ; Incomplete set of assignments ;
; ALUtest[2]        ; Incomplete set of assignments ;
; ALUtest[1]        ; Incomplete set of assignments ;
; ALUtest[0]        ; Incomplete set of assignments ;
; RFdataINtest[7]   ; Incomplete set of assignments ;
; RFdataINtest[6]   ; Incomplete set of assignments ;
; RFdataINtest[5]   ; Incomplete set of assignments ;
; RFdataINtest[4]   ; Incomplete set of assignments ;
; RFdataINtest[3]   ; Incomplete set of assignments ;
; RFdataINtest[2]   ; Incomplete set of assignments ;
; RFdataINtest[1]   ; Incomplete set of assignments ;
; RFdataINtest[0]   ; Incomplete set of assignments ;
; RFout1test[7]     ; Incomplete set of assignments ;
; RFout1test[6]     ; Incomplete set of assignments ;
; RFout1test[5]     ; Incomplete set of assignments ;
; RFout1test[4]     ; Incomplete set of assignments ;
; RFout1test[3]     ; Incomplete set of assignments ;
; RFout1test[2]     ; Incomplete set of assignments ;
; RFout1test[1]     ; Incomplete set of assignments ;
; RFout1test[0]     ; Incomplete set of assignments ;
; RFout2test[7]     ; Incomplete set of assignments ;
; RFout2test[6]     ; Incomplete set of assignments ;
; RFout2test[5]     ; Incomplete set of assignments ;
; RFout2test[4]     ; Incomplete set of assignments ;
; RFout2test[3]     ; Incomplete set of assignments ;
; RFout2test[2]     ; Incomplete set of assignments ;
; RFout2test[1]     ; Incomplete set of assignments ;
; RFout2test[0]     ; Incomplete set of assignments ;
; clk2              ; Incomplete set of assignments ;
; clk1              ; Incomplete set of assignments ;
; clk3              ; Incomplete set of assignments ;
; clk4              ; Incomplete set of assignments ;
+-------------------+-------------------------------+


+----------------------------------------------------------------------------------------------------------------------------------------------------------------------------------------------------------------------------------------------------------------------------------------------------------------------------------------------------------------------------------+
; Fitter Netlist Optimizations                                                                                                                                                                                                                                                                                                                                                     ;
+--------------------------------------------------------------------------------------------------+------------+---------------------------------------------------+--------------------------+-----------+----------------+-----------------------------------------------------------------------------------------------------------+------------------+-----------------------+
; Node                                                                                             ; Action     ; Operation                                         ; Reason                   ; Node Port ; Node Port Name ; Destination Node                                                                                          ; Destination Port ; Destination Port Name ;
+--------------------------------------------------------------------------------------------------+------------+---------------------------------------------------+--------------------------+-----------+----------------+-----------------------------------------------------------------------------------------------------------+------------------+-----------------------+
; ALU:inst|equal:inst6|inst4~0                                                                     ; Duplicated ; Router Logic Cell Insertion and Logic Duplication ; Routability optimization ;           ;                ; ALU:inst|equal:inst6|inst4~0DUPLICATE                                                                     ;                  ;                       ;
; ALU:inst|equal:inst6|inst4~1                                                                     ; Duplicated ; Router Logic Cell Insertion and Logic Duplication ; Routability optimization ;           ;                ; ALU:inst|equal:inst6|inst4~1DUPLICATE                                                                     ;                  ;                       ;
; ALU:inst|lpm_mux1:inst10|lpm_mux:LPM_MUX_component|mux_5oc:auto_generated|l3_w7_n0_mux_dataout~0 ; Duplicated ; Router Logic Cell Insertion and Logic Duplication ; Routability optimization ;           ;                ; ALU:inst|lpm_mux1:inst10|lpm_mux:LPM_MUX_component|mux_5oc:auto_generated|l3_w7_n0_mux_dataout~0DUPLICATE ;                  ;                       ;
; register:ProgramCounter|inst6~0                                                                  ; Duplicated ; Router Logic Cell Insertion and Logic Duplication ; Routability optimization ;           ;                ; register:ProgramCounter|inst6~0DUPLICATE                                                                  ;                  ;                       ;
+--------------------------------------------------------------------------------------------------+------------+---------------------------------------------------+--------------------------+-----------+----------------+-----------------------------------------------------------------------------------------------------------+------------------+-----------------------+


+--------------------------------------------------------------------------------------------------+
; Incremental Compilation Preservation Summary                                                     ;
+---------------------+--------------------+----------------------------+--------------------------+
; Type                ; Total [A + B]      ; From Design Partitions [A] ; From Rapid Recompile [B] ;
+---------------------+--------------------+----------------------------+--------------------------+
; Placement (by node) ;                    ;                            ;                          ;
;     -- Requested    ; 0.00 % ( 0 / 441 ) ; 0.00 % ( 0 / 441 )         ; 0.00 % ( 0 / 441 )       ;
;     -- Achieved     ; 0.00 % ( 0 / 441 ) ; 0.00 % ( 0 / 441 )         ; 0.00 % ( 0 / 441 )       ;
;                     ;                    ;                            ;                          ;
; Routing (by net)    ;                    ;                            ;                          ;
;     -- Requested    ; 0.00 % ( 0 / 0 )   ; 0.00 % ( 0 / 0 )           ; 0.00 % ( 0 / 0 )         ;
;     -- Achieved     ; 0.00 % ( 0 / 0 )   ; 0.00 % ( 0 / 0 )           ; 0.00 % ( 0 / 0 )         ;
+---------------------+--------------------+----------------------------+--------------------------+


+----------------------------------------------------------------------------------------------------------------------------------------------------------------------------------------+
; Incremental Compilation Partition Settings                                                                                                                                             ;
+--------------------------------+----------------+-------------------+-------------------------+------------------------+------------------------------+--------------------------------+
; Partition Name                 ; Partition Type ; Netlist Type Used ; Preservation Level Used ; Netlist Type Requested ; Preservation Level Requested ; Contents                       ;
+--------------------------------+----------------+-------------------+-------------------------+------------------------+------------------------------+--------------------------------+
; Top                            ; User-created   ; Source File       ; N/A                     ; Source File            ; N/A                          ;                                ;
; hard_block:auto_generated_inst ; Auto-generated ; Source File       ; N/A                     ; Source File            ; N/A                          ; hard_block:auto_generated_inst ;
+--------------------------------+----------------+-------------------+-------------------------+------------------------+------------------------------+--------------------------------+


+------------------------------------------------------------------------------------------------------------------------------------+
; Incremental Compilation Placement Preservation                                                                                     ;
+--------------------------------+-----------------------+-------------------------+-------------------+---------------------+-------+
; Partition Name                 ; Preservation Achieved ; Preservation Level Used ; Netlist Type Used ; Preservation Method ; Notes ;
+--------------------------------+-----------------------+-------------------------+-------------------+---------------------+-------+
; Top                            ; 0.00 % ( 0 / 439 )    ; N/A                     ; Source File       ; N/A                 ;       ;
; hard_block:auto_generated_inst ; 0.00 % ( 0 / 2 )      ; N/A                     ; Source File       ; N/A                 ;       ;
+--------------------------------+-----------------------+-------------------------+-------------------+---------------------+-------+


+--------------+
; Pin-Out File ;
+--------------+
The pin-out file can be found in C:/Users/Arian-FlowX13/Desktop/CA/HW5/SingleCycle/output_files/mips.pin.


+------------------------------------------------------------------------------------------------------------------+
; Fitter Resource Usage Summary                                                                                    ;
+-----------------------------------------------------------------------------------+------------------------------+
; Resource                                                                          ; Usage                        ;
+-----------------------------------------------------------------------------------+------------------------------+
; ALUTs Used                                                                        ; 164 / 36,100 ( < 1 % )       ;
;     -- Combinational ALUTs                                                        ; 164 / 36,100 ( < 1 % )       ;
;     -- Memory ALUTs                                                               ; 0 / 18,050 ( 0 % )           ;
;     -- LUT_REGs                                                                   ; 0 / 36,100 ( 0 % )           ;
; Dedicated logic registers                                                         ; 72 / 36,100 ( < 1 % )        ;
;                                                                                   ;                              ;
; Combinational ALUT usage by number of inputs                                      ;                              ;
;     -- 7 input functions                                                          ; 24                           ;
;     -- 6 input functions                                                          ; 33                           ;
;     -- 5 input functions                                                          ; 52                           ;
;     -- 4 input functions                                                          ; 40                           ;
;     -- <=3 input functions                                                        ; 15                           ;
;                                                                                   ;                              ;
; Combinational ALUTs by mode                                                       ;                              ;
;     -- normal mode                                                                ; 140                          ;
;     -- extended LUT mode                                                          ; 24                           ;
;     -- arithmetic mode                                                            ; 0                            ;
;     -- shared arithmetic mode                                                     ; 0                            ;
;                                                                                   ;                              ;
; Logic utilization                                                                 ; 238 / 36,100 ( < 1 % )       ;
;     -- Difficulty Clustering Design                                               ; Low                          ;
;     -- Combinational ALUT/register pairs used in final Placement                  ; 203                          ;
;         -- Combinational with no register                                         ; 131                          ;
;         -- Register only                                                          ; 39                           ;
;         -- Combinational with a register                                          ; 33                           ;
;     -- Estimated pairs recoverable by pairing ALUTs and registers as design grows ; -22                          ;
;     -- Estimated Combinational ALUT/register pairs unavailable                    ; 57                           ;
;         -- Unavailable due to Memory LAB use                                      ; 0                            ;
;         -- Unavailable due to unpartnered 7 LUTs                                  ; 24                           ;
;         -- Unavailable due to unpartnered 6 LUTs                                  ; 25                           ;
;         -- Unavailable due to unpartnered 5 LUTs                                  ; 1                            ;
;         -- Unavailable due to LAB-wide signal conflicts                           ; 7                            ;
;         -- Unavailable due to LAB input limits                                    ; 0                            ;
;                                                                                   ;                              ;
; Total registers*                                                                  ; 72                           ;
;     -- Dedicated logic registers                                                  ; 72 / 36,100 ( < 1 % )        ;
;     -- I/O registers                                                              ; 0 / 912 ( 0 % )              ;
;     -- LUT_REGs                                                                   ; 0                            ;
;                                                                                   ;                              ;
; ALMs:  partially or completely used                                               ; 142 / 18,050 ( < 1 % )       ;
;                                                                                   ;                              ;
; Total LABs:  partially or completely used                                         ; 18 / 1,805 ( < 1 % )         ;
;     -- Logic LABs                                                                 ; 18 / 18 ( 100 % )            ;
;     -- Memory LABs                                                                ; 0 / 18 ( 0 % )               ;
;                                                                                   ;                              ;
; Virtual pins                                                                      ; 0                            ;
; I/O pins                                                                          ; 86 / 176 ( 49 % )            ;
;     -- Clock pins                                                                 ; 2 / 8 ( 25 % )               ;
;     -- Dedicated input pins                                                       ; 0 / 20 ( 0 % )               ;
;                                                                                   ;                              ;
; Global signals                                                                    ; 10                           ;
; M9K blocks                                                                        ; 3 / 319 ( < 1 % )            ;
; Total MLAB memory bits                                                            ; 0                            ;
; Total block memory bits                                                           ; 6,144 / 2,939,904 ( < 1 % )  ;
; Total block memory implementation bits                                            ; 27,648 / 2,939,904 ( < 1 % ) ;
; DSP block 18-bit elements                                                         ; 0 / 232 ( 0 % )              ;
; PLLs                                                                              ; 0 / 4 ( 0 % )                ;
; Global clocks                                                                     ; 10 / 16 ( 63 % )             ;
; Quadrant clocks                                                                   ; 0 / 48 ( 0 % )               ;
; Periphery clocks                                                                  ; 0 / 50 ( 0 % )               ;
; SERDES receivers                                                                  ; 0 / 8 ( 0 % )                ;
; JTAGs                                                                             ; 0 / 1 ( 0 % )                ;
; ASMI blocks                                                                       ; 0 / 1 ( 0 % )                ;
; CRC blocks                                                                        ; 0 / 1 ( 0 % )                ;
; Remote update blocks                                                              ; 0 / 1 ( 0 % )                ;
; GXB Receiver channel PCSs                                                         ; 0 / 4 ( 0 % )                ;
; GXB Receiver channel PMAs                                                         ; 0 / 4 ( 0 % )                ;
; GXB Transmitter channel PCSs                                                      ; 0 / 4 ( 0 % )                ;
; GXB Transmitter channel PMAs                                                      ; 0 / 4 ( 0 % )                ;
; HSSI CMU PLLs                                                                     ; 0 / 2 ( 0 % )                ;
; Impedance control blocks                                                          ; 0 / 3 ( 0 % )                ;
; Average interconnect usage (total/H/V)                                            ; 0% / 0% / 0%                 ;
; Peak interconnect usage (total/H/V)                                               ; 4% / 5% / 2%                 ;
; Maximum fan-out                                                                   ; 235                          ;
; Highest non-global fan-out                                                        ; 34                           ;
; Total fan-out                                                                     ; 1036                         ;
; Average fan-out                                                                   ; 2.39                         ;
+-----------------------------------------------------------------------------------+------------------------------+
*  Register count does not include registers inside RAM blocks or DSP blocks.



+--------------------------------------------------------------------------------------------------------------------------------------------+
; Fitter Partition Statistics                                                                                                                ;
+-----------------------------------------------------------------------------------+-----------------------+--------------------------------+
; Statistic                                                                         ; Top                   ; hard_block:auto_generated_inst ;
+-----------------------------------------------------------------------------------+-----------------------+--------------------------------+
; Difficulty Clustering Region                                                      ; Low                   ; Low                            ;
;                                                                                   ;                       ;                                ;
; Logic utilization                                                                 ; 238 / 36100 ( < 1 % ) ; 0 / 36100 ( 0 % )              ;
;     -- Combinational ALUT/register pairs used in final Placement                  ; 203                   ; 0                              ;
;         -- Combinational with no register                                         ; 131                   ; 0                              ;
;         -- Register only                                                          ; 39                    ; 0                              ;
;         -- Combinational with a register                                          ; 33                    ; 0                              ;
;     -- Estimated pairs recoverable by pairing ALUTs and registers as design grows ; -22                   ; 0                              ;
;     -- Estimated Combinational ALUT/register pairs unavailable                    ; 57                    ; 0                              ;
;         -- Unavailable due to Memory LAB use                                      ; 0                     ; 0                              ;
;         -- Unavailable due to unpartnered 7 LUTs                                  ; 24                    ; 0                              ;
;         -- Unavailable due to unpartnered 6 LUTs                                  ; 25                    ; 0                              ;
;         -- Unavailable due to unpartnered 5 LUTs                                  ; 1                     ; 0                              ;
;         -- Unavailable due to LAB-wide signal conflicts                           ; 7                     ; 0                              ;
;         -- Unavailable due to LAB input limits                                    ; 0                     ; 0                              ;
;                                                                                   ;                       ;                                ;
; ALUTs Used                                                                        ; 164 / 36100 ( < 1 % ) ; 0 / 36100 ( 0 % )              ;
;     -- Combinational ALUTs                                                        ; 164 / 36100 ( < 1 % ) ; 0 / 36100 ( 0 % )              ;
;     -- Memory ALUTs                                                               ; 0 / 18050 ( 0 % )     ; 0 / 18050 ( 0 % )              ;
;     -- LUT_REGs                                                                   ; 0 / 36100 ( 0 % )     ; 0 / 36100 ( 0 % )              ;
; Dedicated logic registers                                                         ; 72 / 36100 ( < 1 % )  ; 0 / 36100 ( 0 % )              ;
;                                                                                   ;                       ;                                ;
; Combinational ALUT usage by number of inputs                                      ;                       ;                                ;
;     -- 7 input functions                                                          ; 24                    ; 0                              ;
;     -- 6 input functions                                                          ; 33                    ; 0                              ;
;     -- 5 input functions                                                          ; 52                    ; 0                              ;
;     -- 4 input functions                                                          ; 40                    ; 0                              ;
;     -- <=3 input functions                                                        ; 15                    ; 0                              ;
;                                                                                   ;                       ;                                ;
; Combinational ALUTs by mode                                                       ;                       ;                                ;
;     -- normal mode                                                                ; 140                   ; 0                              ;
;     -- extended LUT mode                                                          ; 24                    ; 0                              ;
;     -- arithmetic mode                                                            ; 0                     ; 0                              ;
;     -- shared arithmetic mode                                                     ; 0                     ; 0                              ;
;                                                                                   ;                       ;                                ;
; Total registers                                                                   ; 72                    ; 0                              ;
;     -- Dedicated logic registers                                                  ; 72 / 36100 ( < 1 % )  ; 0 / 36100 ( 0 % )              ;
;     -- I/O registers                                                              ; 0                     ; 0                              ;
;     -- LUT_REGs                                                                   ; 0                     ; 0                              ;
;                                                                                   ;                       ;                                ;
; Memory LAB cells by mode                                                          ;                       ;                                ;
;     -- 64-address deep                                                            ; 0                     ; 0                              ;
;     -- 32-address deep                                                            ; 0                     ; 0                              ;
;                                                                                   ;                       ;                                ;
; ALMs:  partially or completely used                                               ; 142 / 18050 ( < 1 % ) ; 0 / 18050 ( 0 % )              ;
;                                                                                   ;                       ;                                ;
; Total LABs:  partially or completely used                                         ; 18 / 1805 ( < 1 % )   ; 0 / 1805 ( 0 % )               ;
;     -- Logic LABs                                                                 ; 18                    ; 0                              ;
;     -- Memory LABs                                                                ; 0                     ; 0                              ;
;                                                                                   ;                       ;                                ;
; Virtual pins                                                                      ; 0                     ; 0                              ;
; I/O pins                                                                          ; 86                    ; 0                              ;
; DSP block 18-bit elements                                                         ; 0 / 232 ( 0 % )       ; 0 / 232 ( 0 % )                ;
; Total block memory bits                                                           ; 6144                  ; 0                              ;
; Total block memory implementation bits                                            ; 27648                 ; 0                              ;
; M9K block                                                                         ; 3 / 319 ( < 1 % )     ; 0 / 319 ( 0 % )                ;
; Clock enable block                                                                ; 10 / 126 ( 7 % )      ; 0 / 126 ( 0 % )                ;
;                                                                                   ;                       ;                                ;
; Connections                                                                       ;                       ;                                ;
;     -- Input Connections                                                          ; 0                     ; 0                              ;
;     -- Registered Input Connections                                               ; 0                     ; 0                              ;
;     -- Output Connections                                                         ; 0                     ; 0                              ;
;     -- Registered Output Connections                                              ; 0                     ; 0                              ;
;                                                                                   ;                       ;                                ;
; Internal Connections                                                              ;                       ;                                ;
;     -- Total Connections                                                          ; 1200                  ; 1                              ;
;     -- Registered Connections                                                     ; 581                   ; 0                              ;
;                                                                                   ;                       ;                                ;
; External Connections                                                              ;                       ;                                ;
;     -- Top                                                                        ; 0                     ; 0                              ;
;     -- hard_block:auto_generated_inst                                             ; 0                     ; 0                              ;
;                                                                                   ;                       ;                                ;
; Partition Interface                                                               ;                       ;                                ;
;     -- Input Ports                                                                ; 4                     ; 0                              ;
;     -- Output Ports                                                               ; 82                    ; 0                              ;
;     -- Bidir Ports                                                                ; 0                     ; 0                              ;
;                                                                                   ;                       ;                                ;
; Registered Ports                                                                  ;                       ;                                ;
;     -- Registered Input Ports                                                     ; 0                     ; 0                              ;
;     -- Registered Output Ports                                                    ; 0                     ; 0                              ;
;                                                                                   ;                       ;                                ;
; Port Connectivity                                                                 ;                       ;                                ;
;     -- Input Ports driven by GND                                                  ; 0                     ; 0                              ;
;     -- Output Ports driven by GND                                                 ; 0                     ; 0                              ;
;     -- Input Ports driven by VCC                                                  ; 0                     ; 0                              ;
;     -- Output Ports driven by VCC                                                 ; 0                     ; 0                              ;
;     -- Input Ports with no Source                                                 ; 0                     ; 0                              ;
;     -- Output Ports with no Source                                                ; 0                     ; 0                              ;
;     -- Input Ports with no Fanout                                                 ; 0                     ; 0                              ;
;     -- Output Ports with no Fanout                                                ; 0                     ; 0                              ;
+-----------------------------------------------------------------------------------+-----------------------+--------------------------------+


+-----------------------------------------------------------------------------------------------------------------------------------------------------------------------------------------------------------------------------------------------------------------------------------------+
; Input Pins                                                                                                                                                                                                                                                                              ;
+------+-------+----------+--------------+--------------+--------------+-----------------------+--------------------+--------+----------------+---------------+-----------------+----------+--------------+--------------+-------------+---------------------------+----------------------+
; Name ; Pin # ; I/O Bank ; X coordinate ; Y coordinate ; Z coordinate ; Combinational Fan-Out ; Registered Fan-Out ; Global ; Input Register ; Power Up High ; PCI I/O Enabled ; Bus Hold ; Weak Pull Up ; I/O Standard ; Termination ; Termination Control Block ; Location assigned by ;
+------+-------+----------+--------------+--------------+--------------+-----------------------+--------------------+--------+----------------+---------------+-----------------+----------+--------------+--------------+-------------+---------------------------+----------------------+
; clk1 ; Y8    ; 4A       ; 26           ; 0            ; 62           ; 8                     ; 0                  ; yes    ; no             ; no            ; no              ; no       ; Off          ; 2.5 V        ; Off         ; --                        ; Fitter               ;
; clk2 ; T10   ; 3A       ; 26           ; 0            ; 31           ; 4                     ; 0                  ; yes    ; no             ; no            ; no              ; no       ; Off          ; 2.5 V        ; Off         ; --                        ; Fitter               ;
; clk3 ; U10   ; 3A       ; 26           ; 0            ; 93           ; 22                    ; 0                  ; yes    ; no             ; no            ; no              ; no       ; Off          ; 2.5 V        ; Off         ; --                        ; Fitter               ;
; clk4 ; W9    ; 4A       ; 26           ; 0            ; 0            ; 2                     ; 0                  ; yes    ; no             ; no            ; no              ; no       ; Off          ; 2.5 V        ; Off         ; --                        ; Fitter               ;
+------+-------+----------+--------------+--------------+--------------+-----------------------+--------------------+--------+----------------+---------------+-----------------+----------+--------------+--------------+-------------+---------------------------+----------------------+


+--------------------------------------------------------------------------------------------------------------------------------------------------------------------------------------------------------------------------------------------------------------------------------------------------------------------------------------------------------------------------------------------------------------------------------------------------------------------+
; Output Pins                                                                                                                                                                                                                                                                                                                                                                                                                                                        ;
+-------------------+-------+----------+--------------+--------------+--------------+-----------------+------------------------+---------------+-----------+-----------------+------------+---------------+----------+--------------+--------------+------------------+-----------------------------------+---------------------------+----------------------------+-----------------------------+----------------------+----------------------+---------------------+
; Name              ; Pin # ; I/O Bank ; X coordinate ; Y coordinate ; Z coordinate ; Output Register ; Output Enable Register ; Power Up High ; Slew Rate ; PCI I/O Enabled ; Open Drain ; TRI Primitive ; Bus Hold ; Weak Pull Up ; I/O Standard ; Current Strength ; Termination                       ; Termination Control Block ; Output Buffer Pre-emphasis ; Voltage Output Differential ; Location assigned by ; Output Enable Source ; Output Enable Group ;
+-------------------+-------+----------+--------------+--------------+--------------+-----------------+------------------------+---------------+-----------+-----------------+------------+---------------+----------+--------------+--------------+------------------+-----------------------------------+---------------------------+----------------------------+-----------------------------+----------------------+----------------------+---------------------+
; ALUOptest[0]      ; A5    ; 7A       ; 31           ; 56           ; 62           ; no              ; no                     ; no            ; 1         ; no              ; no         ; no            ; no       ; Off          ; 2.5 V        ; Default          ; Series 50 Ohm without Calibration ; --                        ; no                         ; no                          ; Fitter               ; -                    ; -                   ;
; ALUOptest[1]      ; W1    ; 4A       ; 33           ; 0            ; 0            ; no              ; no                     ; no            ; 1         ; no              ; no         ; no            ; no       ; Off          ; 2.5 V        ; Default          ; Series 50 Ohm without Calibration ; --                        ; no                         ; no                          ; Fitter               ; -                    ; -                   ;
; ALUcontroltest[0] ; B12   ; 8A       ; 10           ; 56           ; 0            ; no              ; no                     ; no            ; 1         ; no              ; no         ; no            ; no       ; Off          ; 2.5 V        ; Default          ; Series 50 Ohm without Calibration ; --                        ; no                         ; no                          ; Fitter               ; -                    ; -                   ;
; ALUcontroltest[1] ; Y6    ; 4A       ; 30           ; 0            ; 62           ; no              ; no                     ; no            ; 1         ; no              ; no         ; no            ; no       ; Off          ; 2.5 V        ; Default          ; Series 50 Ohm without Calibration ; --                        ; no                         ; no                          ; Fitter               ; -                    ; -                   ;
; ALUcontroltest[2] ; A7    ; 7A       ; 30           ; 56           ; 62           ; no              ; no                     ; no            ; 1         ; no              ; no         ; no            ; no       ; Off          ; 2.5 V        ; Default          ; Series 50 Ohm without Calibration ; --                        ; no                         ; no                          ; Fitter               ; -                    ; -                   ;
; ALUcontroltest[3] ; U3    ; 4A       ; 47           ; 0            ; 31           ; no              ; no                     ; no            ; 1         ; no              ; no         ; no            ; no       ; Off          ; 2.5 V        ; Default          ; Series 50 Ohm without Calibration ; --                        ; no                         ; no                          ; Fitter               ; -                    ; -                   ;
; ALUin1test[0]     ; B1    ; 7A       ; 42           ; 56           ; 62           ; no              ; no                     ; no            ; 1         ; no              ; no         ; no            ; no       ; Off          ; 2.5 V        ; Default          ; Series 50 Ohm without Calibration ; --                        ; no                         ; no                          ; Fitter               ; -                    ; -                   ;
; ALUin1test[1]     ; L4    ; 5A       ; 59           ; 9            ; 0            ; no              ; no                     ; no            ; 1         ; no              ; no         ; no            ; no       ; Off          ; 2.5 V        ; Default          ; Series 50 Ohm without Calibration ; --                        ; no                         ; no                          ; Fitter               ; -                    ; -                   ;
; ALUin1test[2]     ; U2    ; 4A       ; 47           ; 0            ; 0            ; no              ; no                     ; no            ; 1         ; no              ; no         ; no            ; no       ; Off          ; 2.5 V        ; Default          ; Series 50 Ohm without Calibration ; --                        ; no                         ; no                          ; Fitter               ; -                    ; -                   ;
; ALUin1test[3]     ; A1    ; 7A       ; 42           ; 56           ; 0            ; no              ; no                     ; no            ; 1         ; no              ; no         ; no            ; no       ; Off          ; 2.5 V        ; Default          ; Series 50 Ohm without Calibration ; --                        ; no                         ; no                          ; Fitter               ; -                    ; -                   ;
; ALUin1test[4]     ; C9    ; 7A       ; 31           ; 56           ; 31           ; no              ; no                     ; no            ; 1         ; no              ; no         ; no            ; no       ; Off          ; 2.5 V        ; Default          ; Series 50 Ohm without Calibration ; --                        ; no                         ; no                          ; Fitter               ; -                    ; -                   ;
; ALUin1test[5]     ; B4    ; 7A       ; 33           ; 56           ; 0            ; no              ; no                     ; no            ; 1         ; no              ; no         ; no            ; no       ; Off          ; 2.5 V        ; Default          ; Series 50 Ohm without Calibration ; --                        ; no                         ; no                          ; Fitter               ; -                    ; -                   ;
; ALUin1test[6]     ; V6    ; 4A       ; 43           ; 0            ; 93           ; no              ; no                     ; no            ; 1         ; no              ; no         ; no            ; no       ; Off          ; 2.5 V        ; Default          ; Series 50 Ohm without Calibration ; --                        ; no                         ; no                          ; Fitter               ; -                    ; -                   ;
; ALUin1test[7]     ; E7    ; 7A       ; 44           ; 56           ; 31           ; no              ; no                     ; no            ; 1         ; no              ; no         ; no            ; no       ; Off          ; 2.5 V        ; Default          ; Series 50 Ohm without Calibration ; --                        ; no                         ; no                          ; Fitter               ; -                    ; -                   ;
; ALUin2test[0]     ; V5    ; 4A       ; 43           ; 0            ; 31           ; no              ; no                     ; no            ; 1         ; no              ; no         ; no            ; no       ; Off          ; 2.5 V        ; Default          ; Series 50 Ohm without Calibration ; --                        ; no                         ; no                          ; Fitter               ; -                    ; -                   ;
; ALUin2test[1]     ; A6    ; 7A       ; 31           ; 56           ; 0            ; no              ; no                     ; no            ; 1         ; no              ; no         ; no            ; no       ; Off          ; 2.5 V        ; Default          ; Series 50 Ohm without Calibration ; --                        ; no                         ; no                          ; Fitter               ; -                    ; -                   ;
; ALUin2test[2]     ; A15   ; 8A       ; 5            ; 56           ; 62           ; no              ; no                     ; no            ; 1         ; no              ; no         ; no            ; no       ; Off          ; 2.5 V        ; Default          ; Series 50 Ohm without Calibration ; --                        ; no                         ; no                          ; Fitter               ; -                    ; -                   ;
; ALUin2test[3]     ; A12   ; 8A       ; 8            ; 56           ; 93           ; no              ; no                     ; no            ; 1         ; no              ; no         ; no            ; no       ; Off          ; 2.5 V        ; Default          ; Series 50 Ohm without Calibration ; --                        ; no                         ; no                          ; Fitter               ; -                    ; -                   ;
; ALUin2test[4]     ; Y2    ; 4A       ; 32           ; 0            ; 31           ; no              ; no                     ; no            ; 1         ; no              ; no         ; no            ; no       ; Off          ; 2.5 V        ; Default          ; Series 50 Ohm without Calibration ; --                        ; no                         ; no                          ; Fitter               ; -                    ; -                   ;
; ALUin2test[5]     ; Y4    ; 4A       ; 32           ; 0            ; 0            ; no              ; no                     ; no            ; 1         ; no              ; no         ; no            ; no       ; Off          ; 2.5 V        ; Default          ; Series 50 Ohm without Calibration ; --                        ; no                         ; no                          ; Fitter               ; -                    ; -                   ;
; ALUin2test[6]     ; C15   ; 8A       ; 5            ; 56           ; 31           ; no              ; no                     ; no            ; 1         ; no              ; no         ; no            ; no       ; Off          ; 2.5 V        ; Default          ; Series 50 Ohm without Calibration ; --                        ; no                         ; no                          ; Fitter               ; -                    ; -                   ;
; ALUin2test[7]     ; C6    ; 7A       ; 33           ; 56           ; 93           ; no              ; no                     ; no            ; 1         ; no              ; no         ; no            ; no       ; Off          ; 2.5 V        ; Default          ; Series 50 Ohm without Calibration ; --                        ; no                         ; no                          ; Fitter               ; -                    ; -                   ;
; ALUtest[0]        ; Y1    ; 4A       ; 33           ; 0            ; 62           ; no              ; no                     ; no            ; 1         ; no              ; no         ; no            ; no       ; Off          ; 2.5 V        ; Default          ; Series 50 Ohm without Calibration ; --                        ; no                         ; no                          ; Fitter               ; -                    ; -                   ;
; ALUtest[1]        ; G3    ; 6A       ; 59           ; 46           ; 93           ; no              ; no                     ; no            ; 1         ; no              ; no         ; no            ; no       ; Off          ; 2.5 V        ; Default          ; Series 50 Ohm without Calibration ; --                        ; no                         ; no                          ; Fitter               ; -                    ; -                   ;
; ALUtest[2]        ; D7    ; 7A       ; 44           ; 56           ; 93           ; no              ; no                     ; no            ; 1         ; no              ; no         ; no            ; no       ; Off          ; 2.5 V        ; Default          ; Series 50 Ohm without Calibration ; --                        ; no                         ; no                          ; Fitter               ; -                    ; -                   ;
; ALUtest[3]        ; D13   ; 8A       ; 7            ; 56           ; 31           ; no              ; no                     ; no            ; 1         ; no              ; no         ; no            ; no       ; Off          ; 2.5 V        ; Default          ; Series 50 Ohm without Calibration ; --                        ; no                         ; no                          ; Fitter               ; -                    ; -                   ;
; ALUtest[4]        ; D12   ; 8A       ; 7            ; 56           ; 93           ; no              ; no                     ; no            ; 1         ; no              ; no         ; no            ; no       ; Off          ; 2.5 V        ; Default          ; Series 50 Ohm without Calibration ; --                        ; no                         ; no                          ; Fitter               ; -                    ; -                   ;
; ALUtest[5]        ; M5    ; 5A       ; 59           ; 9            ; 31           ; no              ; no                     ; no            ; 1         ; no              ; no         ; no            ; no       ; Off          ; 2.5 V        ; Default          ; Series 50 Ohm without Calibration ; --                        ; no                         ; no                          ; Fitter               ; -                    ; -                   ;
; ALUtest[6]        ; V8    ; 4A       ; 33           ; 0            ; 93           ; no              ; no                     ; no            ; 1         ; no              ; no         ; no            ; no       ; Off          ; 2.5 V        ; Default          ; Series 50 Ohm without Calibration ; --                        ; no                         ; no                          ; Fitter               ; -                    ; -                   ;
; ALUtest[7]        ; V14   ; 3A       ; 5            ; 0            ; 93           ; no              ; no                     ; no            ; 1         ; no              ; no         ; no            ; no       ; Off          ; 2.5 V        ; Default          ; Series 50 Ohm without Calibration ; --                        ; no                         ; no                          ; Fitter               ; -                    ; -                   ;
; IMout[0]          ; B9    ; 7A       ; 28           ; 56           ; 31           ; no              ; no                     ; no            ; 1         ; no              ; no         ; no            ; no       ; Off          ; 2.5 V        ; Default          ; Series 50 Ohm without Calibration ; --                        ; no                         ; no                          ; Fitter               ; -                    ; -                   ;
; IMout[10]         ; A11   ; 8A       ; 10           ; 56           ; 62           ; no              ; no                     ; no            ; 1         ; no              ; no         ; no            ; no       ; Off          ; 2.5 V        ; Default          ; Series 50 Ohm without Calibration ; --                        ; no                         ; no                          ; Fitter               ; -                    ; -                   ;
; IMout[11]         ; B10   ; 7A       ; 30           ; 56           ; 31           ; no              ; no                     ; no            ; 1         ; no              ; no         ; no            ; no       ; Off          ; 2.5 V        ; Default          ; Series 50 Ohm without Calibration ; --                        ; no                         ; no                          ; Fitter               ; -                    ; -                   ;
; IMout[12]         ; U12   ; 3A       ; 11           ; 0            ; 93           ; no              ; no                     ; no            ; 1         ; no              ; no         ; no            ; no       ; Off          ; 2.5 V        ; Default          ; Series 50 Ohm without Calibration ; --                        ; no                         ; no                          ; Fitter               ; -                    ; -                   ;
; IMout[13]         ; W10   ; 3A       ; 11           ; 0            ; 0            ; no              ; no                     ; no            ; 1         ; no              ; no         ; no            ; no       ; Off          ; 2.5 V        ; Default          ; Series 50 Ohm without Calibration ; --                        ; no                         ; no                          ; Fitter               ; -                    ; -                   ;
; IMout[14]         ; A8    ; 7A       ; 28           ; 56           ; 62           ; no              ; no                     ; no            ; 1         ; no              ; no         ; no            ; no       ; Off          ; 2.5 V        ; Default          ; Series 50 Ohm without Calibration ; --                        ; no                         ; no                          ; Fitter               ; -                    ; -                   ;
; IMout[15]         ; U9    ; 4A       ; 33           ; 0            ; 31           ; no              ; no                     ; no            ; 1         ; no              ; no         ; no            ; no       ; Off          ; 2.5 V        ; Default          ; Series 50 Ohm without Calibration ; --                        ; no                         ; no                          ; Fitter               ; -                    ; -                   ;
; IMout[1]          ; B7    ; 7A       ; 28           ; 56           ; 0            ; no              ; no                     ; no            ; 1         ; no              ; no         ; no            ; no       ; Off          ; 2.5 V        ; Default          ; Series 50 Ohm without Calibration ; --                        ; no                         ; no                          ; Fitter               ; -                    ; -                   ;
; IMout[2]          ; W7    ; 4A       ; 29           ; 0            ; 0            ; no              ; no                     ; no            ; 1         ; no              ; no         ; no            ; no       ; Off          ; 2.5 V        ; Default          ; Series 50 Ohm without Calibration ; --                        ; no                         ; no                          ; Fitter               ; -                    ; -                   ;
; IMout[3]          ; V10   ; 4A       ; 29           ; 0            ; 93           ; no              ; no                     ; no            ; 1         ; no              ; no         ; no            ; no       ; Off          ; 2.5 V        ; Default          ; Series 50 Ohm without Calibration ; --                        ; no                         ; no                          ; Fitter               ; -                    ; -                   ;
; IMout[4]          ; A9    ; 7A       ; 28           ; 56           ; 93           ; no              ; no                     ; no            ; 1         ; no              ; no         ; no            ; no       ; Off          ; 2.5 V        ; Default          ; Series 50 Ohm without Calibration ; --                        ; no                         ; no                          ; Fitter               ; -                    ; -                   ;
; IMout[5]          ; Y9    ; 3A       ; 11           ; 0            ; 62           ; no              ; no                     ; no            ; 1         ; no              ; no         ; no            ; no       ; Off          ; 2.5 V        ; Default          ; Series 50 Ohm without Calibration ; --                        ; no                         ; no                          ; Fitter               ; -                    ; -                   ;
; IMout[6]          ; U13   ; 3A       ; 9            ; 0            ; 0            ; no              ; no                     ; no            ; 1         ; no              ; no         ; no            ; no       ; Off          ; 2.5 V        ; Default          ; Series 50 Ohm without Calibration ; --                        ; no                         ; no                          ; Fitter               ; -                    ; -                   ;
; IMout[7]          ; V7    ; 4A       ; 30           ; 0            ; 93           ; no              ; no                     ; no            ; 1         ; no              ; no         ; no            ; no       ; Off          ; 2.5 V        ; Default          ; Series 50 Ohm without Calibration ; --                        ; no                         ; no                          ; Fitter               ; -                    ; -                   ;
; IMout[8]          ; B6    ; 7A       ; 30           ; 56           ; 0            ; no              ; no                     ; no            ; 1         ; no              ; no         ; no            ; no       ; Off          ; 2.5 V        ; Default          ; Series 50 Ohm without Calibration ; --                        ; no                         ; no                          ; Fitter               ; -                    ; -                   ;
; IMout[9]          ; C12   ; 8A       ; 10           ; 56           ; 93           ; no              ; no                     ; no            ; 1         ; no              ; no         ; no            ; no       ; Off          ; 2.5 V        ; Default          ; Series 50 Ohm without Calibration ; --                        ; no                         ; no                          ; Fitter               ; -                    ; -                   ;
; Jump              ; V4    ; 4A       ; 43           ; 0            ; 0            ; no              ; no                     ; no            ; 1         ; no              ; no         ; no            ; no       ; Off          ; 2.5 V        ; Default          ; Series 50 Ohm without Calibration ; --                        ; no                         ; no                          ; Fitter               ; -                    ; -                   ;
; RFdataINtest[0]   ; A13   ; 8A       ; 8            ; 56           ; 62           ; no              ; no                     ; no            ; 1         ; no              ; no         ; no            ; no       ; Off          ; 2.5 V        ; Default          ; Series 50 Ohm without Calibration ; --                        ; no                         ; no                          ; Fitter               ; -                    ; -                   ;
; RFdataINtest[1]   ; D11   ; 8A       ; 10           ; 56           ; 31           ; no              ; no                     ; no            ; 1         ; no              ; no         ; no            ; no       ; Off          ; 2.5 V        ; Default          ; Series 50 Ohm without Calibration ; --                        ; no                         ; no                          ; Fitter               ; -                    ; -                   ;
; RFdataINtest[2]   ; Y13   ; 3A       ; 5            ; 0            ; 62           ; no              ; no                     ; no            ; 1         ; no              ; no         ; no            ; no       ; Off          ; 2.5 V        ; Default          ; Series 50 Ohm without Calibration ; --                        ; no                         ; no                          ; Fitter               ; -                    ; -                   ;
; RFdataINtest[3]   ; U15   ; 3A       ; 7            ; 0            ; 93           ; no              ; no                     ; no            ; 1         ; no              ; no         ; no            ; no       ; Off          ; 2.5 V        ; Default          ; Series 50 Ohm without Calibration ; --                        ; no                         ; no                          ; Fitter               ; -                    ; -                   ;
; RFdataINtest[4]   ; U11   ; 3A       ; 11           ; 0            ; 31           ; no              ; no                     ; no            ; 1         ; no              ; no         ; no            ; no       ; Off          ; 2.5 V        ; Default          ; Series 50 Ohm without Calibration ; --                        ; no                         ; no                          ; Fitter               ; -                    ; -                   ;
; RFdataINtest[5]   ; B13   ; 8A       ; 8            ; 56           ; 31           ; no              ; no                     ; no            ; 1         ; no              ; no         ; no            ; no       ; Off          ; 2.5 V        ; Default          ; Series 50 Ohm without Calibration ; --                        ; no                         ; no                          ; Fitter               ; -                    ; -                   ;
; RFdataINtest[6]   ; Y12   ; 3A       ; 7            ; 0            ; 62           ; no              ; no                     ; no            ; 1         ; no              ; no         ; no            ; no       ; Off          ; 2.5 V        ; Default          ; Series 50 Ohm without Calibration ; --                        ; no                         ; no                          ; Fitter               ; -                    ; -                   ;
; RFdataINtest[7]   ; U14   ; 3A       ; 7            ; 0            ; 31           ; no              ; no                     ; no            ; 1         ; no              ; no         ; no            ; no       ; Off          ; 2.5 V        ; Default          ; Series 50 Ohm without Calibration ; --                        ; no                         ; no                          ; Fitter               ; -                    ; -                   ;
; RFout1test[0]     ; A2    ; 7A       ; 42           ; 56           ; 93           ; no              ; no                     ; no            ; 1         ; no              ; no         ; no            ; no       ; Off          ; 2.5 V        ; Default          ; Series 50 Ohm without Calibration ; --                        ; no                         ; no                          ; Fitter               ; -                    ; -                   ;
; RFout1test[1]     ; L3    ; 5A       ; 59           ; 9            ; 62           ; no              ; no                     ; no            ; 1         ; no              ; no         ; no            ; no       ; Off          ; 2.5 V        ; Default          ; Series 50 Ohm without Calibration ; --                        ; no                         ; no                          ; Fitter               ; -                    ; -                   ;
; RFout1test[2]     ; P6    ; 4A       ; 45           ; 0            ; 31           ; no              ; no                     ; no            ; 1         ; no              ; no         ; no            ; no       ; Off          ; 2.5 V        ; Default          ; Series 50 Ohm without Calibration ; --                        ; no                         ; no                          ; Fitter               ; -                    ; -                   ;
; RFout1test[3]     ; A3    ; 7A       ; 42           ; 56           ; 31           ; no              ; no                     ; no            ; 1         ; no              ; no         ; no            ; no       ; Off          ; 2.5 V        ; Default          ; Series 50 Ohm without Calibration ; --                        ; no                         ; no                          ; Fitter               ; -                    ; -                   ;
; RFout1test[4]     ; C8    ; 7A       ; 31           ; 56           ; 93           ; no              ; no                     ; no            ; 1         ; no              ; no         ; no            ; no       ; Off          ; 2.5 V        ; Default          ; Series 50 Ohm without Calibration ; --                        ; no                         ; no                          ; Fitter               ; -                    ; -                   ;
; RFout1test[5]     ; A4    ; 7A       ; 33           ; 56           ; 62           ; no              ; no                     ; no            ; 1         ; no              ; no         ; no            ; no       ; Off          ; 2.5 V        ; Default          ; Series 50 Ohm without Calibration ; --                        ; no                         ; no                          ; Fitter               ; -                    ; -                   ;
; RFout1test[6]     ; W4    ; 4A       ; 43           ; 0            ; 62           ; no              ; no                     ; no            ; 1         ; no              ; no         ; no            ; no       ; Off          ; 2.5 V        ; Default          ; Series 50 Ohm without Calibration ; --                        ; no                         ; no                          ; Fitter               ; -                    ; -                   ;
; RFout1test[7]     ; C5    ; 7A       ; 44           ; 56           ; 0            ; no              ; no                     ; no            ; 1         ; no              ; no         ; no            ; no       ; Off          ; 2.5 V        ; Default          ; Series 50 Ohm without Calibration ; --                        ; no                         ; no                          ; Fitter               ; -                    ; -                   ;
; RFout2test[0]     ; W13   ; 3A       ; 5            ; 0            ; 0            ; no              ; no                     ; no            ; 1         ; no              ; no         ; no            ; no       ; Off          ; 2.5 V        ; Default          ; Series 50 Ohm without Calibration ; --                        ; no                         ; no                          ; Fitter               ; -                    ; -                   ;
; RFout2test[1]     ; V13   ; 3A       ; 5            ; 0            ; 31           ; no              ; no                     ; no            ; 1         ; no              ; no         ; no            ; no       ; Off          ; 2.5 V        ; Default          ; Series 50 Ohm without Calibration ; --                        ; no                         ; no                          ; Fitter               ; -                    ; -                   ;
; RFout2test[2]     ; C13   ; 8A       ; 7            ; 56           ; 62           ; no              ; no                     ; no            ; 1         ; no              ; no         ; no            ; no       ; Off          ; 2.5 V        ; Default          ; Series 50 Ohm without Calibration ; --                        ; no                         ; no                          ; Fitter               ; -                    ; -                   ;
; RFout2test[3]     ; V12   ; 3A       ; 9            ; 0            ; 62           ; no              ; no                     ; no            ; 1         ; no              ; no         ; no            ; no       ; Off          ; 2.5 V        ; Default          ; Series 50 Ohm without Calibration ; --                        ; no                         ; no                          ; Fitter               ; -                    ; -                   ;
; RFout2test[4]     ; Y10   ; 3A       ; 9            ; 0            ; 31           ; no              ; no                     ; no            ; 1         ; no              ; no         ; no            ; no       ; Off          ; 2.5 V        ; Default          ; Series 50 Ohm without Calibration ; --                        ; no                         ; no                          ; Fitter               ; -                    ; -                   ;
; RFout2test[5]     ; C14   ; 8A       ; 7            ; 56           ; 0            ; no              ; no                     ; no            ; 1         ; no              ; no         ; no            ; no       ; Off          ; 2.5 V        ; Default          ; Series 50 Ohm without Calibration ; --                        ; no                         ; no                          ; Fitter               ; -                    ; -                   ;
; RFout2test[6]     ; A14   ; 8A       ; 8            ; 56           ; 0            ; no              ; no                     ; no            ; 1         ; no              ; no         ; no            ; no       ; Off          ; 2.5 V        ; Default          ; Series 50 Ohm without Calibration ; --                        ; no                         ; no                          ; Fitter               ; -                    ; -                   ;
; RFout2test[7]     ; Y11   ; 3A       ; 9            ; 0            ; 93           ; no              ; no                     ; no            ; 1         ; no              ; no         ; no            ; no       ; Off          ; 2.5 V        ; Default          ; Series 50 Ohm without Calibration ; --                        ; no                         ; no                          ; Fitter               ; -                    ; -                   ;
; RegWritetest      ; V2    ; 4A       ; 45           ; 0            ; 0            ; no              ; no                     ; no            ; 1         ; no              ; no         ; no            ; no       ; Off          ; 2.5 V        ; Default          ; Series 50 Ohm without Calibration ; --                        ; no                         ; no                          ; Fitter               ; -                    ; -                   ;
; branch            ; N4    ; 5A       ; 59           ; 9            ; 93           ; no              ; no                     ; no            ; 1         ; no              ; no         ; no            ; no       ; Off          ; 2.5 V        ; Default          ; Series 50 Ohm without Calibration ; --                        ; no                         ; no                          ; Fitter               ; -                    ; -                   ;
; pc[0]             ; W6    ; 4A       ; 30           ; 0            ; 0            ; no              ; no                     ; no            ; 1         ; no              ; no         ; no            ; no       ; Off          ; 2.5 V        ; Default          ; Series 50 Ohm without Calibration ; --                        ; no                         ; no                          ; Fitter               ; -                    ; -                   ;
; pc[1]             ; Y7    ; 4A       ; 29           ; 0            ; 62           ; no              ; no                     ; no            ; 1         ; no              ; no         ; no            ; no       ; Off          ; 2.5 V        ; Default          ; Series 50 Ohm without Calibration ; --                        ; no                         ; no                          ; Fitter               ; -                    ; -                   ;
; pc[2]             ; A10   ; 7A       ; 30           ; 56           ; 93           ; no              ; no                     ; no            ; 1         ; no              ; no         ; no            ; no       ; Off          ; 2.5 V        ; Default          ; Series 50 Ohm without Calibration ; --                        ; no                         ; no                          ; Fitter               ; -                    ; -                   ;
; pc[3]             ; V9    ; 4A       ; 29           ; 0            ; 31           ; no              ; no                     ; no            ; 1         ; no              ; no         ; no            ; no       ; Off          ; 2.5 V        ; Default          ; Series 50 Ohm without Calibration ; --                        ; no                         ; no                          ; Fitter               ; -                    ; -                   ;
; pc[4]             ; Y5    ; 4A       ; 32           ; 0            ; 62           ; no              ; no                     ; no            ; 1         ; no              ; no         ; no            ; no       ; Off          ; 2.5 V        ; Default          ; Series 50 Ohm without Calibration ; --                        ; no                         ; no                          ; Fitter               ; -                    ; -                   ;
; pc[5]             ; U7    ; 4A       ; 30           ; 0            ; 31           ; no              ; no                     ; no            ; 1         ; no              ; no         ; no            ; no       ; Off          ; 2.5 V        ; Default          ; Series 50 Ohm without Calibration ; --                        ; no                         ; no                          ; Fitter               ; -                    ; -                   ;
; pc[6]             ; C7    ; 7A       ; 33           ; 56           ; 31           ; no              ; no                     ; no            ; 1         ; no              ; no         ; no            ; no       ; Off          ; 2.5 V        ; Default          ; Series 50 Ohm without Calibration ; --                        ; no                         ; no                          ; Fitter               ; -                    ; -                   ;
; pc[7]             ; Y3    ; 4A       ; 32           ; 0            ; 93           ; no              ; no                     ; no            ; 1         ; no              ; no         ; no            ; no       ; Off          ; 2.5 V        ; Default          ; Series 50 Ohm without Calibration ; --                        ; no                         ; no                          ; Fitter               ; -                    ; -                   ;
; zero              ; C4    ; 7A       ; 44           ; 56           ; 62           ; no              ; no                     ; no            ; 1         ; no              ; no         ; no            ; no       ; Off          ; 2.5 V        ; Default          ; Series 50 Ohm without Calibration ; --                        ; no                         ; no                          ; Fitter               ; -                    ; -                   ;
+-------------------+-------+----------+--------------+--------------+--------------+-----------------+------------------------+---------------+-----------+-----------------+------------+---------------+----------+--------------+--------------+------------------+-----------------------------------+---------------------------+----------------------------+-----------------------------+----------------------+----------------------+---------------------+


+-----------------------------------------------------------------------------------------------------------------------------+
; Dual Purpose and Dedicated Pins                                                                                             ;
+----------+------------------------------------------+------------------------+------------------+---------------------------+
; Location ; Pin Name                                 ; Reserved As            ; User Signal Name ; Pin Type                  ;
+----------+------------------------------------------+------------------------+------------------+---------------------------+
; M17      ; nCONFIG                                  ; -                      ; -                ; Dedicated Programming Pin ;
; N17      ; CONF_DONE                                ; -                      ; -                ; Dedicated Programming Pin ;
; U16      ; MSEL3                                    ; -                      ; -                ; Dedicated Programming Pin ;
; R16      ; MSEL2                                    ; -                      ; -                ; Dedicated Programming Pin ;
; P17      ; MSEL1                                    ; -                      ; -                ; Dedicated Programming Pin ;
; R18      ; MSEL0                                    ; -                      ; -                ; Dedicated Programming Pin ;
; V16      ; nSTATUS                                  ; -                      ; -                ; Dedicated Programming Pin ;
; L17      ; nIO_PULLUP                               ; -                      ; -                ; Dedicated Programming Pin ;
; K18      ; nCE                                      ; -                      ; -                ; Dedicated Programming Pin ;
; W13      ; DIFFIO_RX_B1p, DIFFOUT_B1p, INIT_DONE    ; Use as regular IO      ; RFout2test[0]    ; Dual Purpose Pin          ;
; W12      ; DIFFIO_RX_B2p, DIFFOUT_B2p, nCEO         ; Use as programming pin ; ~ALTERA_nCEO~    ; Dual Purpose Pin          ;
; G3       ; DIFFIO_TX_R29n, DIFFIN_R29n, DQ2R, DATA7 ; Use as regular IO      ; ALUtest[1]       ; Dual Purpose Pin          ;
; C16      ; ASDO                                     ; -                      ; -                ; Dedicated Programming Pin ;
; E18      ; nCSO                                     ; -                      ; -                ; Dedicated Programming Pin ;
; G17      ; DATA0                                    ; -                      ; -                ; Dedicated Programming Pin ;
; K17      ; DCLK                                     ; -                      ; -                ; Dedicated Programming Pin ;
+----------+------------------------------------------+------------------------+------------------+---------------------------+


+----------------------------------------------------------------------------+
; I/O Bank Usage                                                             ;
+----------+------------------+---------------+--------------+---------------+
; I/O Bank ; Usage            ; VCCIO Voltage ; VREF Voltage ; VCCPD Voltage ;
+----------+------------------+---------------+--------------+---------------+
; QL1      ; 0 / 0 ( -- )     ; --            ; --           ; --            ;
; QL0      ; 0 / 20 ( 0 % )   ; --            ; --           ; --            ;
; 3C       ; 0 / 0 ( -- )     ; 2.5V          ; --           ; 2.5V          ;
; 3A       ; 18 / 22 ( 82 % ) ; 2.5V          ; --           ; 2.5V          ;
; 4A       ; 26 / 38 ( 68 % ) ; 2.5V          ; --           ; 2.5V          ;
; 5A       ; 4 / 18 ( 22 % )  ; 2.5V          ; --           ; 2.5V          ;
; 6A       ; 1 / 18 ( 6 % )   ; 2.5V          ; --           ; 2.5V          ;
; 7A       ; 24 / 38 ( 63 % ) ; 2.5V          ; --           ; 2.5V          ;
; 8A       ; 14 / 22 ( 64 % ) ; 2.5V          ; --           ; 2.5V          ;
; 8C       ; 0 / 0 ( -- )     ; 2.5V          ; --           ; 2.5V          ;
+----------+------------------+---------------+--------------+---------------+


+--------------------------------------------------------------------------------------------------------------------------------------------------------------------------+
; All Package Pins                                                                                                                                                         ;
+----------+------------+----------+--------------------------------------------+--------+--------------+---------+------------+-----------------+----------+--------------+
; Location ; Pad Number ; I/O Bank ; Pin Name/Usage                             ; Dir.   ; I/O Standard ; Voltage ; I/O Type   ; User Assignment ; Bus Hold ; Weak Pull Up ;
+----------+------------+----------+--------------------------------------------+--------+--------------+---------+------------+-----------------+----------+--------------+
; A1       ; 337        ; 7A       ; ALUin1test[3]                              ; output ; 2.5 V        ;         ; Column I/O ; N               ; no       ; Off          ;
; A2       ; 340        ; 7A       ; RFout1test[0]                              ; output ; 2.5 V        ;         ; Column I/O ; N               ; no       ; Off          ;
; A3       ; 338        ; 7A       ; RFout1test[3]                              ; output ; 2.5 V        ;         ; Column I/O ; N               ; no       ; Off          ;
; A4       ; 359        ; 7A       ; RFout1test[5]                              ; output ; 2.5 V        ;         ; Column I/O ; N               ; no       ; Off          ;
; A5       ; 363        ; 7A       ; ALUOptest[0]                               ; output ; 2.5 V        ;         ; Column I/O ; N               ; no       ; Off          ;
; A6       ; 361        ; 7A       ; ALUin2test[1]                              ; output ; 2.5 V        ;         ; Column I/O ; N               ; no       ; Off          ;
; A7       ; 367        ; 7A       ; ALUcontroltest[2]                          ; output ; 2.5 V        ;         ; Column I/O ; N               ; no       ; Off          ;
; A8       ; 371        ; 7A       ; IMout[14]                                  ; output ; 2.5 V        ;         ; Column I/O ; N               ; no       ; Off          ;
; A9       ; 372        ; 7A       ; IMout[4]                                   ; output ; 2.5 V        ;         ; Column I/O ; N               ; no       ; Off          ;
; A10      ; 368        ; 7A       ; pc[2]                                      ; output ; 2.5 V        ;         ; Column I/O ; N               ; no       ; Off          ;
; A11      ; 411        ; 8A       ; IMout[10]                                  ; output ; 2.5 V        ;         ; Column I/O ; N               ; no       ; Off          ;
; A12      ; 416        ; 8A       ; ALUin2test[3]                              ; output ; 2.5 V        ;         ; Column I/O ; N               ; no       ; Off          ;
; A13      ; 415        ; 8A       ; RFdataINtest[0]                            ; output ; 2.5 V        ;         ; Column I/O ; N               ; no       ; Off          ;
; A14      ; 413        ; 8A       ; RFout2test[6]                              ; output ; 2.5 V        ;         ; Column I/O ; N               ; no       ; Off          ;
; A15      ; 423        ; 8A       ; ALUin2test[2]                              ; output ; 2.5 V        ;         ; Column I/O ; N               ; no       ; Off          ;
; A16      ; 421        ; 8A       ; RESERVED_INPUT_WITH_WEAK_PULLUP            ;        ;              ;         ; Column I/O ;                 ; no       ; On           ;
; A17      ; 428        ; 8A       ; RESERVED_INPUT_WITH_WEAK_PULLUP            ;        ;              ;         ; Column I/O ;                 ; no       ; On           ;
; A18      ; 426        ; 8A       ; RESERVED_INPUT_WITH_WEAK_PULLUP            ;        ;              ;         ; Column I/O ;                 ; no       ; On           ;
; A19      ;            ;          ; GND                                        ; gnd    ;              ;         ; --         ;                 ; --       ; --           ;
; A20      ;            ;          ; GND                                        ; gnd    ;              ;         ; --         ;                 ; --       ; --           ;
; B1       ; 339        ; 7A       ; ALUin1test[0]                              ; output ; 2.5 V        ;         ; Column I/O ; N               ; no       ; Off          ;
; B2       ;            ;          ; GND                                        ; gnd    ;              ;         ; --         ;                 ; --       ; --           ;
; B3       ;            ; 7A       ; VCCIO7A                                    ; power  ;              ; 2.5V    ; --         ;                 ; --       ; --           ;
; B4       ; 357        ; 7A       ; ALUin1test[5]                              ; output ; 2.5 V        ;         ; Column I/O ; N               ; no       ; Off          ;
; B5       ;            ;          ; GND                                        ; gnd    ;              ;         ; --         ;                 ; --       ; --           ;
; B6       ; 365        ; 7A       ; IMout[8]                                   ; output ; 2.5 V        ;         ; Column I/O ; N               ; no       ; Off          ;
; B7       ; 369        ; 7A       ; IMout[1]                                   ; output ; 2.5 V        ;         ; Column I/O ; N               ; no       ; Off          ;
; B8       ;            ;          ; GND                                        ; gnd    ;              ;         ; --         ;                 ; --       ; --           ;
; B9       ; 370        ; 7A       ; IMout[0]                                   ; output ; 2.5 V        ;         ; Column I/O ; N               ; no       ; Off          ;
; B10      ; 366        ; 7A       ; IMout[11]                                  ; output ; 2.5 V        ;         ; Column I/O ; N               ; no       ; Off          ;
; B11      ;            ;          ; GND                                        ; gnd    ;              ;         ; --         ;                 ; --       ; --           ;
; B12      ; 409        ; 8A       ; ALUcontroltest[0]                          ; output ; 2.5 V        ;         ; Column I/O ; N               ; no       ; Off          ;
; B13      ; 414        ; 8A       ; RFdataINtest[5]                            ; output ; 2.5 V        ;         ; Column I/O ; N               ; no       ; Off          ;
; B14      ;            ;          ; GND                                        ; gnd    ;              ;         ; --         ;                 ; --       ; --           ;
; B15      ; 424        ; 8A       ; RESERVED_INPUT_WITH_WEAK_PULLUP            ;        ;              ;         ; Column I/O ;                 ; no       ; On           ;
; B16      ; 429        ; 8C       ; #TDO                                       ; output ;              ;         ; --         ;                 ; --       ; --           ;
; B17      ;            ;          ; GND                                        ; gnd    ;              ;         ; --         ;                 ; --       ; --           ;
; B18      ;            ;          ; GND                                        ; gnd    ;              ;         ; --         ;                 ; --       ; --           ;
; B19      ; 21         ; QL0      ; GXB_NC                                     ;        ;              ;         ; --         ;                 ; --       ; --           ;
; B20      ; 20         ; QL0      ; GXB_NC                                     ;        ;              ;         ; --         ;                 ; --       ; --           ;
; C1       ; 331        ; 7A       ; RESERVED_INPUT_WITH_WEAK_PULLUP            ;        ;              ;         ; Column I/O ;                 ; no       ; On           ;
; C2       ; 329        ; 7A       ; RESERVED_INPUT_WITH_WEAK_PULLUP            ;        ;              ;         ; Column I/O ;                 ; no       ; On           ;
; C3       ; 332        ; 7A       ; RESERVED_INPUT_WITH_WEAK_PULLUP            ;        ;              ;         ; Column I/O ;                 ; no       ; On           ;
; C4       ; 335        ; 7A       ; zero                                       ; output ; 2.5 V        ;         ; Column I/O ; N               ; no       ; Off          ;
; C5       ; 333        ; 7A       ; RFout1test[7]                              ; output ; 2.5 V        ;         ; Column I/O ; N               ; no       ; Off          ;
; C6       ; 360        ; 7A       ; ALUin2test[7]                              ; output ; 2.5 V        ;         ; Column I/O ; N               ; no       ; Off          ;
; C7       ; 358        ; 7A       ; pc[6]                                      ; output ; 2.5 V        ;         ; Column I/O ; N               ; no       ; Off          ;
; C8       ; 364        ; 7A       ; RFout1test[4]                              ; output ; 2.5 V        ;         ; Column I/O ; N               ; no       ; Off          ;
; C9       ; 362        ; 7A       ; ALUin1test[4]                              ; output ; 2.5 V        ;         ; Column I/O ; N               ; no       ; Off          ;
; C10      ; 375        ; 8A       ; GND+                                       ;        ;              ;         ; Column I/O ;                 ; --       ; --           ;
; C11      ;            ; 8A       ; VCCIO8A                                    ; power  ;              ; 2.5V    ; --         ;                 ; --       ; --           ;
; C12      ; 412        ; 8A       ; IMout[9]                                   ; output ; 2.5 V        ;         ; Column I/O ; N               ; no       ; Off          ;
; C13      ; 419        ; 8A       ; RFout2test[2]                              ; output ; 2.5 V        ;         ; Column I/O ; N               ; no       ; Off          ;
; C14      ; 417        ; 8A       ; RFout2test[5]                              ; output ; 2.5 V        ;         ; Column I/O ; N               ; no       ; Off          ;
; C15      ; 422        ; 8A       ; ALUin2test[6]                              ; output ; 2.5 V        ;         ; Column I/O ; N               ; no       ; Off          ;
; C16      ; 430        ; 8C       ; ^ASDO                                      ;        ;              ;         ; --         ;                 ; --       ; --           ;
; C17      ; 433        ; 8C       ; #TDI                                       ; input  ;              ;         ; --         ;                 ; --       ; --           ;
; C18      ; 434        ; 8C       ; #TMS                                       ; input  ;              ;         ; --         ;                 ; --       ; --           ;
; C19      ;            ;          ; GND                                        ; gnd    ;              ;         ; --         ;                 ; --       ; --           ;
; C20      ;            ;          ; GND                                        ; gnd    ;              ;         ; --         ;                 ; --       ; --           ;
; D1       ; 327        ; 7A       ; RESERVED_INPUT_WITH_WEAK_PULLUP            ;        ;              ;         ; Column I/O ;                 ; no       ; On           ;
; D2       ; 325        ; 7A       ; RESERVED_INPUT_WITH_WEAK_PULLUP            ;        ;              ;         ; Column I/O ;                 ; no       ; On           ;
; D3       ; 330        ; 7A       ; RESERVED_INPUT_WITH_WEAK_PULLUP            ;        ;              ;         ; Column I/O ;                 ; no       ; On           ;
; D4       ; 305        ; 7A       ; RESERVED_INPUT_WITH_WEAK_PULLUP            ;        ;              ;         ; Column I/O ;                 ; no       ; On           ;
; D5       ;            ;          ; VCCA_PLL_2                                 ; power  ;              ; 2.5V    ; --         ;                 ; --       ; --           ;
; D6       ;            ;          ; DNU                                        ;        ;              ;         ; --         ;                 ; --       ; --           ;
; D7       ; 336        ; 7A       ; ALUtest[2]                                 ; output ; 2.5 V        ;         ; Column I/O ; N               ; no       ; Off          ;
; D8       ;            ; 7A       ; VCCIO7A                                    ; power  ;              ; 2.5V    ; --         ;                 ; --       ; --           ;
; D9       ; 376        ; 7A       ; GND+                                       ;        ;              ;         ; Column I/O ;                 ; --       ; --           ;
; D10      ; 373        ; 8A       ; GND+                                       ;        ;              ;         ; Column I/O ;                 ; --       ; --           ;
; D11      ; 410        ; 8A       ; RFdataINtest[1]                            ; output ; 2.5 V        ;         ; Column I/O ; N               ; no       ; Off          ;
; D12      ; 420        ; 8A       ; ALUtest[4]                                 ; output ; 2.5 V        ;         ; Column I/O ; N               ; no       ; Off          ;
; D13      ; 418        ; 8A       ; ALUtest[3]                                 ; output ; 2.5 V        ;         ; Column I/O ; N               ; no       ; Off          ;
; D14      ; 427        ; 8A       ; RESERVED_INPUT_WITH_WEAK_PULLUP            ;        ;              ;         ; Column I/O ;                 ; no       ; On           ;
; D15      ; 425        ; 8A       ; RESERVED_INPUT_WITH_WEAK_PULLUP            ;        ;              ;         ; Column I/O ;                 ; no       ; On           ;
; D16      ; 435        ; 8C       ; #TCK                                       ; input  ;              ;         ; --         ;                 ; --       ; --           ;
; D17      ;            ;          ; VCCA_PLL_1                                 ; power  ;              ; 2.5V    ; --         ;                 ; --       ; --           ;
; D18      ;            ; --       ; VCCH_GXB                                   ; power  ;              ; 1.5V    ; --         ;                 ; --       ; --           ;
; D19      ; 23         ; QL0      ; GXB_GND*                                   ;        ;              ;         ; --         ;                 ; --       ; --           ;
; D20      ; 22         ; QL0      ; GXB_GND*                                   ;        ;              ;         ; --         ;                 ; --       ; --           ;
; E1       ; 326        ; 7A       ; RESERVED_INPUT_WITH_WEAK_PULLUP            ;        ;              ;         ; Column I/O ;                 ; no       ; On           ;
; E2       ;            ;          ; GND                                        ; gnd    ;              ;         ; --         ;                 ; --       ; --           ;
; E3       ;            ; 7A       ; VCCIO7A                                    ; power  ;              ; 2.5V    ; --         ;                 ; --       ; --           ;
; E4       ; 307        ; 7A       ; RESERVED_INPUT_WITH_WEAK_PULLUP            ;        ;              ;         ; Column I/O ;                 ; no       ; On           ;
; E5       ;            ;          ; GND                                        ; gnd    ;              ;         ; --         ;                 ; --       ; --           ;
; E6       ;            ;          ; VCCD_PLL_2                                 ; power  ;              ; 0.9V    ; --         ;                 ; --       ; --           ;
; E7       ; 334        ; 7A       ; ALUin1test[7]                              ; output ; 2.5 V        ;         ; Column I/O ; N               ; no       ; Off          ;
; E8       ;            ;          ; GND                                        ; gnd    ;              ;         ; --         ;                 ; --       ; --           ;
; E9       ;            ; 7A       ; VREFB7AN0                                  ; power  ;              ;         ; --         ;                 ; --       ; --           ;
; E10      ; 374        ; 7A       ; GND+                                       ;        ;              ;         ; Column I/O ;                 ; --       ; --           ;
; E11      ;            ;          ; GND                                        ; gnd    ;              ;         ; --         ;                 ; --       ; --           ;
; E12      ;            ; 8A       ; VCCIO8A                                    ; power  ;              ; 2.5V    ; --         ;                 ; --       ; --           ;
; E13      ;            ; 8A       ; VREFB8AN0                                  ; power  ;              ;         ; --         ;                 ; --       ; --           ;
; E14      ;            ;          ; GND                                        ; gnd    ;              ;         ; --         ;                 ; --       ; --           ;
; E15      ;            ; 8C       ; VCCIO8C                                    ; power  ;              ; 2.5V    ; --         ;                 ; --       ; --           ;
; E16      ;            ;          ; VCCD_PLL_1                                 ; power  ;              ; 0.9V    ; --         ;                 ; --       ; --           ;
; E17      ;            ;          ; GND                                        ; gnd    ;              ;         ; --         ;                 ; --       ; --           ;
; E18      ; 431        ; 8C       ; ^nCSO                                      ;        ;              ;         ; --         ;                 ; --       ; --           ;
; E19      ;            ;          ; GND                                        ; gnd    ;              ;         ; --         ;                 ; --       ; --           ;
; E20      ;            ;          ; GND                                        ; gnd    ;              ;         ; --         ;                 ; --       ; --           ;
; F1       ; 328        ; 7A       ; RESERVED_INPUT_WITH_WEAK_PULLUP            ;        ;              ;         ; Column I/O ;                 ; no       ; On           ;
; F2       ; 308        ; 7A       ; RESERVED_INPUT_WITH_WEAK_PULLUP            ;        ;              ;         ; Column I/O ;                 ; no       ; On           ;
; F3       ; 306        ; 7A       ; RESERVED_INPUT_WITH_WEAK_PULLUP            ;        ;              ;         ; Column I/O ;                 ; no       ; On           ;
; F4       ; 301        ; 6A       ; RESERVED_INPUT_WITH_WEAK_PULLUP            ;        ;              ;         ; Row I/O    ;                 ; no       ; On           ;
; F5       ; 303        ; 6A       ; RESERVED_INPUT_WITH_WEAK_PULLUP            ;        ;              ;         ; Row I/O    ;                 ; no       ; On           ;
; F6       ; 295        ; 6A       ; RESERVED_INPUT_WITH_WEAK_PULLUP            ;        ;              ;         ; Row I/O    ;                 ; no       ; On           ;
; F8       ;            ; 7A       ; VCCPD7A                                    ; power  ;              ; 2.5V    ; --         ;                 ; --       ; --           ;
; F11      ;            ; --       ; VCCCB                                      ; power  ;              ; 1.5V    ; --         ;                 ; --       ; --           ;
; F12      ;            ; 8A       ; VCCPD8A                                    ; power  ;              ; 2.5V    ; --         ;                 ; --       ; --           ;
; F14      ;            ; 8C       ; VCCPD8C                                    ; power  ;              ; 2.5V    ; --         ;                 ; --       ; --           ;
; F16      ;            ; --       ; VCCBAT                                     ; power  ;              ; 2.5V    ; --         ;                 ; --       ; --           ;
; F17      ;            ;          ; DNU                                        ;        ;              ;         ; --         ;                 ; --       ; --           ;
; F18      ;            ;          ; GND                                        ; gnd    ;              ;         ; --         ;                 ; --       ; --           ;
; F19      ; 25         ; QL0      ; GXB_NC                                     ;        ;              ;         ; --         ;                 ; --       ; --           ;
; F20      ; 24         ; QL0      ; GXB_NC                                     ;        ;              ;         ; --         ;                 ; --       ; --           ;
; G1       ; 302        ; 6A       ; RESERVED_INPUT_WITH_WEAK_PULLUP            ;        ;              ;         ; Row I/O    ;                 ; no       ; On           ;
; G2       ; 304        ; 6A       ; RESERVED_INPUT_WITH_WEAK_PULLUP            ;        ;              ;         ; Row I/O    ;                 ; no       ; On           ;
; G3       ; 289        ; 6A       ; ALUtest[1]                                 ; output ; 2.5 V        ;         ; Row I/O    ; N               ; no       ; Off          ;
; G4       ; 291        ; 6A       ; RESERVED_INPUT_WITH_WEAK_PULLUP            ;        ;              ;         ; Row I/O    ;                 ; no       ; On           ;
; G5       ;            ; 6A       ; VREFB6AN0                                  ; power  ;              ;         ; --         ;                 ; --       ; --           ;
; G6       ; 293        ; 6A       ; RESERVED_INPUT_WITH_WEAK_PULLUP            ;        ;              ;         ; Row I/O    ;                 ; no       ; On           ;
; G11      ;            ;          ; GND                                        ; gnd    ;              ;         ; --         ;                 ; --       ; --           ;
; G17      ; 432        ; 8C       ; ^DATA0                                     ; input  ;              ;         ; --         ;                 ; --       ; --           ;
; G18      ;            ; --       ; VCCA                                       ; power  ;              ; 2.5V    ; --         ;                 ; --       ; --           ;
; G19      ;            ;          ; GND                                        ; gnd    ;              ;         ; --         ;                 ; --       ; --           ;
; G20      ;            ;          ; GND                                        ; gnd    ;              ;         ; --         ;                 ; --       ; --           ;
; H1       ; 297        ; 6A       ; RESERVED_INPUT_WITH_WEAK_PULLUP            ;        ;              ;         ; Row I/O    ;                 ; no       ; On           ;
; H2       ;            ;          ; GND                                        ; gnd    ;              ;         ; --         ;                 ; --       ; --           ;
; H3       ; 296        ; 6A       ; RESERVED_INPUT_WITH_WEAK_PULLUP            ;        ;              ;         ; Row I/O    ;                 ; no       ; On           ;
; H4       ;            ; 6A       ; VCCIO6A                                    ; power  ;              ; 2.5V    ; --         ;                 ; --       ; --           ;
; H5       ;            ;          ; GND                                        ; gnd    ;              ;         ; --         ;                 ; --       ; --           ;
; H6       ;            ; 6A       ; VCCPD6A                                    ; power  ;              ; 2.5V    ; --         ;                 ; --       ; --           ;
; H8       ;            ;          ; GND                                        ; gnd    ;              ;         ; --         ;                 ; --       ; --           ;
; H9       ;            ; --       ; VCC                                        ; power  ;              ; 0.9V    ; --         ;                 ; --       ; --           ;
; H10      ;            ;          ; GND                                        ; gnd    ;              ;         ; --         ;                 ; --       ; --           ;
; H11      ;            ; --       ; VCC                                        ; power  ;              ; 0.9V    ; --         ;                 ; --       ; --           ;
; H12      ;            ;          ; GND                                        ; gnd    ;              ;         ; --         ;                 ; --       ; --           ;
; H13      ;            ; --       ; VCC                                        ; power  ;              ; 0.9V    ; --         ;                 ; --       ; --           ;
; H14      ;            ;          ; GND                                        ; gnd    ;              ;         ; --         ;                 ; --       ; --           ;
; H15      ;            ; --       ; VCC                                        ; power  ;              ; 0.9V    ; --         ;                 ; --       ; --           ;
; H17      ;            ;          ; GND                                        ; gnd    ;              ;         ; --         ;                 ; --       ; --           ;
; H18      ;            ;          ; GND                                        ; gnd    ;              ;         ; --         ;                 ; --       ; --           ;
; H19      ; 27         ; QL0      ; GXB_GND*                                   ;        ;              ;         ; --         ;                 ; --       ; --           ;
; H20      ; 26         ; QL0      ; GXB_GND*                                   ;        ;              ;         ; --         ;                 ; --       ; --           ;
; J1       ; 300        ; 6A       ; RESERVED_INPUT_WITH_WEAK_PULLUP            ;        ;              ;         ; Row I/O    ;                 ; no       ; On           ;
; J2       ; 299        ; 6A       ; RESERVED_INPUT_WITH_WEAK_PULLUP            ;        ;              ;         ; Row I/O    ;                 ; no       ; On           ;
; J3       ; 294        ; 6A       ; RESERVED_INPUT_WITH_WEAK_PULLUP            ;        ;              ;         ; Row I/O    ;                 ; no       ; On           ;
; J4       ; 290        ; 6A       ; RESERVED_INPUT_WITH_WEAK_PULLUP            ;        ;              ;         ; Row I/O    ;                 ; no       ; On           ;
; J5       ; 292        ; 6A       ; RESERVED_INPUT_WITH_WEAK_PULLUP            ;        ;              ;         ; Row I/O    ;                 ; no       ; On           ;
; J8       ;            ; --       ; VCC                                        ; power  ;              ; 0.9V    ; --         ;                 ; --       ; --           ;
; J9       ;            ;          ; GND                                        ; gnd    ;              ;         ; --         ;                 ; --       ; --           ;
; J10      ;            ; --       ; VCC                                        ; power  ;              ; 0.9V    ; --         ;                 ; --       ; --           ;
; J11      ;            ;          ; GND                                        ; gnd    ;              ;         ; --         ;                 ; --       ; --           ;
; J12      ;            ; --       ; VCC                                        ; power  ;              ; 0.9V    ; --         ;                 ; --       ; --           ;
; J13      ;            ;          ; GND                                        ; gnd    ;              ;         ; --         ;                 ; --       ; --           ;
; J14      ;            ; --       ; VCC                                        ; power  ;              ; 0.9V    ; --         ;                 ; --       ; --           ;
; J15      ;            ;          ; GND                                        ; gnd    ;              ;         ; --         ;                 ; --       ; --           ;
; J17      ;            ;          ; GND                                        ; gnd    ;              ;         ; --         ;                 ; --       ; --           ;
; J18      ;            ; --       ; VCCL_GXB                                   ; power  ;              ; 1.1V    ; --         ;                 ; --       ; --           ;
; J19      ;            ;          ; GND                                        ; gnd    ;              ;         ; --         ;                 ; --       ; --           ;
; J20      ;            ;          ; GND                                        ; gnd    ;              ;         ; --         ;                 ; --       ; --           ;
; K1       ; 298        ; 6A       ; RESERVED_INPUT_WITH_WEAK_PULLUP            ;        ;              ;         ; Row I/O    ;                 ; no       ; On           ;
; K2       ;            ;          ; GND                                        ; gnd    ;              ;         ; --         ;                 ; --       ; --           ;
; K3       ; 238        ; 6A       ; GND+                                       ;        ;              ;         ; Row I/O    ;                 ; --       ; --           ;
; K4       ; 240        ; 6A       ; GND+                                       ;        ;              ;         ; Row I/O    ;                 ; --       ; --           ;
; K5       ;            ;          ; GND                                        ; gnd    ;              ;         ; --         ;                 ; --       ; --           ;
; K6       ;            ; --       ; VCCCB                                      ; power  ;              ; 1.5V    ; --         ;                 ; --       ; --           ;
; K8       ;            ;          ; GND                                        ; gnd    ;              ;         ; --         ;                 ; --       ; --           ;
; K9       ;            ; --       ; VCC                                        ; power  ;              ; 0.9V    ; --         ;                 ; --       ; --           ;
; K10      ;            ;          ; GND                                        ; gnd    ;              ;         ; --         ;                 ; --       ; --           ;
; K11      ;            ; --       ; VCC                                        ; power  ;              ; 0.9V    ; --         ;                 ; --       ; --           ;
; K12      ;            ;          ; GND                                        ; gnd    ;              ;         ; --         ;                 ; --       ; --           ;
; K13      ;            ; --       ; VCC                                        ; power  ;              ; 0.9V    ; --         ;                 ; --       ; --           ;
; K14      ;            ;          ; GND                                        ; gnd    ;              ;         ; --         ;                 ; --       ; --           ;
; K15      ;            ; --       ; VCC                                        ; power  ;              ; 0.9V    ; --         ;                 ; --       ; --           ;
; K17      ; 436        ; 8C       ; ^DCLK                                      ; bidir  ;              ;         ; --         ;                 ; --       ; --           ;
; K18      ; 48         ; 3C       ; ^nCE                                       ;        ;              ;         ; --         ;                 ; --       ; --           ;
; K19      ; 29         ; QL0      ; GXB_GND*                                   ;        ;              ;         ; Row I/O    ;                 ; --       ; --           ;
; K20      ; 28         ; QL0      ; GXB_GND*                                   ;        ;              ;         ; Row I/O    ;                 ; --       ; --           ;
; L1       ; 237        ; 5A       ; GND+                                       ;        ;              ;         ; Row I/O    ;                 ; --       ; --           ;
; L2       ; 239        ; 5A       ; GND+                                       ;        ;              ;         ; Row I/O    ;                 ; --       ; --           ;
; L3       ; 186        ; 5A       ; RFout1test[1]                              ; output ; 2.5 V        ;         ; Row I/O    ; N               ; no       ; Off          ;
; L4       ; 188        ; 5A       ; ALUin1test[1]                              ; output ; 2.5 V        ;         ; Row I/O    ; N               ; no       ; Off          ;
; L5       ; 183        ; 5A       ; RESERVED_INPUT_WITH_WEAK_PULLUP            ;        ;              ;         ; Row I/O    ;                 ; no       ; On           ;
; L8       ;            ; --       ; VCC                                        ; power  ;              ; 0.9V    ; --         ;                 ; --       ; --           ;
; L9       ;            ;          ; GND                                        ; gnd    ;              ;         ; --         ;                 ; --       ; --           ;
; L10      ;            ; --       ; VCC                                        ; power  ;              ; 0.9V    ; --         ;                 ; --       ; --           ;
; L11      ;            ;          ; DNU                                        ;        ;              ;         ; --         ;                 ; --       ; --           ;
; L12      ;            ; --       ; VCC                                        ; power  ;              ; 0.9V    ; --         ;                 ; --       ; --           ;
; L13      ;            ;          ; GND                                        ; gnd    ;              ;         ; --         ;                 ; --       ; --           ;
; L14      ;            ; --       ; VCC                                        ; power  ;              ; 0.9V    ; --         ;                 ; --       ; --           ;
; L15      ;            ;          ; GND                                        ; gnd    ;              ;         ; --         ;                 ; --       ; --           ;
; L17      ; 47         ; 3C       ; ^nIO_PULLUP                                ;        ;              ;         ; --         ;                 ; --       ; --           ;
; L18      ;            ;          ; GND                                        ; gnd    ;              ;         ; --         ;                 ; --       ; --           ;
; L19      ;            ; --       ; VCCL_GXB                                   ; power  ;              ; 1.1V    ; --         ;                 ; --       ; --           ;
; L20      ;            ;          ; GND                                        ; gnd    ;              ;         ; --         ;                 ; --       ; --           ;
; M1       ; 178        ; 5A       ; RESERVED_INPUT_WITH_WEAK_PULLUP            ;        ;              ;         ; Row I/O    ;                 ; no       ; On           ;
; M2       ; 180        ; 5A       ; RESERVED_INPUT_WITH_WEAK_PULLUP            ;        ;              ;         ; Row I/O    ;                 ; no       ; On           ;
; M3       ; 184        ; 5A       ; RESERVED_INPUT_WITH_WEAK_PULLUP            ;        ;              ;         ; Row I/O    ;                 ; no       ; On           ;
; M4       ; 181        ; 5A       ; RESERVED_INPUT_WITH_WEAK_PULLUP            ;        ;              ;         ; Row I/O    ;                 ; no       ; On           ;
; M5       ; 187        ; 5A       ; ALUtest[5]                                 ; output ; 2.5 V        ;         ; Row I/O    ; N               ; no       ; Off          ;
; M8       ;            ;          ; GND                                        ; gnd    ;              ;         ; --         ;                 ; --       ; --           ;
; M9       ;            ; --       ; VCC                                        ; power  ;              ; 0.9V    ; --         ;                 ; --       ; --           ;
; M10      ;            ;          ; GND                                        ; gnd    ;              ;         ; --         ;                 ; --       ; --           ;
; M11      ;            ; --       ; VCC                                        ; power  ;              ; 0.9V    ; --         ;                 ; --       ; --           ;
; M12      ;            ;          ; GND                                        ; gnd    ;              ;         ; --         ;                 ; --       ; --           ;
; M13      ;            ; --       ; VCC                                        ; power  ;              ; 0.9V    ; --         ;                 ; --       ; --           ;
; M14      ;            ;          ; GND                                        ; gnd    ;              ;         ; --         ;                 ; --       ; --           ;
; M15      ;            ; --       ; VCC                                        ; power  ;              ; 0.9V    ; --         ;                 ; --       ; --           ;
; M17      ; 40         ; 3C       ; ^nCONFIG                                   ;        ;              ;         ; --         ;                 ; --       ; --           ;
; M18      ;            ; --       ; VCCL_GXB                                   ; power  ;              ; 1.1V    ; --         ;                 ; --       ; --           ;
; M19      ; 31         ; QL0      ; GXB_GND*                                   ;        ;              ;         ; Row I/O    ;                 ; --       ; --           ;
; M20      ; 30         ; QL0      ; GXB_GND*                                   ;        ;              ;         ; Row I/O    ;                 ; --       ; --           ;
; N1       ; 176        ; 5A       ; RESERVED_INPUT_WITH_WEAK_PULLUP            ;        ;              ;         ; Row I/O    ;                 ; no       ; On           ;
; N2       ;            ;          ; GND                                        ; gnd    ;              ;         ; --         ;                 ; --       ; --           ;
; N3       ; 182        ; 5A       ; RESERVED_INPUT_WITH_WEAK_PULLUP            ;        ;              ;         ; Row I/O    ;                 ; no       ; On           ;
; N4       ; 185        ; 5A       ; branch                                     ; output ; 2.5 V        ;         ; Row I/O    ; N               ; no       ; Off          ;
; N5       ;            ;          ; GND                                        ; gnd    ;              ;         ; --         ;                 ; --       ; --           ;
; N6       ;            ; 5A       ; VCCPD5A                                    ; power  ;              ; 2.5V    ; --         ;                 ; --       ; --           ;
; N8       ;            ; --       ; VCC                                        ; power  ;              ; 0.9V    ; --         ;                 ; --       ; --           ;
; N9       ;            ;          ; GND                                        ; gnd    ;              ;         ; --         ;                 ; --       ; --           ;
; N10      ;            ; --       ; VCC                                        ; power  ;              ; 0.9V    ; --         ;                 ; --       ; --           ;
; N11      ;            ;          ; GND                                        ; gnd    ;              ;         ; --         ;                 ; --       ; --           ;
; N12      ;            ; --       ; VCC                                        ; power  ;              ; 0.9V    ; --         ;                 ; --       ; --           ;
; N13      ;            ;          ; GND                                        ; gnd    ;              ;         ; --         ;                 ; --       ; --           ;
; N14      ;            ; --       ; VCC                                        ; power  ;              ; 0.9V    ; --         ;                 ; --       ; --           ;
; N15      ;            ;          ; GND                                        ; gnd    ;              ;         ; --         ;                 ; --       ; --           ;
; N17      ; 41         ; 3C       ; ^CONF_DONE                                 ;        ;              ;         ; --         ;                 ; --       ; --           ;
; N18      ;            ;          ; GND                                        ; gnd    ;              ;         ; --         ;                 ; --       ; --           ;
; N19      ;            ;          ; GND                                        ; gnd    ;              ;         ; --         ;                 ; --       ; --           ;
; N20      ;            ;          ; GND                                        ; gnd    ;              ;         ; --         ;                 ; --       ; --           ;
; P1       ; 174        ; 5A       ; RESERVED_INPUT_WITH_WEAK_PULLUP            ;        ;              ;         ; Row I/O    ;                 ; no       ; On           ;
; P2       ; 175        ; 5A       ; RESERVED_INPUT_WITH_WEAK_PULLUP            ;        ;              ;         ; Row I/O    ;                 ; no       ; On           ;
; P3       ; 152        ; 4A       ; RESERVED_INPUT_WITH_WEAK_PULLUP            ;        ;              ;         ; Column I/O ;                 ; no       ; On           ;
; P4       ; 172        ; 4A       ; RESERVED_INPUT_WITH_WEAK_PULLUP            ;        ;              ;         ; Column I/O ;                 ; no       ; On           ;
; P5       ;            ; 5A       ; VCCIO5A                                    ; power  ;              ; 2.5V    ; --         ;                 ; --       ; --           ;
; P6       ; 143        ; 4A       ; RFout1test[2]                              ; output ; 2.5 V        ;         ; Column I/O ; N               ; no       ; Off          ;
; P11      ;            ; --       ; VCC                                        ; power  ;              ; 0.9V    ; --         ;                 ; --       ; --           ;
; P12      ;            ;          ; GND                                        ; gnd    ;              ;         ; --         ;                 ; --       ; --           ;
; P17      ; 44         ; 3C       ; ^MSEL1                                     ;        ;              ;         ; --         ;                 ; --       ; --           ;
; P18      ;            ; --       ; VCCA                                       ; power  ;              ; 2.5V    ; --         ;                 ; --       ; --           ;
; P19      ; 33         ; QL0      ; GXB_NC                                     ;        ;              ;         ; --         ;                 ; --       ; --           ;
; P20      ; 32         ; QL0      ; GXB_NC                                     ;        ;              ;         ; --         ;                 ; --       ; --           ;
; R1       ; 173        ; 5A       ; RESERVED_INPUT_WITH_WEAK_PULLUP            ;        ;              ;         ; Row I/O    ;                 ; no       ; On           ;
; R2       ; 179        ; 5A       ; RESERVED_INPUT_WITH_WEAK_PULLUP            ;        ;              ;         ; Row I/O    ;                 ; no       ; On           ;
; R3       ; 150        ; 4A       ; RESERVED_INPUT_WITH_WEAK_PULLUP            ;        ;              ;         ; Column I/O ;                 ; no       ; On           ;
; R4       ; 170        ; 4A       ; RESERVED_INPUT_WITH_WEAK_PULLUP            ;        ;              ;         ; Column I/O ;                 ; no       ; On           ;
; R5       ;            ; 5A       ; VREFB5AN0                                  ; power  ;              ;         ; --         ;                 ; --       ; --           ;
; R6       ; 141        ; 4A       ; RESERVED_INPUT_WITH_WEAK_PULLUP            ;        ;              ;         ; Column I/O ;                 ; no       ; On           ;
; R8       ;            ; 4A       ; VCCPD4A                                    ; power  ;              ; 2.5V    ; --         ;                 ; --       ; --           ;
; R11      ;            ; --       ; VCCCB                                      ; power  ;              ; 1.5V    ; --         ;                 ; --       ; --           ;
; R12      ;            ; 3A       ; VCCPD3A                                    ; power  ;              ; 2.5V    ; --         ;                 ; --       ; --           ;
; R14      ;            ; 3C       ; VCCPD3C                                    ; power  ;              ; 2.5V    ; --         ;                 ; --       ; --           ;
; R16      ; 43         ; 3C       ; ^MSEL2                                     ;        ;              ;         ; --         ;                 ; --       ; --           ;
; R17      ;            ;          ; GND                                        ; gnd    ;              ;         ; --         ;                 ; --       ; --           ;
; R18      ; 45         ; 3C       ; ^MSEL0                                     ;        ;              ;         ; --         ;                 ; --       ; --           ;
; R19      ;            ;          ; GND                                        ; gnd    ;              ;         ; --         ;                 ; --       ; --           ;
; R20      ;            ;          ; GND                                        ; gnd    ;              ;         ; --         ;                 ; --       ; --           ;
; T1       ; 177        ; 5A       ; RESERVED_INPUT_WITH_WEAK_PULLUP            ;        ;              ;         ; Row I/O    ;                 ; no       ; On           ;
; T2       ;            ;          ; GND                                        ; gnd    ;              ;         ; --         ;                 ; --       ; --           ;
; T3       ;            ; 4A       ; VCCIO4A                                    ; power  ;              ; 2.5V    ; --         ;                 ; --       ; --           ;
; T4       ; 171        ; 4A       ; RESERVED_INPUT_WITH_WEAK_PULLUP            ;        ;              ;         ; Column I/O ;                 ; no       ; On           ;
; T5       ;            ;          ; GND                                        ; gnd    ;              ;         ; --         ;                 ; --       ; --           ;
; T6       ;            ;          ; VCCD_PLL_3                                 ; power  ;              ; 0.9V    ; --         ;                 ; --       ; --           ;
; T7       ; 151        ; 4A       ; RESERVED_INPUT_WITH_WEAK_PULLUP            ;        ;              ;         ; Column I/O ;                 ; no       ; On           ;
; T8       ;            ;          ; GND                                        ; gnd    ;              ;         ; --         ;                 ; --       ; --           ;
; T9       ;            ; 4A       ; VREFB4AN0                                  ; power  ;              ;         ; --         ;                 ; --       ; --           ;
; T10      ; 103        ; 3A       ; clk2                                       ; input  ; 2.5 V        ;         ; Column I/O ; N               ; no       ; Off          ;
; T11      ;            ;          ; GND                                        ; gnd    ;              ;         ; --         ;                 ; --       ; --           ;
; T12      ;            ; 3A       ; VCCIO3A                                    ; power  ;              ; 2.5V    ; --         ;                 ; --       ; --           ;
; T13      ;            ; 3A       ; VREFB3AN0                                  ; power  ;              ;         ; --         ;                 ; --       ; --           ;
; T14      ;            ;          ; GND                                        ; gnd    ;              ;         ; --         ;                 ; --       ; --           ;
; T15      ;            ; 3C       ; VCCIO3C                                    ; power  ;              ; 2.5V    ; --         ;                 ; --       ; --           ;
; T16      ;            ;          ; VCCD_PLL_4                                 ; power  ;              ; 0.9V    ; --         ;                 ; --       ; --           ;
; T17      ;            ;          ; GND                                        ; gnd    ;              ;         ; --         ;                 ; --       ; --           ;
; T18      ;            ; --       ; VCCH_GXB                                   ; power  ;              ; 1.5V    ; --         ;                 ; --       ; --           ;
; T19      ; 35         ; QL0      ; GXB_GND*                                   ;        ;              ;         ; --         ;                 ; --       ; --           ;
; T20      ; 34         ; QL0      ; GXB_GND*                                   ;        ;              ;         ; --         ;                 ; --       ; --           ;
; U1       ; 146        ; 4A       ; RESERVED_INPUT_WITH_WEAK_PULLUP            ;        ;              ;         ; Column I/O ;                 ; no       ; On           ;
; U2       ; 148        ; 4A       ; ALUin1test[2]                              ; output ; 2.5 V        ;         ; Column I/O ; N               ; no       ; Off          ;
; U3       ; 147        ; 4A       ; ALUcontroltest[3]                          ; output ; 2.5 V        ;         ; Column I/O ; N               ; no       ; Off          ;
; U4       ; 169        ; 4A       ; RESERVED_INPUT_WITH_WEAK_PULLUP            ;        ;              ;         ; Column I/O ;                 ; no       ; On           ;
; U5       ;            ;          ; VCCA_PLL_3                                 ; power  ;              ; 2.5V    ; --         ;                 ; --       ; --           ;
; U6       ; 149        ; 4A       ; RESERVED_INPUT_WITH_WEAK_PULLUP            ;        ;              ;         ; Column I/O ;                 ; no       ; On           ;
; U7       ; 111        ; 4A       ; pc[5]                                      ; output ; 2.5 V        ;         ; Column I/O ; N               ; no       ; Off          ;
; U8       ;            ; 4A       ; VCCIO4A                                    ; power  ;              ; 2.5V    ; --         ;                 ; --       ; --           ;
; U9       ; 119        ; 4A       ; IMout[15]                                  ; output ; 2.5 V        ;         ; Column I/O ; N               ; no       ; Off          ;
; U10      ; 101        ; 3A       ; clk3                                       ; input  ; 2.5 V        ;         ; Column I/O ; N               ; no       ; Off          ;
; U11      ; 67         ; 3A       ; RFdataINtest[4]                            ; output ; 2.5 V        ;         ; Column I/O ; N               ; no       ; Off          ;
; U12      ; 65         ; 3A       ; IMout[12]                                  ; output ; 2.5 V        ;         ; Column I/O ; N               ; no       ; Off          ;
; U13      ; 64         ; 3A       ; IMout[6]                                   ; output ; 2.5 V        ;         ; Column I/O ; N               ; no       ; Off          ;
; U14      ; 59         ; 3A       ; RFdataINtest[7]                            ; output ; 2.5 V        ;         ; Column I/O ; N               ; no       ; Off          ;
; U15      ; 57         ; 3A       ; RFdataINtest[3]                            ; output ; 2.5 V        ;         ; Column I/O ; N               ; no       ; Off          ;
; U16      ; 42         ; 3C       ; ^MSEL3                                     ;        ;              ;         ; --         ;                 ; --       ; --           ;
; U17      ;            ;          ; VCCA_PLL_4                                 ; power  ;              ; 2.5V    ; --         ;                 ; --       ; --           ;
; U18      ;            ;          ; NC                                         ;        ;              ;         ; --         ;                 ; --       ; --           ;
; U19      ;            ;          ; GND                                        ; gnd    ;              ;         ; --         ;                 ; --       ; --           ;
; U20      ;            ;          ; GND                                        ; gnd    ;              ;         ; --         ;                 ; --       ; --           ;
; V1       ; 142        ; 4A       ; RESERVED_INPUT_WITH_WEAK_PULLUP            ;        ;              ;         ; Column I/O ;                 ; no       ; On           ;
; V2       ; 144        ; 4A       ; RegWritetest                               ; output ; 2.5 V        ;         ; Column I/O ; N               ; no       ; Off          ;
; V3       ; 145        ; 4A       ; RESERVED_INPUT_WITH_WEAK_PULLUP            ;        ;              ;         ; Column I/O ;                 ; no       ; On           ;
; V4       ; 140        ; 4A       ; Jump                                       ; output ; 2.5 V        ;         ; Column I/O ; N               ; no       ; Off          ;
; V5       ; 139        ; 4A       ; ALUin2test[0]                              ; output ; 2.5 V        ;         ; Column I/O ; N               ; no       ; Off          ;
; V6       ; 137        ; 4A       ; ALUin1test[6]                              ; output ; 2.5 V        ;         ; Column I/O ; N               ; no       ; Off          ;
; V7       ; 109        ; 4A       ; IMout[7]                                   ; output ; 2.5 V        ;         ; Column I/O ; N               ; no       ; Off          ;
; V8       ; 117        ; 4A       ; ALUtest[6]                                 ; output ; 2.5 V        ;         ; Column I/O ; N               ; no       ; Off          ;
; V9       ; 107        ; 4A       ; pc[3]                                      ; output ; 2.5 V        ;         ; Column I/O ; N               ; no       ; Off          ;
; V10      ; 105        ; 4A       ; IMout[3]                                   ; output ; 2.5 V        ;         ; Column I/O ; N               ; no       ; Off          ;
; V11      ;            ; 3A       ; VCCIO3A                                    ; power  ;              ; 2.5V    ; --         ;                 ; --       ; --           ;
; V12      ; 62         ; 3A       ; RFout2test[3]                              ; output ; 2.5 V        ;         ; Column I/O ; N               ; no       ; Off          ;
; V13      ; 55         ; 3A       ; RFout2test[1]                              ; output ; 2.5 V        ;         ; Column I/O ; N               ; no       ; Off          ;
; V14      ; 53         ; 3A       ; ALUtest[7]                                 ; output ; 2.5 V        ;         ; Column I/O ; N               ; no       ; Off          ;
; V15      ; 51         ; 3A       ; RESERVED_INPUT_WITH_WEAK_PULLUP            ;        ;              ;         ; Column I/O ;                 ; no       ; On           ;
; V16      ; 46         ; 3C       ; ^nSTATUS                                   ;        ;              ;         ; --         ;                 ; --       ; --           ;
; V17      ;            ;          ; GND                                        ; gnd    ;              ;         ; --         ;                 ; --       ; --           ;
; V18      ;            ;          ; NC                                         ;        ;              ;         ; --         ;                 ; --       ; --           ;
; V19      ; 37         ; QL0      ; GXB_NC                                     ;        ;              ;         ; --         ;                 ; --       ; --           ;
; V20      ; 36         ; QL0      ; GXB_NC                                     ;        ;              ;         ; --         ;                 ; --       ; --           ;
; W1       ; 120        ; 4A       ; ALUOptest[1]                               ; output ; 2.5 V        ;         ; Column I/O ; N               ; no       ; Off          ;
; W2       ;            ;          ; GND                                        ; gnd    ;              ;         ; --         ;                 ; --       ; --           ;
; W3       ;            ; 4A       ; VCCIO4A                                    ; power  ;              ; 2.5V    ; --         ;                 ; --       ; --           ;
; W4       ; 138        ; 4A       ; RFout1test[6]                              ; output ; 2.5 V        ;         ; Column I/O ; N               ; no       ; Off          ;
; W5       ;            ;          ; GND                                        ; gnd    ;              ;         ; --         ;                 ; --       ; --           ;
; W6       ; 112        ; 4A       ; pc[0]                                      ; output ; 2.5 V        ;         ; Column I/O ; N               ; no       ; Off          ;
; W7       ; 108        ; 4A       ; IMout[2]                                   ; output ; 2.5 V        ;         ; Column I/O ; N               ; no       ; Off          ;
; W8       ;            ;          ; GND                                        ; gnd    ;              ;         ; --         ;                 ; --       ; --           ;
; W9       ; 104        ; 4A       ; clk4                                       ; input  ; 2.5 V        ;         ; Column I/O ; N               ; no       ; Off          ;
; W10      ; 68         ; 3A       ; IMout[13]                                  ; output ; 2.5 V        ;         ; Column I/O ; N               ; no       ; Off          ;
; W11      ;            ;          ; GND                                        ; gnd    ;              ;         ; --         ;                 ; --       ; --           ;
; W12      ; 60         ; 3A       ; ~ALTERA_nCEO~ / RESERVED_OUTPUT_OPEN_DRAIN ; output ; 2.5 V        ;         ; Column I/O ; N               ; no       ; Off          ;
; W13      ; 56         ; 3A       ; RFout2test[0]                              ; output ; 2.5 V        ;         ; Column I/O ; N               ; no       ; Off          ;
; W14      ;            ;          ; GND                                        ; gnd    ;              ;         ; --         ;                 ; --       ; --           ;
; W15      ; 49         ; 3A       ; RESERVED_INPUT_WITH_WEAK_PULLUP            ;        ;              ;         ; Column I/O ;                 ; no       ; On           ;
; W16      ;            ;          ; GND                                        ; gnd    ;              ;         ; --         ;                 ; --       ; --           ;
; W17      ; 39         ; QL0      ; GXB_GND*                                   ;        ;              ;         ; --         ;                 ; --       ; --           ;
; W18      ;            ;          ; GND                                        ; gnd    ;              ;         ; --         ;                 ; --       ; --           ;
; W19      ;            ;          ; GND                                        ; gnd    ;              ;         ; --         ;                 ; --       ; --           ;
; W20      ;            ;          ; GND                                        ; gnd    ;              ;         ; --         ;                 ; --       ; --           ;
; Y1       ; 118        ; 4A       ; ALUtest[0]                                 ; output ; 2.5 V        ;         ; Column I/O ; N               ; no       ; Off          ;
; Y2       ; 115        ; 4A       ; ALUin2test[4]                              ; output ; 2.5 V        ;         ; Column I/O ; N               ; no       ; Off          ;
; Y3       ; 113        ; 4A       ; pc[7]                                      ; output ; 2.5 V        ;         ; Column I/O ; N               ; no       ; Off          ;
; Y4       ; 116        ; 4A       ; ALUin2test[5]                              ; output ; 2.5 V        ;         ; Column I/O ; N               ; no       ; Off          ;
; Y5       ; 114        ; 4A       ; pc[4]                                      ; output ; 2.5 V        ;         ; Column I/O ; N               ; no       ; Off          ;
; Y6       ; 110        ; 4A       ; ALUcontroltest[1]                          ; output ; 2.5 V        ;         ; Column I/O ; N               ; no       ; Off          ;
; Y7       ; 106        ; 4A       ; pc[1]                                      ; output ; 2.5 V        ;         ; Column I/O ; N               ; no       ; Off          ;
; Y8       ; 102        ; 4A       ; clk1                                       ; input  ; 2.5 V        ;         ; Column I/O ; N               ; no       ; Off          ;
; Y9       ; 66         ; 3A       ; IMout[5]                                   ; output ; 2.5 V        ;         ; Column I/O ; N               ; no       ; Off          ;
; Y10      ; 63         ; 3A       ; RFout2test[4]                              ; output ; 2.5 V        ;         ; Column I/O ; N               ; no       ; Off          ;
; Y11      ; 61         ; 3A       ; RFout2test[7]                              ; output ; 2.5 V        ;         ; Column I/O ; N               ; no       ; Off          ;
; Y12      ; 58         ; 3A       ; RFdataINtest[6]                            ; output ; 2.5 V        ;         ; Column I/O ; N               ; no       ; Off          ;
; Y13      ; 54         ; 3A       ; RFdataINtest[2]                            ; output ; 2.5 V        ;         ; Column I/O ; N               ; no       ; Off          ;
; Y14      ; 52         ; 3A       ; RESERVED_INPUT_WITH_WEAK_PULLUP            ;        ;              ;         ; Column I/O ;                 ; no       ; On           ;
; Y15      ; 50         ; 3A       ; RESERVED_INPUT_WITH_WEAK_PULLUP            ;        ;              ;         ; Column I/O ;                 ; no       ; On           ;
; Y16      ;            ;          ; GND                                        ; gnd    ;              ;         ; --         ;                 ; --       ; --           ;
; Y17      ; 38         ; QL0      ; GXB_GND*                                   ;        ;              ;         ; --         ;                 ; --       ; --           ;
; Y18      ;            ;          ; GND                                        ; gnd    ;              ;         ; --         ;                 ; --       ; --           ;
; Y19      ;            ;          ; RREF                                       ;        ;              ;         ; --         ;                 ; --       ; --           ;
; Y20      ;            ;          ; GND                                        ; gnd    ;              ;         ; --         ;                 ; --       ; --           ;
+----------+------------+----------+--------------------------------------------+--------+--------------+---------+------------+-----------------+----------+--------------+
Note: Pin directions (input, output or bidir) are based on device operating in user mode.


+--------------------------------------------------------------------------------------------------------------------------------------------------------------------------------------------------------------------------------------------------------------------------------------------------------------------------------------------------------------------------------------------------------------------------------------------------------------------------------------------+
; Fitter Resource Utilization by Entity                                                                                                                                                                                                                                                                                                                                                                                                                                                      ;
+-------------------------------------------------+---------------------+--------------+----------+---------+---------------------------+---------------+-------------------+------+--------------+---------+-----------+-----------+-----------+------+--------------+--------------------------------+--------------------+-------------------------------+-----------------------------------------------------------------------------------------------------------------+--------------+
; Compilation Hierarchy Node                      ; Combinational ALUTs ; Memory ALUTs ; LUT_REGs ; ALMs    ; Dedicated Logic Registers ; I/O Registers ; Block Memory Bits ; M9Ks ; DSP Elements ; DSP 9x9 ; DSP 12x12 ; DSP 18x18 ; DSP 36x36 ; Pins ; Virtual Pins ; Combinational with no register ; Register-Only      ; Combinational with a register ; Full Hierarchy Name                                                                                             ; Library Name ;
;                                                 ;                     ;              ;          ;         ;                           ;               ;                   ;      ;              ;         ;           ;           ;           ;      ;              ; ALUT/register pair             ; ALUT/register pair ; ALUT/register pair            ;                                                                                                                 ;              ;
+-------------------------------------------------+---------------------+--------------+----------+---------+---------------------------+---------------+-------------------+------+--------------+---------+-----------+-----------+-----------+------+--------------+--------------------------------+--------------------+-------------------------------+-----------------------------------------------------------------------------------------------------------------+--------------+
; |SingleCycleDebug                               ; 164 (1)             ; 0 (0)        ; 0 (0)    ; 142 (0) ; 72 (0)                    ; 0 (0)         ; 6144              ; 3    ; 0            ; 0       ; 0         ; 0         ; 0         ; 86   ; 0            ; 131 (1)                        ; 39 (0)             ; 33 (0)                        ; |SingleCycleDebug                                                                                               ; work         ;
;    |ALU:inst|                                   ; 48 (2)              ; 0 (0)        ; 0 (0)    ; 38 (2)  ; 0 (0)                     ; 0 (0)         ; 0                 ; 0    ; 0            ; 0       ; 0         ; 0         ; 0         ; 0    ; 0            ; 48 (2)                         ; 0 (0)              ; 0 (0)                         ; |SingleCycleDebug|ALU:inst                                                                                      ; work         ;
;       |CSA:inst4|                               ; 15 (3)              ; 0 (0)        ; 0 (0)    ; 11 (2)  ; 0 (0)                     ; 0 (0)         ; 0                 ; 0    ; 0            ; 0       ; 0         ; 0         ; 0         ; 0    ; 0            ; 15 (3)                         ; 0 (0)              ; 0 (0)                         ; |SingleCycleDebug|ALU:inst|CSA:inst4                                                                            ; work         ;
;          |fulladder:inst11|                     ; 2 (2)               ; 0 (0)        ; 0 (0)    ; 1 (1)   ; 0 (0)                     ; 0 (0)         ; 0                 ; 0    ; 0            ; 0       ; 0         ; 0         ; 0         ; 0    ; 0            ; 2 (2)                          ; 0 (0)              ; 0 (0)                         ; |SingleCycleDebug|ALU:inst|CSA:inst4|fulladder:inst11                                                           ; work         ;
;          |fulladder:inst12|                     ; 1 (1)               ; 0 (0)        ; 0 (0)    ; 1 (1)   ; 0 (0)                     ; 0 (0)         ; 0                 ; 0    ; 0            ; 0       ; 0         ; 0         ; 0         ; 0    ; 0            ; 1 (1)                          ; 0 (0)              ; 0 (0)                         ; |SingleCycleDebug|ALU:inst|CSA:inst4|fulladder:inst12                                                           ; work         ;
;          |fulladder:inst19|                     ; 1 (1)               ; 0 (0)        ; 0 (0)    ; 1 (1)   ; 0 (0)                     ; 0 (0)         ; 0                 ; 0    ; 0            ; 0       ; 0         ; 0         ; 0         ; 0    ; 0            ; 1 (1)                          ; 0 (0)              ; 0 (0)                         ; |SingleCycleDebug|ALU:inst|CSA:inst4|fulladder:inst19                                                           ; work         ;
;          |fulladder:inst25|                     ; 1 (1)               ; 0 (0)        ; 0 (0)    ; 1 (1)   ; 0 (0)                     ; 0 (0)         ; 0                 ; 0    ; 0            ; 0       ; 0         ; 0         ; 0         ; 0    ; 0            ; 1 (1)                          ; 0 (0)              ; 0 (0)                         ; |SingleCycleDebug|ALU:inst|CSA:inst4|fulladder:inst25                                                           ; work         ;
;          |fulladder:inst2|                      ; 1 (1)               ; 0 (0)        ; 0 (0)    ; 1 (1)   ; 0 (0)                     ; 0 (0)         ; 0                 ; 0    ; 0            ; 0       ; 0         ; 0         ; 0         ; 0    ; 0            ; 1 (1)                          ; 0 (0)              ; 0 (0)                         ; |SingleCycleDebug|ALU:inst|CSA:inst4|fulladder:inst2                                                            ; work         ;
;          |fulladder:inst3|                      ; 2 (2)               ; 0 (0)        ; 0 (0)    ; 2 (2)   ; 0 (0)                     ; 0 (0)         ; 0                 ; 0    ; 0            ; 0       ; 0         ; 0         ; 0         ; 0    ; 0            ; 2 (2)                          ; 0 (0)              ; 0 (0)                         ; |SingleCycleDebug|ALU:inst|CSA:inst4|fulladder:inst3                                                            ; work         ;
;          |fulladder:inst4|                      ; 1 (1)               ; 0 (0)        ; 0 (0)    ; 1 (1)   ; 0 (0)                     ; 0 (0)         ; 0                 ; 0    ; 0            ; 0       ; 0         ; 0         ; 0         ; 0    ; 0            ; 1 (1)                          ; 0 (0)              ; 0 (0)                         ; |SingleCycleDebug|ALU:inst|CSA:inst4|fulladder:inst4                                                            ; work         ;
;          |fulladder:inst5|                      ; 1 (1)               ; 0 (0)        ; 0 (0)    ; 1 (1)   ; 0 (0)                     ; 0 (0)         ; 0                 ; 0    ; 0            ; 0       ; 0         ; 0         ; 0         ; 0    ; 0            ; 1 (1)                          ; 0 (0)              ; 0 (0)                         ; |SingleCycleDebug|ALU:inst|CSA:inst4|fulladder:inst5                                                            ; work         ;
;          |fulladder:inst7|                      ; 1 (1)               ; 0 (0)        ; 0 (0)    ; 1 (1)   ; 0 (0)                     ; 0 (0)         ; 0                 ; 0    ; 0            ; 0       ; 0         ; 0         ; 0         ; 0    ; 0            ; 1 (1)                          ; 0 (0)              ; 0 (0)                         ; |SingleCycleDebug|ALU:inst|CSA:inst4|fulladder:inst7                                                            ; work         ;
;          |fulladder:inst8|                      ; 1 (1)               ; 0 (0)        ; 0 (0)    ; 1 (1)   ; 0 (0)                     ; 0 (0)         ; 0                 ; 0    ; 0            ; 0       ; 0         ; 0         ; 0         ; 0    ; 0            ; 1 (1)                          ; 0 (0)              ; 0 (0)                         ; |SingleCycleDebug|ALU:inst|CSA:inst4|fulladder:inst8                                                            ; work         ;
;       |equal:inst6|                             ; 9 (9)               ; 0 (0)        ; 0 (0)    ; 7 (7)   ; 0 (0)                     ; 0 (0)         ; 0                 ; 0    ; 0            ; 0       ; 0         ; 0         ; 0         ; 0    ; 0            ; 9 (9)                          ; 0 (0)              ; 0 (0)                         ; |SingleCycleDebug|ALU:inst|equal:inst6                                                                          ; work         ;
;       |lpm_mux1:inst10|                         ; 22 (0)              ; 0 (0)        ; 0 (0)    ; 21 (0)  ; 0 (0)                     ; 0 (0)         ; 0                 ; 0    ; 0            ; 0       ; 0         ; 0         ; 0         ; 0    ; 0            ; 22 (0)                         ; 0 (0)              ; 0 (0)                         ; |SingleCycleDebug|ALU:inst|lpm_mux1:inst10                                                                      ; work         ;
;          |lpm_mux:LPM_MUX_component|            ; 22 (0)              ; 0 (0)        ; 0 (0)    ; 21 (0)  ; 0 (0)                     ; 0 (0)         ; 0                 ; 0    ; 0            ; 0       ; 0         ; 0         ; 0         ; 0    ; 0            ; 22 (0)                         ; 0 (0)              ; 0 (0)                         ; |SingleCycleDebug|ALU:inst|lpm_mux1:inst10|lpm_mux:LPM_MUX_component                                            ; work         ;
;             |mux_5oc:auto_generated|            ; 22 (22)             ; 0 (0)        ; 0 (0)    ; 21 (21) ; 0 (0)                     ; 0 (0)         ; 0                 ; 0    ; 0            ; 0       ; 0         ; 0         ; 0         ; 0    ; 0            ; 22 (22)                        ; 0 (0)              ; 0 (0)                         ; |SingleCycleDebug|ALU:inst|lpm_mux1:inst10|lpm_mux:LPM_MUX_component|mux_5oc:auto_generated                     ; work         ;
;    |ALUcontrol:inst3|                           ; 3 (0)               ; 0 (0)        ; 0 (0)    ; 3 (0)   ; 0 (0)                     ; 0 (0)         ; 0                 ; 0    ; 0            ; 0       ; 0         ; 0         ; 0         ; 0    ; 0            ; 3 (0)                          ; 0 (0)              ; 0 (0)                         ; |SingleCycleDebug|ALUcontrol:inst3                                                                              ; work         ;
;       |lpm_mux5:inst|                           ; 3 (0)               ; 0 (0)        ; 0 (0)    ; 3 (0)   ; 0 (0)                     ; 0 (0)         ; 0                 ; 0    ; 0            ; 0       ; 0         ; 0         ; 0         ; 0    ; 0            ; 3 (0)                          ; 0 (0)              ; 0 (0)                         ; |SingleCycleDebug|ALUcontrol:inst3|lpm_mux5:inst                                                                ; work         ;
;          |lpm_mux:LPM_MUX_component|            ; 3 (0)               ; 0 (0)        ; 0 (0)    ; 3 (0)   ; 0 (0)                     ; 0 (0)         ; 0                 ; 0    ; 0            ; 0       ; 0         ; 0         ; 0         ; 0    ; 0            ; 3 (0)                          ; 0 (0)              ; 0 (0)                         ; |SingleCycleDebug|ALUcontrol:inst3|lpm_mux5:inst|lpm_mux:LPM_MUX_component                                      ; work         ;
;             |mux_rnc:auto_generated|            ; 3 (3)               ; 0 (0)        ; 0 (0)    ; 3 (3)   ; 0 (0)                     ; 0 (0)         ; 0                 ; 0    ; 0            ; 0       ; 0         ; 0         ; 0         ; 0    ; 0            ; 3 (3)                          ; 0 (0)              ; 0 (0)                         ; |SingleCycleDebug|ALUcontrol:inst3|lpm_mux5:inst|lpm_mux:LPM_MUX_component|mux_rnc:auto_generated               ; work         ;
;    |CSA:inst7|                                  ; 4 (0)               ; 0 (0)        ; 0 (0)    ; 4 (0)   ; 0 (0)                     ; 0 (0)         ; 0                 ; 0    ; 0            ; 0       ; 0         ; 0         ; 0         ; 0    ; 0            ; 4 (0)                          ; 0 (0)              ; 0 (0)                         ; |SingleCycleDebug|CSA:inst7                                                                                     ; work         ;
;       |fulladder:inst2|                         ; 1 (1)               ; 0 (0)        ; 0 (0)    ; 1 (1)   ; 0 (0)                     ; 0 (0)         ; 0                 ; 0    ; 0            ; 0       ; 0         ; 0         ; 0         ; 0    ; 0            ; 1 (1)                          ; 0 (0)              ; 0 (0)                         ; |SingleCycleDebug|CSA:inst7|fulladder:inst2                                                                     ; work         ;
;       |fulladder:inst3|                         ; 2 (2)               ; 0 (0)        ; 0 (0)    ; 2 (2)   ; 0 (0)                     ; 0 (0)         ; 0                 ; 0    ; 0            ; 0       ; 0         ; 0         ; 0         ; 0    ; 0            ; 2 (2)                          ; 0 (0)              ; 0 (0)                         ; |SingleCycleDebug|CSA:inst7|fulladder:inst3                                                                     ; work         ;
;       |lpm_mux0:inst|                           ; 1 (0)               ; 0 (0)        ; 0 (0)    ; 1 (0)   ; 0 (0)                     ; 0 (0)         ; 0                 ; 0    ; 0            ; 0       ; 0         ; 0         ; 0         ; 0    ; 0            ; 1 (0)                          ; 0 (0)              ; 0 (0)                         ; |SingleCycleDebug|CSA:inst7|lpm_mux0:inst                                                                       ; work         ;
;          |lpm_mux:LPM_MUX_component|            ; 1 (0)               ; 0 (0)        ; 0 (0)    ; 1 (0)   ; 0 (0)                     ; 0 (0)         ; 0                 ; 0    ; 0            ; 0       ; 0         ; 0         ; 0         ; 0    ; 0            ; 1 (0)                          ; 0 (0)              ; 0 (0)                         ; |SingleCycleDebug|CSA:inst7|lpm_mux0:inst|lpm_mux:LPM_MUX_component                                             ; work         ;
;             |mux_pnc:auto_generated|            ; 1 (1)               ; 0 (0)        ; 0 (0)    ; 1 (1)   ; 0 (0)                     ; 0 (0)         ; 0                 ; 0    ; 0            ; 0       ; 0         ; 0         ; 0         ; 0    ; 0            ; 1 (1)                          ; 0 (0)              ; 0 (0)                         ; |SingleCycleDebug|CSA:inst7|lpm_mux0:inst|lpm_mux:LPM_MUX_component|mux_pnc:auto_generated                      ; work         ;
;    |CSA:inst8|                                  ; 11 (0)              ; 0 (0)        ; 0 (0)    ; 10 (0)  ; 0 (0)                     ; 0 (0)         ; 0                 ; 0    ; 0            ; 0       ; 0         ; 0         ; 0         ; 0    ; 0            ; 11 (0)                         ; 0 (0)              ; 0 (0)                         ; |SingleCycleDebug|CSA:inst8                                                                                     ; work         ;
;       |fulladder:inst12|                        ; 1 (1)               ; 0 (0)        ; 0 (0)    ; 1 (1)   ; 0 (0)                     ; 0 (0)         ; 0                 ; 0    ; 0            ; 0       ; 0         ; 0         ; 0         ; 0    ; 0            ; 1 (1)                          ; 0 (0)              ; 0 (0)                         ; |SingleCycleDebug|CSA:inst8|fulladder:inst12                                                                    ; work         ;
;       |fulladder:inst19|                        ; 1 (1)               ; 0 (0)        ; 0 (0)    ; 1 (1)   ; 0 (0)                     ; 0 (0)         ; 0                 ; 0    ; 0            ; 0       ; 0         ; 0         ; 0         ; 0    ; 0            ; 1 (1)                          ; 0 (0)              ; 0 (0)                         ; |SingleCycleDebug|CSA:inst8|fulladder:inst19                                                                    ; work         ;
;       |fulladder:inst25|                        ; 2 (2)               ; 0 (0)        ; 0 (0)    ; 2 (2)   ; 0 (0)                     ; 0 (0)         ; 0                 ; 0    ; 0            ; 0       ; 0         ; 0         ; 0         ; 0    ; 0            ; 2 (2)                          ; 0 (0)              ; 0 (0)                         ; |SingleCycleDebug|CSA:inst8|fulladder:inst25                                                                    ; work         ;
;       |fulladder:inst3|                         ; 2 (2)               ; 0 (0)        ; 0 (0)    ; 2 (2)   ; 0 (0)                     ; 0 (0)         ; 0                 ; 0    ; 0            ; 0       ; 0         ; 0         ; 0         ; 0    ; 0            ; 2 (2)                          ; 0 (0)              ; 0 (0)                         ; |SingleCycleDebug|CSA:inst8|fulladder:inst3                                                                     ; work         ;
;       |fulladder:inst4|                         ; 2 (2)               ; 0 (0)        ; 0 (0)    ; 2 (2)   ; 0 (0)                     ; 0 (0)         ; 0                 ; 0    ; 0            ; 0       ; 0         ; 0         ; 0         ; 0    ; 0            ; 2 (2)                          ; 0 (0)              ; 0 (0)                         ; |SingleCycleDebug|CSA:inst8|fulladder:inst4                                                                     ; work         ;
;       |fulladder:inst5|                         ; 1 (1)               ; 0 (0)        ; 0 (0)    ; 1 (1)   ; 0 (0)                     ; 0 (0)         ; 0                 ; 0    ; 0            ; 0       ; 0         ; 0         ; 0         ; 0    ; 0            ; 1 (1)                          ; 0 (0)              ; 0 (0)                         ; |SingleCycleDebug|CSA:inst8|fulladder:inst5                                                                     ; work         ;
;       |fulladder:inst7|                         ; 1 (1)               ; 0 (0)        ; 0 (0)    ; 1 (1)   ; 0 (0)                     ; 0 (0)         ; 0                 ; 0    ; 0            ; 0       ; 0         ; 0         ; 0         ; 0    ; 0            ; 1 (1)                          ; 0 (0)              ; 0 (0)                         ; |SingleCycleDebug|CSA:inst8|fulladder:inst7                                                                     ; work         ;
;       |fulladder:inst8|                         ; 1 (1)               ; 0 (0)        ; 0 (0)    ; 1 (1)   ; 0 (0)                     ; 0 (0)         ; 0                 ; 0    ; 0            ; 0       ; 0         ; 0         ; 0         ; 0    ; 0            ; 1 (1)                          ; 0 (0)              ; 0 (0)                         ; |SingleCycleDebug|CSA:inst8|fulladder:inst8                                                                     ; work         ;
;    |Dmem:inst4|                                 ; 0 (0)               ; 0 (0)        ; 0 (0)    ; 0 (0)   ; 0 (0)                     ; 0 (0)         ; 2048              ; 1    ; 0            ; 0       ; 0         ; 0         ; 0         ; 0    ; 0            ; 0 (0)                          ; 0 (0)              ; 0 (0)                         ; |SingleCycleDebug|Dmem:inst4                                                                                    ; work         ;
;       |lpm_ram_dq:inst1|                        ; 0 (0)               ; 0 (0)        ; 0 (0)    ; 0 (0)   ; 0 (0)                     ; 0 (0)         ; 2048              ; 1    ; 0            ; 0       ; 0         ; 0         ; 0         ; 0    ; 0            ; 0 (0)                          ; 0 (0)              ; 0 (0)                         ; |SingleCycleDebug|Dmem:inst4|lpm_ram_dq:inst1                                                                   ; work         ;
;          |altram:sram|                          ; 0 (0)               ; 0 (0)        ; 0 (0)    ; 0 (0)   ; 0 (0)                     ; 0 (0)         ; 2048              ; 1    ; 0            ; 0       ; 0         ; 0         ; 0         ; 0    ; 0            ; 0 (0)                          ; 0 (0)              ; 0 (0)                         ; |SingleCycleDebug|Dmem:inst4|lpm_ram_dq:inst1|altram:sram                                                       ; work         ;
;             |altsyncram:ram_block|              ; 0 (0)               ; 0 (0)        ; 0 (0)    ; 0 (0)   ; 0 (0)                     ; 0 (0)         ; 2048              ; 1    ; 0            ; 0       ; 0         ; 0         ; 0         ; 0    ; 0            ; 0 (0)                          ; 0 (0)              ; 0 (0)                         ; |SingleCycleDebug|Dmem:inst4|lpm_ram_dq:inst1|altram:sram|altsyncram:ram_block                                  ; work         ;
;                |altsyncram_00e1:auto_generated| ; 0 (0)               ; 0 (0)        ; 0 (0)    ; 0 (0)   ; 0 (0)                     ; 0 (0)         ; 2048              ; 1    ; 0            ; 0       ; 0         ; 0         ; 0         ; 0    ; 0            ; 0 (0)                          ; 0 (0)              ; 0 (0)                         ; |SingleCycleDebug|Dmem:inst4|lpm_ram_dq:inst1|altram:sram|altsyncram:ram_block|altsyncram_00e1:auto_generated   ; work         ;
;    |Icache:inst2|                               ; 0 (0)               ; 0 (0)        ; 0 (0)    ; 0 (0)   ; 0 (0)                     ; 0 (0)         ; 4096              ; 2    ; 0            ; 0       ; 0         ; 0         ; 0         ; 0    ; 0            ; 0 (0)                          ; 0 (0)              ; 0 (0)                         ; |SingleCycleDebug|Icache:inst2                                                                                  ; work         ;
;       |lpm_ram_dq:inst1|                        ; 0 (0)               ; 0 (0)        ; 0 (0)    ; 0 (0)   ; 0 (0)                     ; 0 (0)         ; 4096              ; 2    ; 0            ; 0       ; 0         ; 0         ; 0         ; 0    ; 0            ; 0 (0)                          ; 0 (0)              ; 0 (0)                         ; |SingleCycleDebug|Icache:inst2|lpm_ram_dq:inst1                                                                 ; work         ;
;          |altram:sram|                          ; 0 (0)               ; 0 (0)        ; 0 (0)    ; 0 (0)   ; 0 (0)                     ; 0 (0)         ; 4096              ; 2    ; 0            ; 0       ; 0         ; 0         ; 0         ; 0    ; 0            ; 0 (0)                          ; 0 (0)              ; 0 (0)                         ; |SingleCycleDebug|Icache:inst2|lpm_ram_dq:inst1|altram:sram                                                     ; work         ;
;             |altsyncram:ram_block|              ; 0 (0)               ; 0 (0)        ; 0 (0)    ; 0 (0)   ; 0 (0)                     ; 0 (0)         ; 4096              ; 2    ; 0            ; 0       ; 0         ; 0         ; 0         ; 0    ; 0            ; 0 (0)                          ; 0 (0)              ; 0 (0)                         ; |SingleCycleDebug|Icache:inst2|lpm_ram_dq:inst1|altram:sram|altsyncram:ram_block                                ; work         ;
;                |altsyncram_vuf1:auto_generated| ; 0 (0)               ; 0 (0)        ; 0 (0)    ; 0 (0)   ; 0 (0)                     ; 0 (0)         ; 4096              ; 2    ; 0            ; 0       ; 0         ; 0         ; 0         ; 0    ; 0            ; 0 (0)                          ; 0 (0)              ; 0 (0)                         ; |SingleCycleDebug|Icache:inst2|lpm_ram_dq:inst1|altram:sram|altsyncram:ram_block|altsyncram_vuf1:auto_generated ; work         ;
;    |control:inst12|                             ; 12 (12)             ; 0 (0)        ; 0 (0)    ; 11 (11) ; 0 (0)                     ; 0 (0)         ; 0                 ; 0    ; 0            ; 0       ; 0         ; 0         ; 0         ; 0    ; 0            ; 9 (9)                          ; 0 (0)              ; 3 (3)                         ; |SingleCycleDebug|control:inst12                                                                                ; work         ;
;    |lpm_mux4:inst24|                            ; 11 (0)              ; 0 (0)        ; 0 (0)    ; 9 (0)   ; 0 (0)                     ; 0 (0)         ; 0                 ; 0    ; 0            ; 0       ; 0         ; 0         ; 0         ; 0    ; 0            ; 11 (0)                         ; 0 (0)              ; 0 (0)                         ; |SingleCycleDebug|lpm_mux4:inst24                                                                               ; work         ;
;       |lpm_mux:LPM_MUX_component|               ; 11 (0)              ; 0 (0)        ; 0 (0)    ; 9 (0)   ; 0 (0)                     ; 0 (0)         ; 0                 ; 0    ; 0            ; 0       ; 0         ; 0         ; 0         ; 0    ; 0            ; 11 (0)                         ; 0 (0)              ; 0 (0)                         ; |SingleCycleDebug|lpm_mux4:inst24|lpm_mux:LPM_MUX_component                                                     ; work         ;
;          |mux_84e:auto_generated|               ; 11 (11)             ; 0 (0)        ; 0 (0)    ; 9 (9)   ; 0 (0)                     ; 0 (0)         ; 0                 ; 0    ; 0            ; 0       ; 0         ; 0         ; 0         ; 0    ; 0            ; 11 (11)                        ; 0 (0)              ; 0 (0)                         ; |SingleCycleDebug|lpm_mux4:inst24|lpm_mux:LPM_MUX_component|mux_84e:auto_generated                              ; work         ;
;    |lpm_mux4:inst31|                            ; 17 (0)              ; 0 (0)        ; 0 (0)    ; 15 (0)  ; 0 (0)                     ; 0 (0)         ; 0                 ; 0    ; 0            ; 0       ; 0         ; 0         ; 0         ; 0    ; 0            ; 9 (0)                          ; 0 (0)              ; 8 (0)                         ; |SingleCycleDebug|lpm_mux4:inst31                                                                               ; work         ;
;       |lpm_mux:LPM_MUX_component|               ; 17 (0)              ; 0 (0)        ; 0 (0)    ; 15 (0)  ; 0 (0)                     ; 0 (0)         ; 0                 ; 0    ; 0            ; 0       ; 0         ; 0         ; 0         ; 0    ; 0            ; 9 (0)                          ; 0 (0)              ; 8 (0)                         ; |SingleCycleDebug|lpm_mux4:inst31|lpm_mux:LPM_MUX_component                                                     ; work         ;
;          |mux_84e:auto_generated|               ; 17 (17)             ; 0 (0)        ; 0 (0)    ; 15 (15) ; 0 (0)                     ; 0 (0)         ; 0                 ; 0    ; 0            ; 0       ; 0         ; 0         ; 0         ; 0    ; 0            ; 9 (9)                          ; 0 (0)              ; 8 (8)                         ; |SingleCycleDebug|lpm_mux4:inst31|lpm_mux:LPM_MUX_component|mux_84e:auto_generated                              ; work         ;
;    |lpm_mux4:inst33|                            ; 10 (0)              ; 0 (0)        ; 0 (0)    ; 10 (0)  ; 0 (0)                     ; 0 (0)         ; 0                 ; 0    ; 0            ; 0       ; 0         ; 0         ; 0         ; 0    ; 0            ; 7 (0)                          ; 0 (0)              ; 3 (0)                         ; |SingleCycleDebug|lpm_mux4:inst33                                                                               ; work         ;
;       |lpm_mux:LPM_MUX_component|               ; 10 (0)              ; 0 (0)        ; 0 (0)    ; 10 (0)  ; 0 (0)                     ; 0 (0)         ; 0                 ; 0    ; 0            ; 0       ; 0         ; 0         ; 0         ; 0    ; 0            ; 7 (0)                          ; 0 (0)              ; 3 (0)                         ; |SingleCycleDebug|lpm_mux4:inst33|lpm_mux:LPM_MUX_component                                                     ; work         ;
;          |mux_84e:auto_generated|               ; 10 (10)             ; 0 (0)        ; 0 (0)    ; 10 (10) ; 0 (0)                     ; 0 (0)         ; 0                 ; 0    ; 0            ; 0       ; 0         ; 0         ; 0         ; 0    ; 0            ; 7 (7)                          ; 0 (0)              ; 3 (3)                         ; |SingleCycleDebug|lpm_mux4:inst33|lpm_mux:LPM_MUX_component|mux_84e:auto_generated                              ; work         ;
;    |lpm_mux6:inst20|                            ; 3 (0)               ; 0 (0)        ; 0 (0)    ; 3 (0)   ; 0 (0)                     ; 0 (0)         ; 0                 ; 0    ; 0            ; 0       ; 0         ; 0         ; 0         ; 0    ; 0            ; 3 (0)                          ; 0 (0)              ; 0 (0)                         ; |SingleCycleDebug|lpm_mux6:inst20                                                                               ; work         ;
;       |lpm_mux:LPM_MUX_component|               ; 3 (0)               ; 0 (0)        ; 0 (0)    ; 3 (0)   ; 0 (0)                     ; 0 (0)         ; 0                 ; 0    ; 0            ; 0       ; 0         ; 0         ; 0         ; 0    ; 0            ; 3 (0)                          ; 0 (0)              ; 0 (0)                         ; |SingleCycleDebug|lpm_mux6:inst20|lpm_mux:LPM_MUX_component                                                     ; work         ;
;          |mux_onc:auto_generated|               ; 3 (3)               ; 0 (0)        ; 0 (0)    ; 3 (3)   ; 0 (0)                     ; 0 (0)         ; 0                 ; 0    ; 0            ; 0       ; 0         ; 0         ; 0         ; 0    ; 0            ; 3 (3)                          ; 0 (0)              ; 0 (0)                         ; |SingleCycleDebug|lpm_mux6:inst20|lpm_mux:LPM_MUX_component|mux_onc:auto_generated                              ; work         ;
;    |lpm_mux6:inst21|                            ; 3 (0)               ; 0 (0)        ; 0 (0)    ; 3 (0)   ; 0 (0)                     ; 0 (0)         ; 0                 ; 0    ; 0            ; 0       ; 0         ; 0         ; 0         ; 0    ; 0            ; 3 (0)                          ; 0 (0)              ; 0 (0)                         ; |SingleCycleDebug|lpm_mux6:inst21                                                                               ; work         ;
;       |lpm_mux:LPM_MUX_component|               ; 3 (0)               ; 0 (0)        ; 0 (0)    ; 3 (0)   ; 0 (0)                     ; 0 (0)         ; 0                 ; 0    ; 0            ; 0       ; 0         ; 0         ; 0         ; 0    ; 0            ; 3 (0)                          ; 0 (0)              ; 0 (0)                         ; |SingleCycleDebug|lpm_mux6:inst21|lpm_mux:LPM_MUX_component                                                     ; work         ;
;          |mux_onc:auto_generated|               ; 3 (3)               ; 0 (0)        ; 0 (0)    ; 3 (3)   ; 0 (0)                     ; 0 (0)         ; 0                 ; 0    ; 0            ; 0       ; 0         ; 0         ; 0         ; 0    ; 0            ; 3 (3)                          ; 0 (0)              ; 0 (0)                         ; |SingleCycleDebug|lpm_mux6:inst21|lpm_mux:LPM_MUX_component|mux_onc:auto_generated                              ; work         ;
;    |register:ProgramCounter|                    ; 3 (3)               ; 0 (0)        ; 0 (0)    ; 10 (10) ; 8 (8)                     ; 0 (0)         ; 0                 ; 0    ; 0            ; 0       ; 0         ; 0         ; 0         ; 0    ; 0            ; 3 (3)                          ; 0 (0)              ; 8 (8)                         ; |SingleCycleDebug|register:ProgramCounter                                                                       ; work         ;
;    |registerfile:inst34|                        ; 38 (0)              ; 0 (0)        ; 0 (0)    ; 72 (0)  ; 64 (0)                    ; 0 (0)         ; 0                 ; 0    ; 0            ; 0       ; 0         ; 0         ; 0         ; 0    ; 0            ; 19 (0)                         ; 39 (0)             ; 25 (0)                        ; |SingleCycleDebug|registerfile:inst34                                                                           ; work         ;
;       |lpm_mux3:inst38|                         ; 16 (0)              ; 0 (0)        ; 0 (0)    ; 14 (0)  ; 0 (0)                     ; 0 (0)         ; 0                 ; 0    ; 0            ; 0       ; 0         ; 0         ; 0         ; 0    ; 0            ; 7 (0)                          ; 0 (0)              ; 9 (0)                         ; |SingleCycleDebug|registerfile:inst34|lpm_mux3:inst38                                                           ; work         ;
;          |lpm_mux:LPM_MUX_component|            ; 16 (0)              ; 0 (0)        ; 0 (0)    ; 14 (0)  ; 0 (0)                     ; 0 (0)         ; 0                 ; 0    ; 0            ; 0       ; 0         ; 0         ; 0         ; 0    ; 0            ; 7 (0)                          ; 0 (0)              ; 9 (0)                         ; |SingleCycleDebug|registerfile:inst34|lpm_mux3:inst38|lpm_mux:LPM_MUX_component                                 ; work         ;
;             |mux_g4e:auto_generated|            ; 16 (16)             ; 0 (0)        ; 0 (0)    ; 14 (14) ; 0 (0)                     ; 0 (0)         ; 0                 ; 0    ; 0            ; 0       ; 0         ; 0         ; 0         ; 0    ; 0            ; 7 (7)                          ; 0 (0)              ; 9 (9)                         ; |SingleCycleDebug|registerfile:inst34|lpm_mux3:inst38|lpm_mux:LPM_MUX_component|mux_g4e:auto_generated          ; work         ;
;       |lpm_mux3:inst39|                         ; 16 (0)              ; 0 (0)        ; 0 (0)    ; 14 (0)  ; 0 (0)                     ; 0 (0)         ; 0                 ; 0    ; 0            ; 0       ; 0         ; 0         ; 0         ; 0    ; 0            ; 6 (0)                          ; 0 (0)              ; 10 (0)                        ; |SingleCycleDebug|registerfile:inst34|lpm_mux3:inst39                                                           ; work         ;
;          |lpm_mux:LPM_MUX_component|            ; 16 (0)              ; 0 (0)        ; 0 (0)    ; 14 (0)  ; 0 (0)                     ; 0 (0)         ; 0                 ; 0    ; 0            ; 0       ; 0         ; 0         ; 0         ; 0    ; 0            ; 6 (0)                          ; 0 (0)              ; 10 (0)                        ; |SingleCycleDebug|registerfile:inst34|lpm_mux3:inst39|lpm_mux:LPM_MUX_component                                 ; work         ;
;             |mux_g4e:auto_generated|            ; 16 (16)             ; 0 (0)        ; 0 (0)    ; 14 (14) ; 0 (0)                     ; 0 (0)         ; 0                 ; 0    ; 0            ; 0       ; 0         ; 0         ; 0         ; 0    ; 0            ; 6 (6)                          ; 0 (0)              ; 10 (10)                       ; |SingleCycleDebug|registerfile:inst34|lpm_mux3:inst39|lpm_mux:LPM_MUX_component|mux_g4e:auto_generated          ; work         ;
;       |register:inst20|                         ; 1 (1)               ; 0 (0)        ; 0 (0)    ; 9 (9)   ; 8 (8)                     ; 0 (0)         ; 0                 ; 0    ; 0            ; 0       ; 0         ; 0         ; 0         ; 0    ; 0            ; 1 (1)                          ; 7 (7)              ; 1 (1)                         ; |SingleCycleDebug|registerfile:inst34|register:inst20                                                           ; work         ;
;       |register:inst23|                         ; 1 (1)               ; 0 (0)        ; 0 (0)    ; 9 (9)   ; 8 (8)                     ; 0 (0)         ; 0                 ; 0    ; 0            ; 0       ; 0         ; 0         ; 0         ; 0    ; 0            ; 1 (1)                          ; 8 (8)              ; 0 (0)                         ; |SingleCycleDebug|registerfile:inst34|register:inst23                                                           ; work         ;
;       |register:inst24|                         ; 1 (1)               ; 0 (0)        ; 0 (0)    ; 8 (8)   ; 8 (8)                     ; 0 (0)         ; 0                 ; 0    ; 0            ; 0       ; 0         ; 0         ; 0         ; 0    ; 0            ; 1 (1)                          ; 6 (6)              ; 2 (2)                         ; |SingleCycleDebug|registerfile:inst34|register:inst24                                                           ; work         ;
;       |register:inst25|                         ; 1 (1)               ; 0 (0)        ; 0 (0)    ; 9 (9)   ; 8 (8)                     ; 0 (0)         ; 0                 ; 0    ; 0            ; 0       ; 0         ; 0         ; 0         ; 0    ; 0            ; 1 (1)                          ; 8 (8)              ; 0 (0)                         ; |SingleCycleDebug|registerfile:inst34|register:inst25                                                           ; work         ;
;       |register:inst26|                         ; 1 (1)               ; 0 (0)        ; 0 (0)    ; 7 (7)   ; 8 (8)                     ; 0 (0)         ; 0                 ; 0    ; 0            ; 0       ; 0         ; 0         ; 0         ; 0    ; 0            ; 1 (1)                          ; 5 (5)              ; 3 (3)                         ; |SingleCycleDebug|registerfile:inst34|register:inst26                                                           ; work         ;
;       |register:inst27|                         ; 1 (1)               ; 0 (0)        ; 0 (0)    ; 8 (8)   ; 8 (8)                     ; 0 (0)         ; 0                 ; 0    ; 0            ; 0       ; 0         ; 0         ; 0         ; 0    ; 0            ; 1 (1)                          ; 5 (5)              ; 3 (3)                         ; |SingleCycleDebug|registerfile:inst34|register:inst27                                                           ; work         ;
;       |register:inst29|                         ; 0 (0)               ; 0 (0)        ; 0 (0)    ; 8 (8)   ; 8 (8)                     ; 0 (0)         ; 0                 ; 0    ; 0            ; 0       ; 0         ; 0         ; 0         ; 0    ; 0            ; 0 (0)                          ; 0 (0)              ; 8 (8)                         ; |SingleCycleDebug|registerfile:inst34|register:inst29                                                           ; work         ;
;       |register:inst30|                         ; 0 (0)               ; 0 (0)        ; 0 (0)    ; 8 (8)   ; 8 (8)                     ; 0 (0)         ; 0                 ; 0    ; 0            ; 0       ; 0         ; 0         ; 0         ; 0    ; 0            ; 0 (0)                          ; 0 (0)              ; 8 (8)                         ; |SingleCycleDebug|registerfile:inst34|register:inst30                                                           ; work         ;
+-------------------------------------------------+---------------------+--------------+----------+---------+---------------------------+---------------+-------------------+------+--------------+---------+-----------+-----------+-----------+------+--------------+--------------------------------+--------------------+-------------------------------+-----------------------------------------------------------------------------------------------------------------+--------------+
Note: For table entries with two numbers listed, the numbers in parentheses indicate the number of resources of the given type used by the specific entity alone. The numbers listed outside of parentheses indicate the total resources of the given type used by the specific entity and all of its sub-entities in the hierarchy.


+-------------------------------------------------------------------------------------------------------------------------------------------------------------------------------------------------------------------------------+
; Delay Chain Summary                                                                                                                                                                                                           ;
+-------------------+----------+---------------+---------------+------------------------------------------------------------------+----------------------------------------------+-----+------+---------+----------+------------+
; Name              ; Pin Type ; Pad to Core 0 ; Pad to Core 1 ; Input Pin to Input Register(or DDIO High Capture Register) Delay ; Input Pin to DDIO Low Capture Register Delay ; TCO ; TCOE ; DQS bus ; NDQS bus ; DQS output ;
+-------------------+----------+---------------+---------------+------------------------------------------------------------------+----------------------------------------------+-----+------+---------+----------+------------+
; RegWritetest      ; Output   ; --            ; --            ; --                                                               ; --                                           ; --  ; --   ; --      ; --       ; --         ;
; IMout[15]         ; Output   ; --            ; --            ; --                                                               ; --                                           ; --  ; --   ; --      ; --       ; --         ;
; IMout[14]         ; Output   ; --            ; --            ; --                                                               ; --                                           ; --  ; --   ; --      ; --       ; --         ;
; IMout[13]         ; Output   ; --            ; --            ; --                                                               ; --                                           ; --  ; --   ; --      ; --       ; --         ;
; IMout[12]         ; Output   ; --            ; --            ; --                                                               ; --                                           ; --  ; --   ; --      ; --       ; --         ;
; IMout[11]         ; Output   ; --            ; --            ; --                                                               ; --                                           ; --  ; --   ; --      ; --       ; --         ;
; IMout[10]         ; Output   ; --            ; --            ; --                                                               ; --                                           ; --  ; --   ; --      ; --       ; --         ;
; IMout[9]          ; Output   ; --            ; --            ; --                                                               ; --                                           ; --  ; --   ; --      ; --       ; --         ;
; IMout[8]          ; Output   ; --            ; --            ; --                                                               ; --                                           ; --  ; --   ; --      ; --       ; --         ;
; IMout[7]          ; Output   ; --            ; --            ; --                                                               ; --                                           ; --  ; --   ; --      ; --       ; --         ;
; IMout[6]          ; Output   ; --            ; --            ; --                                                               ; --                                           ; --  ; --   ; --      ; --       ; --         ;
; IMout[5]          ; Output   ; --            ; --            ; --                                                               ; --                                           ; --  ; --   ; --      ; --       ; --         ;
; IMout[4]          ; Output   ; --            ; --            ; --                                                               ; --                                           ; --  ; --   ; --      ; --       ; --         ;
; IMout[3]          ; Output   ; --            ; --            ; --                                                               ; --                                           ; --  ; --   ; --      ; --       ; --         ;
; IMout[2]          ; Output   ; --            ; --            ; --                                                               ; --                                           ; --  ; --   ; --      ; --       ; --         ;
; IMout[1]          ; Output   ; --            ; --            ; --                                                               ; --                                           ; --  ; --   ; --      ; --       ; --         ;
; IMout[0]          ; Output   ; --            ; --            ; --                                                               ; --                                           ; --  ; --   ; --      ; --       ; --         ;
; pc[7]             ; Output   ; --            ; --            ; --                                                               ; --                                           ; --  ; --   ; --      ; --       ; --         ;
; pc[6]             ; Output   ; --            ; --            ; --                                                               ; --                                           ; --  ; --   ; --      ; --       ; --         ;
; pc[5]             ; Output   ; --            ; --            ; --                                                               ; --                                           ; --  ; --   ; --      ; --       ; --         ;
; pc[4]             ; Output   ; --            ; --            ; --                                                               ; --                                           ; --  ; --   ; --      ; --       ; --         ;
; pc[3]             ; Output   ; --            ; --            ; --                                                               ; --                                           ; --  ; --   ; --      ; --       ; --         ;
; pc[2]             ; Output   ; --            ; --            ; --                                                               ; --                                           ; --  ; --   ; --      ; --       ; --         ;
; pc[1]             ; Output   ; --            ; --            ; --                                                               ; --                                           ; --  ; --   ; --      ; --       ; --         ;
; pc[0]             ; Output   ; --            ; --            ; --                                                               ; --                                           ; --  ; --   ; --      ; --       ; --         ;
; Jump              ; Output   ; --            ; --            ; --                                                               ; --                                           ; --  ; --   ; --      ; --       ; --         ;
; branch            ; Output   ; --            ; --            ; --                                                               ; --                                           ; --  ; --   ; --      ; --       ; --         ;
; zero              ; Output   ; --            ; --            ; --                                                               ; --                                           ; --  ; --   ; --      ; --       ; --         ;
; ALUcontroltest[3] ; Output   ; --            ; --            ; --                                                               ; --                                           ; --  ; --   ; --      ; --       ; --         ;
; ALUcontroltest[2] ; Output   ; --            ; --            ; --                                                               ; --                                           ; --  ; --   ; --      ; --       ; --         ;
; ALUcontroltest[1] ; Output   ; --            ; --            ; --                                                               ; --                                           ; --  ; --   ; --      ; --       ; --         ;
; ALUcontroltest[0] ; Output   ; --            ; --            ; --                                                               ; --                                           ; --  ; --   ; --      ; --       ; --         ;
; ALUin1test[7]     ; Output   ; --            ; --            ; --                                                               ; --                                           ; --  ; --   ; --      ; --       ; --         ;
; ALUin1test[6]     ; Output   ; --            ; --            ; --                                                               ; --                                           ; --  ; --   ; --      ; --       ; --         ;
; ALUin1test[5]     ; Output   ; --            ; --            ; --                                                               ; --                                           ; --  ; --   ; --      ; --       ; --         ;
; ALUin1test[4]     ; Output   ; --            ; --            ; --                                                               ; --                                           ; --  ; --   ; --      ; --       ; --         ;
; ALUin1test[3]     ; Output   ; --            ; --            ; --                                                               ; --                                           ; --  ; --   ; --      ; --       ; --         ;
; ALUin1test[2]     ; Output   ; --            ; --            ; --                                                               ; --                                           ; --  ; --   ; --      ; --       ; --         ;
; ALUin1test[1]     ; Output   ; --            ; --            ; --                                                               ; --                                           ; --  ; --   ; --      ; --       ; --         ;
; ALUin1test[0]     ; Output   ; --            ; --            ; --                                                               ; --                                           ; --  ; --   ; --      ; --       ; --         ;
; ALUin2test[7]     ; Output   ; --            ; --            ; --                                                               ; --                                           ; --  ; --   ; --      ; --       ; --         ;
; ALUin2test[6]     ; Output   ; --            ; --            ; --                                                               ; --                                           ; --  ; --   ; --      ; --       ; --         ;
; ALUin2test[5]     ; Output   ; --            ; --            ; --                                                               ; --                                           ; --  ; --   ; --      ; --       ; --         ;
; ALUin2test[4]     ; Output   ; --            ; --            ; --                                                               ; --                                           ; --  ; --   ; --      ; --       ; --         ;
; ALUin2test[3]     ; Output   ; --            ; --            ; --                                                               ; --                                           ; --  ; --   ; --      ; --       ; --         ;
; ALUin2test[2]     ; Output   ; --            ; --            ; --                                                               ; --                                           ; --  ; --   ; --      ; --       ; --         ;
; ALUin2test[1]     ; Output   ; --            ; --            ; --                                                               ; --                                           ; --  ; --   ; --      ; --       ; --         ;
; ALUin2test[0]     ; Output   ; --            ; --            ; --                                                               ; --                                           ; --  ; --   ; --      ; --       ; --         ;
; ALUOptest[1]      ; Output   ; --            ; --            ; --                                                               ; --                                           ; --  ; --   ; --      ; --       ; --         ;
; ALUOptest[0]      ; Output   ; --            ; --            ; --                                                               ; --                                           ; --  ; --   ; --      ; --       ; --         ;
; ALUtest[7]        ; Output   ; --            ; --            ; --                                                               ; --                                           ; --  ; --   ; --      ; --       ; --         ;
; ALUtest[6]        ; Output   ; --            ; --            ; --                                                               ; --                                           ; --  ; --   ; --      ; --       ; --         ;
; ALUtest[5]        ; Output   ; --            ; --            ; --                                                               ; --                                           ; --  ; --   ; --      ; --       ; --         ;
; ALUtest[4]        ; Output   ; --            ; --            ; --                                                               ; --                                           ; --  ; --   ; --      ; --       ; --         ;
; ALUtest[3]        ; Output   ; --            ; --            ; --                                                               ; --                                           ; --  ; --   ; --      ; --       ; --         ;
; ALUtest[2]        ; Output   ; --            ; --            ; --                                                               ; --                                           ; --  ; --   ; --      ; --       ; --         ;
; ALUtest[1]        ; Output   ; --            ; --            ; --                                                               ; --                                           ; --  ; --   ; --      ; --       ; --         ;
; ALUtest[0]        ; Output   ; --            ; --            ; --                                                               ; --                                           ; --  ; --   ; --      ; --       ; --         ;
; RFdataINtest[7]   ; Output   ; --            ; --            ; --                                                               ; --                                           ; --  ; --   ; --      ; --       ; --         ;
; RFdataINtest[6]   ; Output   ; --            ; --            ; --                                                               ; --                                           ; --  ; --   ; --      ; --       ; --         ;
; RFdataINtest[5]   ; Output   ; --            ; --            ; --                                                               ; --                                           ; --  ; --   ; --      ; --       ; --         ;
; RFdataINtest[4]   ; Output   ; --            ; --            ; --                                                               ; --                                           ; --  ; --   ; --      ; --       ; --         ;
; RFdataINtest[3]   ; Output   ; --            ; --            ; --                                                               ; --                                           ; --  ; --   ; --      ; --       ; --         ;
; RFdataINtest[2]   ; Output   ; --            ; --            ; --                                                               ; --                                           ; --  ; --   ; --      ; --       ; --         ;
; RFdataINtest[1]   ; Output   ; --            ; --            ; --                                                               ; --                                           ; --  ; --   ; --      ; --       ; --         ;
; RFdataINtest[0]   ; Output   ; --            ; --            ; --                                                               ; --                                           ; --  ; --   ; --      ; --       ; --         ;
; RFout1test[7]     ; Output   ; --            ; --            ; --                                                               ; --                                           ; --  ; --   ; --      ; --       ; --         ;
; RFout1test[6]     ; Output   ; --            ; --            ; --                                                               ; --                                           ; --  ; --   ; --      ; --       ; --         ;
; RFout1test[5]     ; Output   ; --            ; --            ; --                                                               ; --                                           ; --  ; --   ; --      ; --       ; --         ;
; RFout1test[4]     ; Output   ; --            ; --            ; --                                                               ; --                                           ; --  ; --   ; --      ; --       ; --         ;
; RFout1test[3]     ; Output   ; --            ; --            ; --                                                               ; --                                           ; --  ; --   ; --      ; --       ; --         ;
; RFout1test[2]     ; Output   ; --            ; --            ; --                                                               ; --                                           ; --  ; --   ; --      ; --       ; --         ;
; RFout1test[1]     ; Output   ; --            ; --            ; --                                                               ; --                                           ; --  ; --   ; --      ; --       ; --         ;
; RFout1test[0]     ; Output   ; --            ; --            ; --                                                               ; --                                           ; --  ; --   ; --      ; --       ; --         ;
; RFout2test[7]     ; Output   ; --            ; --            ; --                                                               ; --                                           ; --  ; --   ; --      ; --       ; --         ;
; RFout2test[6]     ; Output   ; --            ; --            ; --                                                               ; --                                           ; --  ; --   ; --      ; --       ; --         ;
; RFout2test[5]     ; Output   ; --            ; --            ; --                                                               ; --                                           ; --  ; --   ; --      ; --       ; --         ;
; RFout2test[4]     ; Output   ; --            ; --            ; --                                                               ; --                                           ; --  ; --   ; --      ; --       ; --         ;
; RFout2test[3]     ; Output   ; --            ; --            ; --                                                               ; --                                           ; --  ; --   ; --      ; --       ; --         ;
; RFout2test[2]     ; Output   ; --            ; --            ; --                                                               ; --                                           ; --  ; --   ; --      ; --       ; --         ;
; RFout2test[1]     ; Output   ; --            ; --            ; --                                                               ; --                                           ; --  ; --   ; --      ; --       ; --         ;
; RFout2test[0]     ; Output   ; --            ; --            ; --                                                               ; --                                           ; --  ; --   ; --      ; --       ; --         ;
; clk2              ; Input    ; (0) 413 ps    ; --            ; --                                                               ; --                                           ; --  ; --   ; --      ; --       ; --         ;
; clk1              ; Input    ; (0) 413 ps    ; --            ; --                                                               ; --                                           ; --  ; --   ; --      ; --       ; --         ;
; clk3              ; Input    ; (0) 413 ps    ; --            ; --                                                               ; --                                           ; --  ; --   ; --      ; --       ; --         ;
; clk4              ; Input    ; (0) 413 ps    ; --            ; --                                                               ; --                                           ; --  ; --   ; --      ; --       ; --         ;
+-------------------+----------+---------------+---------------+------------------------------------------------------------------+----------------------------------------------+-----+------+---------+----------+------------+


+---------------------------------------------------+
; Pad To Core Delay Chain Fanout                    ;
+---------------------+-------------------+---------+
; Source Pin / Fanout ; Pad To Core Index ; Setting ;
+---------------------+-------------------+---------+
; clk2                ;                   ;         ;
; clk1                ;                   ;         ;
; clk3                ;                   ;         ;
; clk4                ;                   ;         ;
+---------------------+-------------------+---------+


+--------------------------------------------------------------------------------------------------------------------------------------------------------------------------+
; Control Signals                                                                                                                                                          ;
+-------------------------------------------+----------------------+---------+--------------+--------+----------------------+------------------+---------------------------+
; Name                                      ; Location             ; Fan-Out ; Usage        ; Global ; Global Resource Used ; Global Line Name ; Enable Signal Source Name ;
+-------------------------------------------+----------------------+---------+--------------+--------+----------------------+------------------+---------------------------+
; clk1                                      ; PIN_Y8               ; 8       ; Clock        ; yes    ; Global Clock         ; GCLK4            ; --                        ;
; clk2                                      ; PIN_T10              ; 2       ; Clock        ; no     ; --                   ; --               ; --                        ;
; clk2                                      ; PIN_T10              ; 2       ; Clock        ; yes    ; Global Clock         ; GCLK7            ; --                        ;
; clk3                                      ; PIN_U10              ; 16      ; Clock        ; yes    ; Global Clock         ; GCLK6            ; --                        ;
; clk4                                      ; PIN_W9               ; 1       ; Clock        ; yes    ; Global Clock         ; GCLK5            ; --                        ;
; control:inst12|inst11                     ; MLABCELL_X19_Y27_N18 ; 1       ; Write enable ; no     ; --                   ; --               ; --                        ;
; registerfile:inst34|register:inst20|inst8 ; MLABCELL_X23_Y26_N30 ; 8       ; Clock        ; yes    ; Global Clock         ; GCLK15           ; --                        ;
; registerfile:inst34|register:inst23|inst8 ; MLABCELL_X23_Y26_N24 ; 8       ; Clock        ; yes    ; Global Clock         ; GCLK14           ; --                        ;
; registerfile:inst34|register:inst24|inst8 ; MLABCELL_X23_Y26_N20 ; 8       ; Clock        ; yes    ; Global Clock         ; GCLK3            ; --                        ;
; registerfile:inst34|register:inst25|inst8 ; MLABCELL_X23_Y26_N38 ; 8       ; Clock        ; yes    ; Global Clock         ; GCLK10           ; --                        ;
; registerfile:inst34|register:inst26|inst8 ; MLABCELL_X23_Y26_N2  ; 8       ; Clock        ; yes    ; Global Clock         ; GCLK2            ; --                        ;
; registerfile:inst34|register:inst27|inst8 ; MLABCELL_X23_Y26_N12 ; 8       ; Clock        ; yes    ; Global Clock         ; GCLK9            ; --                        ;
+-------------------------------------------+----------------------+---------+--------------+--------+----------------------+------------------+---------------------------+


+-----------------------------------------------------------------------------------------------------------------------------------------------------------------------------------------+
; Global & Other Fast Signals                                                                                                                                                             ;
+-------------------------------------------+----------------------+---------+--------------------------------------+----------------------+------------------+---------------------------+
; Name                                      ; Location             ; Fan-Out ; Fan-Out Using Intentional Clock Skew ; Global Resource Used ; Global Line Name ; Enable Signal Source Name ;
+-------------------------------------------+----------------------+---------+--------------------------------------+----------------------+------------------+---------------------------+
; clk1                                      ; PIN_Y8               ; 8       ; 0                                    ; Global Clock         ; GCLK4            ; --                        ;
; clk2                                      ; PIN_T10              ; 2       ; 0                                    ; Global Clock         ; GCLK7            ; --                        ;
; clk3                                      ; PIN_U10              ; 16      ; 5                                    ; Global Clock         ; GCLK6            ; --                        ;
; clk4                                      ; PIN_W9               ; 1       ; 0                                    ; Global Clock         ; GCLK5            ; --                        ;
; registerfile:inst34|register:inst20|inst8 ; MLABCELL_X23_Y26_N30 ; 8       ; 0                                    ; Global Clock         ; GCLK15           ; --                        ;
; registerfile:inst34|register:inst23|inst8 ; MLABCELL_X23_Y26_N24 ; 8       ; 0                                    ; Global Clock         ; GCLK14           ; --                        ;
; registerfile:inst34|register:inst24|inst8 ; MLABCELL_X23_Y26_N20 ; 8       ; 0                                    ; Global Clock         ; GCLK3            ; --                        ;
; registerfile:inst34|register:inst25|inst8 ; MLABCELL_X23_Y26_N38 ; 8       ; 0                                    ; Global Clock         ; GCLK10           ; --                        ;
; registerfile:inst34|register:inst26|inst8 ; MLABCELL_X23_Y26_N2  ; 8       ; 0                                    ; Global Clock         ; GCLK2            ; --                        ;
; registerfile:inst34|register:inst27|inst8 ; MLABCELL_X23_Y26_N12 ; 8       ; 0                                    ; Global Clock         ; GCLK9            ; --                        ;
+-------------------------------------------+----------------------+---------+--------------------------------------+----------------------+------------------+---------------------------+


+-----------------------------------------------------------------------------------------------------------------------+
; Non-Global High Fan-Out Signals                                                                                       ;
+-------------------------------------------------------------------------------------------------------------+---------+
; Name                                                                                                        ; Fan-Out ;
+-------------------------------------------------------------------------------------------------------------+---------+
; Icache:inst2|lpm_ram_dq:inst1|altram:sram|altsyncram:ram_block|altsyncram_vuf1:auto_generated|q_a[14]       ; 34      ;
; Icache:inst2|lpm_ram_dq:inst1|altram:sram|altsyncram:ram_block|altsyncram_vuf1:auto_generated|q_a[15]       ; 34      ;
; Icache:inst2|lpm_ram_dq:inst1|altram:sram|altsyncram:ram_block|altsyncram_vuf1:auto_generated|q_a[12]       ; 32      ;
; ALUcontrol:inst3|lpm_mux5:inst|lpm_mux:LPM_MUX_component|mux_rnc:auto_generated|l2_w0_n0_mux_dataout~0      ; 28      ;
; Icache:inst2|lpm_ram_dq:inst1|altram:sram|altsyncram:ram_block|altsyncram_vuf1:auto_generated|q_a[6]        ; 19      ;
; Icache:inst2|lpm_ram_dq:inst1|altram:sram|altsyncram:ram_block|altsyncram_vuf1:auto_generated|q_a[7]        ; 19      ;
; Icache:inst2|lpm_ram_dq:inst1|altram:sram|altsyncram:ram_block|altsyncram_vuf1:auto_generated|q_a[5]        ; 18      ;
; Icache:inst2|lpm_ram_dq:inst1|altram:sram|altsyncram:ram_block|altsyncram_vuf1:auto_generated|q_a[13]       ; 18      ;
; Icache:inst2|lpm_ram_dq:inst1|altram:sram|altsyncram:ram_block|altsyncram_vuf1:auto_generated|q_a[10]       ; 17      ;
; Icache:inst2|lpm_ram_dq:inst1|altram:sram|altsyncram:ram_block|altsyncram_vuf1:auto_generated|q_a[9]        ; 17      ;
; ALUcontrol:inst3|lpm_mux5:inst|lpm_mux:LPM_MUX_component|mux_rnc:auto_generated|l2_w1_n0_mux_dataout~0      ; 15      ;
; register:ProgramCounter|inst7                                                                               ; 15      ;
; register:ProgramCounter|inst6                                                                               ; 13      ;
; register:ProgramCounter|inst5                                                                               ; 13      ;
; register:ProgramCounter|inst3                                                                               ; 13      ;
; ALUcontrol:inst3|lpm_mux5:inst|lpm_mux:LPM_MUX_component|mux_rnc:auto_generated|l2_w2_n0_mux_dataout~0      ; 12      ;
; control:inst12|inst18                                                                                       ; 11      ;
; registerfile:inst34|register:inst29|inst1                                                                   ; 11      ;
; control:inst12|inst3                                                                                        ; 11      ;
; register:ProgramCounter|inst2                                                                               ; 11      ;
; Icache:inst2|lpm_ram_dq:inst1|altram:sram|altsyncram:ram_block|altsyncram_vuf1:auto_generated|q_a[2]        ; 11      ;
; Icache:inst2|lpm_ram_dq:inst1|altram:sram|altsyncram:ram_block|altsyncram_vuf1:auto_generated|q_a[4]        ; 11      ;
; Icache:inst2|lpm_ram_dq:inst1|altram:sram|altsyncram:ram_block|altsyncram_vuf1:auto_generated|q_a[0]        ; 11      ;
; register:ProgramCounter|inst4                                                                               ; 10      ;
; Icache:inst2|lpm_ram_dq:inst1|altram:sram|altsyncram:ram_block|altsyncram_vuf1:auto_generated|q_a[1]        ; 10      ;
; Icache:inst2|lpm_ram_dq:inst1|altram:sram|altsyncram:ram_block|altsyncram_vuf1:auto_generated|q_a[8]        ; 10      ;
; registerfile:inst34|register:inst29|inst                                                                    ; 9       ;
; registerfile:inst34|register:inst29|inst3                                                                   ; 9       ;
; registerfile:inst34|register:inst29|inst4                                                                   ; 9       ;
; register:ProgramCounter|inst1                                                                               ; 9       ;
; Icache:inst2|lpm_ram_dq:inst1|altram:sram|altsyncram:ram_block|altsyncram_vuf1:auto_generated|q_a[11]       ; 9       ;
; control:inst12|inst10~0                                                                                     ; 8       ;
; registerfile:inst34|register:inst29|inst7                                                                   ; 8       ;
; Icache:inst2|lpm_ram_dq:inst1|altram:sram|altsyncram:ram_block|altsyncram_vuf1:auto_generated|q_a[3]        ; 8       ;
; CSA:inst8|fulladder:inst3|inst2~0                                                                           ; 7       ;
; inst32                                                                                                      ; 7       ;
; lpm_mux4:inst33|lpm_mux:LPM_MUX_component|mux_84e:auto_generated|l1_w0_n0_mux_dataout~0                     ; 7       ;
; lpm_mux4:inst33|lpm_mux:LPM_MUX_component|mux_84e:auto_generated|l1_w1_n0_mux_dataout~0                     ; 7       ;
; lpm_mux4:inst33|lpm_mux:LPM_MUX_component|mux_84e:auto_generated|l1_w3_n0_mux_dataout~0                     ; 7       ;
; lpm_mux4:inst33|lpm_mux:LPM_MUX_component|mux_84e:auto_generated|l1_w4_n0_mux_dataout~0                     ; 7       ;
; lpm_mux4:inst33|lpm_mux:LPM_MUX_component|mux_84e:auto_generated|l1_w5_n0_mux_dataout~0                     ; 7       ;
; lpm_mux4:inst33|lpm_mux:LPM_MUX_component|mux_84e:auto_generated|l1_w6_n0_mux_dataout~0                     ; 7       ;
; lpm_mux4:inst33|lpm_mux:LPM_MUX_component|mux_84e:auto_generated|l1_w7_n0_mux_dataout~0                     ; 7       ;
; ALU:inst|lpm_mux1:inst10|lpm_mux:LPM_MUX_component|mux_5oc:auto_generated|l3_w4_n0_mux_dataout~0            ; 7       ;
; control:inst12|inst20~0                                                                                     ; 7       ;
; registerfile:inst34|register:inst29|inst2                                                                   ; 7       ;
; registerfile:inst34|register:inst29|inst6                                                                   ; 7       ;
; control:inst12|inst1                                                                                        ; 7       ;
; lpm_mux4:inst33|lpm_mux:LPM_MUX_component|mux_84e:auto_generated|l1_w2_n0_mux_dataout~0                     ; 7       ;
; clk3~input                                                                                                  ; 6       ;
; lpm_mux6:inst21|lpm_mux:LPM_MUX_component|mux_onc:auto_generated|l1_w2_n0_mux_dataout~0                     ; 6       ;
; lpm_mux6:inst21|lpm_mux:LPM_MUX_component|mux_onc:auto_generated|l1_w1_n0_mux_dataout~0                     ; 6       ;
; lpm_mux6:inst21|lpm_mux:LPM_MUX_component|mux_onc:auto_generated|l1_w0_n0_mux_dataout~0                     ; 6       ;
; lpm_mux4:inst24|lpm_mux:LPM_MUX_component|mux_84e:auto_generated|l1_w6_n0_mux_dataout~0                     ; 6       ;
; registerfile:inst34|register:inst30|inst                                                                    ; 6       ;
; registerfile:inst34|register:inst30|inst1                                                                   ; 6       ;
; registerfile:inst34|register:inst29|inst5                                                                   ; 6       ;
; registerfile:inst34|register:inst30|inst2                                                                   ; 6       ;
; register:ProgramCounter|inst                                                                                ; 6       ;
; control:inst12|inst                                                                                         ; 6       ;
; control:inst12|inst6                                                                                        ; 5       ;
; ALU:inst|CSA:inst4|fulladder:inst2|inst2~0                                                                  ; 5       ;
; lpm_mux4:inst24|lpm_mux:LPM_MUX_component|mux_84e:auto_generated|l1_w3_n0_mux_dataout~0                     ; 5       ;
; registerfile:inst34|register:inst30|inst5                                                                   ; 5       ;
; registerfile:inst34|register:inst30|inst3                                                                   ; 5       ;
; registerfile:inst34|register:inst30|inst6                                                                   ; 5       ;
; registerfile:inst34|register:inst30|inst7                                                                   ; 5       ;
; registerfile:inst34|register:inst30|inst4                                                                   ; 5       ;
; register:ProgramCounter|inst6~1                                                                             ; 4       ;
; control:inst12|inst9                                                                                        ; 4       ;
; ALU:inst|CSA:inst4|inst17                                                                                   ; 4       ;
; lpm_mux4:inst24|lpm_mux:LPM_MUX_component|mux_84e:auto_generated|l1_w7_n0_mux_dataout~1                     ; 4       ;
; lpm_mux4:inst24|lpm_mux:LPM_MUX_component|mux_84e:auto_generated|l1_w7_n0_mux_dataout~0                     ; 4       ;
; lpm_mux4:inst24|lpm_mux:LPM_MUX_component|mux_84e:auto_generated|l1_w0_n0_mux_dataout~0                     ; 4       ;
; ALU:inst|inst14                                                                                             ; 4       ;
; ALU:inst|equal:inst6|inst3~0                                                                                ; 4       ;
; control:inst12|inst5                                                                                        ; 4       ;
; register:ProgramCounter|inst6~0DUPLICATE                                                                    ; 3       ;
; ALU:inst|equal:inst6|inst4~1DUPLICATE                                                                       ; 3       ;
; CSA:inst8|fulladder:inst12|inst2~0                                                                          ; 3       ;
; ALU:inst|lpm_mux1:inst10|lpm_mux:LPM_MUX_component|mux_5oc:auto_generated|l3_w0_n0_mux_dataout~0            ; 3       ;
; ALU:inst|lpm_mux1:inst10|lpm_mux:LPM_MUX_component|mux_5oc:auto_generated|l3_w4_n0_mux_dataout~2            ; 3       ;
; ALU:inst|lpm_mux1:inst10|lpm_mux:LPM_MUX_component|mux_5oc:auto_generated|l3_w5_n0_mux_dataout~0            ; 3       ;
; ALU:inst|lpm_mux1:inst10|lpm_mux:LPM_MUX_component|mux_5oc:auto_generated|l3_w6_n0_mux_dataout~0            ; 3       ;
; ALU:inst|lpm_mux1:inst10|lpm_mux:LPM_MUX_component|mux_5oc:auto_generated|l3_w7_n0_mux_dataout~1            ; 3       ;
; ALU:inst|CSA:inst4|inst18                                                                                   ; 3       ;
; ALU:inst|equal:inst6|inst2~0                                                                                ; 3       ;
; ALU:inst|equal:inst6|inst6                                                                                  ; 3       ;
; ALU:inst|lpm_mux1:inst10|lpm_mux:LPM_MUX_component|mux_5oc:auto_generated|l3_w2_n0_mux_dataout~0            ; 3       ;
; ALU:inst|lpm_mux1:inst10|lpm_mux:LPM_MUX_component|mux_5oc:auto_generated|l3_w1_n0_mux_dataout~1            ; 3       ;
; ALU:inst|lpm_mux1:inst10|lpm_mux:LPM_MUX_component|mux_5oc:auto_generated|l3_w7_n0_mux_dataout~0DUPLICATE   ; 2       ;
; ALU:inst|equal:inst6|inst4~0DUPLICATE                                                                       ; 2       ;
; registerfile:inst34|register:inst24|inst                                                                    ; 2       ;
; registerfile:inst34|register:inst23|inst                                                                    ; 2       ;
; registerfile:inst34|register:inst20|inst                                                                    ; 2       ;
; registerfile:inst34|register:inst27|inst                                                                    ; 2       ;
; registerfile:inst34|register:inst25|inst                                                                    ; 2       ;
; registerfile:inst34|register:inst26|inst                                                                    ; 2       ;
; registerfile:inst34|register:inst24|inst1                                                                   ; 2       ;
; registerfile:inst34|register:inst23|inst1                                                                   ; 2       ;
; registerfile:inst34|register:inst20|inst1                                                                   ; 2       ;
; registerfile:inst34|register:inst27|inst1                                                                   ; 2       ;
; registerfile:inst34|register:inst25|inst1                                                                   ; 2       ;
; registerfile:inst34|register:inst26|inst1                                                                   ; 2       ;
; registerfile:inst34|register:inst24|inst5                                                                   ; 2       ;
; registerfile:inst34|register:inst23|inst5                                                                   ; 2       ;
; registerfile:inst34|register:inst20|inst5                                                                   ; 2       ;
; registerfile:inst34|register:inst27|inst5                                                                   ; 2       ;
; registerfile:inst34|register:inst25|inst5                                                                   ; 2       ;
; registerfile:inst34|register:inst26|inst5                                                                   ; 2       ;
; registerfile:inst34|register:inst24|inst3                                                                   ; 2       ;
; registerfile:inst34|register:inst23|inst3                                                                   ; 2       ;
; registerfile:inst34|register:inst20|inst3                                                                   ; 2       ;
; registerfile:inst34|register:inst27|inst3                                                                   ; 2       ;
; registerfile:inst34|register:inst25|inst3                                                                   ; 2       ;
; registerfile:inst34|register:inst26|inst3                                                                   ; 2       ;
; registerfile:inst34|register:inst24|inst2                                                                   ; 2       ;
; registerfile:inst34|register:inst23|inst2                                                                   ; 2       ;
; registerfile:inst34|register:inst20|inst2                                                                   ; 2       ;
; registerfile:inst34|register:inst27|inst2                                                                   ; 2       ;
; registerfile:inst34|register:inst25|inst2                                                                   ; 2       ;
; registerfile:inst34|register:inst26|inst2                                                                   ; 2       ;
; registerfile:inst34|register:inst24|inst6                                                                   ; 2       ;
; registerfile:inst34|register:inst23|inst6                                                                   ; 2       ;
; registerfile:inst34|register:inst20|inst6                                                                   ; 2       ;
; registerfile:inst34|register:inst27|inst6                                                                   ; 2       ;
; registerfile:inst34|register:inst25|inst6                                                                   ; 2       ;
; registerfile:inst34|register:inst26|inst6                                                                   ; 2       ;
; registerfile:inst34|register:inst24|inst7                                                                   ; 2       ;
; registerfile:inst34|register:inst23|inst7                                                                   ; 2       ;
; registerfile:inst34|register:inst20|inst7                                                                   ; 2       ;
; registerfile:inst34|register:inst27|inst7                                                                   ; 2       ;
; registerfile:inst34|register:inst25|inst7                                                                   ; 2       ;
; registerfile:inst34|register:inst26|inst7                                                                   ; 2       ;
; registerfile:inst34|register:inst24|inst4                                                                   ; 2       ;
; registerfile:inst34|register:inst23|inst4                                                                   ; 2       ;
; registerfile:inst34|register:inst20|inst4                                                                   ; 2       ;
; registerfile:inst34|register:inst27|inst4                                                                   ; 2       ;
; registerfile:inst34|register:inst25|inst4                                                                   ; 2       ;
; registerfile:inst34|register:inst26|inst4                                                                   ; 2       ;
; CSA:inst8|fulladder:inst25|inst2~0                                                                          ; 2       ;
; CSA:inst7|lpm_mux0:inst|lpm_mux:LPM_MUX_component|mux_pnc:auto_generated|l1_w0_n0_mux_dataout~0             ; 2       ;
; lpm_mux4:inst31|lpm_mux:LPM_MUX_component|mux_84e:auto_generated|l1_w5_n0_mux_dataout~0                     ; 2       ;
; lpm_mux4:inst31|lpm_mux:LPM_MUX_component|mux_84e:auto_generated|l1_w6_n0_mux_dataout~0                     ; 2       ;
; lpm_mux4:inst31|lpm_mux:LPM_MUX_component|mux_84e:auto_generated|l1_w7_n0_mux_dataout~0                     ; 2       ;
; CSA:inst7|fulladder:inst3|inst3                                                                             ; 2       ;
; ALU:inst|lpm_mux1:inst10|lpm_mux:LPM_MUX_component|mux_5oc:auto_generated|l3_w3_n0_mux_dataout~1            ; 2       ;
; ALU:inst|lpm_mux1:inst10|lpm_mux:LPM_MUX_component|mux_5oc:auto_generated|l3_w3_n0_mux_dataout~0            ; 2       ;
; ALU:inst|lpm_mux1:inst10|lpm_mux:LPM_MUX_component|mux_5oc:auto_generated|l3_w7_n0_mux_dataout~0            ; 2       ;
; ALU:inst|CSA:inst4|fulladder:inst12|inst2~0                                                                 ; 2       ;
; ALU:inst|CSA:inst4|inst21                                                                                   ; 2       ;
; ALU:inst|CSA:inst4|fulladder:inst11|inst4                                                                   ; 2       ;
; ALU:inst|CSA:inst4|fulladder:inst11|inst3                                                                   ; 2       ;
; ALU:inst|CSA:inst4|fulladder:inst25|inst2~0                                                                 ; 2       ;
; ALU:inst|CSA:inst4|fulladder:inst7|inst2~0                                                                  ; 2       ;
; lpm_mux4:inst24|lpm_mux:LPM_MUX_component|mux_84e:auto_generated|l1_w1_n0_mux_dataout~0                     ; 2       ;
; lpm_mux4:inst24|lpm_mux:LPM_MUX_component|mux_84e:auto_generated|l1_w2_n0_mux_dataout~0                     ; 2       ;
; lpm_mux4:inst24|lpm_mux:LPM_MUX_component|mux_84e:auto_generated|l1_w4_n0_mux_dataout~0                     ; 2       ;
; ALU:inst|equal:inst6|inst4~0                                                                                ; 2       ;
; ALU:inst|equal:inst6|inst5                                                                                  ; 2       ;
; ALU:inst|equal:inst6|inst1                                                                                  ; 2       ;
; ALU:inst|CSA:inst4|fulladder:inst3|inst1~0                                                                  ; 2       ;
; clk2~input                                                                                                  ; 1       ;
; ALU:inst|lpm_mux1:inst10|lpm_mux:LPM_MUX_component|mux_5oc:auto_generated|l3_w1_n0_mux_dataout~0            ; 1       ;
; ALU:inst|lpm_mux1:inst10|lpm_mux:LPM_MUX_component|mux_5oc:auto_generated|l3_w5_n0_mux_dataout~3            ; 1       ;
; ALU:inst|lpm_mux1:inst10|lpm_mux:LPM_MUX_component|mux_5oc:auto_generated|l3_w5_n0_mux_dataout~2            ; 1       ;
; ALU:inst|lpm_mux1:inst10|lpm_mux:LPM_MUX_component|mux_5oc:auto_generated|l3_w5_n0_mux_dataout~1            ; 1       ;
; ALU:inst|lpm_mux1:inst10|lpm_mux:LPM_MUX_component|mux_5oc:auto_generated|l1_w2_n1_mux_dataout~0            ; 1       ;
; lpm_mux6:inst20|lpm_mux:LPM_MUX_component|mux_onc:auto_generated|l1_w2_n0_mux_dataout~0                     ; 1       ;
; lpm_mux6:inst20|lpm_mux:LPM_MUX_component|mux_onc:auto_generated|l1_w1_n0_mux_dataout~0                     ; 1       ;
; lpm_mux6:inst20|lpm_mux:LPM_MUX_component|mux_onc:auto_generated|l1_w0_n0_mux_dataout~0                     ; 1       ;
; control:inst12|inst11                                                                                       ; 1       ;
; registerfile:inst34|lpm_mux3:inst39|lpm_mux:LPM_MUX_component|mux_g4e:auto_generated|l3_w7_n0_mux_dataout~0 ; 1       ;
; registerfile:inst34|lpm_mux3:inst38|lpm_mux:LPM_MUX_component|mux_g4e:auto_generated|l3_w7_n0_mux_dataout~0 ; 1       ;
; registerfile:inst34|lpm_mux3:inst39|lpm_mux:LPM_MUX_component|mux_g4e:auto_generated|l3_w6_n0_mux_dataout~0 ; 1       ;
; registerfile:inst34|lpm_mux3:inst38|lpm_mux:LPM_MUX_component|mux_g4e:auto_generated|l3_w6_n0_mux_dataout~0 ; 1       ;
; registerfile:inst34|lpm_mux3:inst39|lpm_mux:LPM_MUX_component|mux_g4e:auto_generated|l3_w2_n0_mux_dataout~0 ; 1       ;
; registerfile:inst34|lpm_mux3:inst38|lpm_mux:LPM_MUX_component|mux_g4e:auto_generated|l3_w2_n0_mux_dataout~0 ; 1       ;
; registerfile:inst34|lpm_mux3:inst39|lpm_mux:LPM_MUX_component|mux_g4e:auto_generated|l3_w4_n0_mux_dataout~0 ; 1       ;
; registerfile:inst34|lpm_mux3:inst38|lpm_mux:LPM_MUX_component|mux_g4e:auto_generated|l3_w4_n0_mux_dataout~0 ; 1       ;
; registerfile:inst34|lpm_mux3:inst39|lpm_mux:LPM_MUX_component|mux_g4e:auto_generated|l3_w5_n0_mux_dataout~0 ; 1       ;
; registerfile:inst34|lpm_mux3:inst38|lpm_mux:LPM_MUX_component|mux_g4e:auto_generated|l3_w5_n0_mux_dataout~0 ; 1       ;
; registerfile:inst34|lpm_mux3:inst39|lpm_mux:LPM_MUX_component|mux_g4e:auto_generated|l3_w1_n0_mux_dataout~0 ; 1       ;
; registerfile:inst34|lpm_mux3:inst38|lpm_mux:LPM_MUX_component|mux_g4e:auto_generated|l3_w1_n0_mux_dataout~0 ; 1       ;
; registerfile:inst34|lpm_mux3:inst39|lpm_mux:LPM_MUX_component|mux_g4e:auto_generated|l3_w0_n0_mux_dataout~0 ; 1       ;
; registerfile:inst34|lpm_mux3:inst38|lpm_mux:LPM_MUX_component|mux_g4e:auto_generated|l3_w0_n0_mux_dataout~0 ; 1       ;
; registerfile:inst34|lpm_mux3:inst39|lpm_mux:LPM_MUX_component|mux_g4e:auto_generated|l3_w3_n0_mux_dataout~0 ; 1       ;
; registerfile:inst34|lpm_mux3:inst38|lpm_mux:LPM_MUX_component|mux_g4e:auto_generated|l3_w3_n0_mux_dataout~0 ; 1       ;
; lpm_mux4:inst31|lpm_mux:LPM_MUX_component|mux_84e:auto_generated|l1_w0_n0_mux_dataout~0                     ; 1       ;
; CSA:inst7|fulladder:inst2|inst1                                                                             ; 1       ;
; lpm_mux4:inst31|lpm_mux:LPM_MUX_component|mux_84e:auto_generated|l1_w3_n0_mux_dataout~0                     ; 1       ;
; CSA:inst8|fulladder:inst3|inst1                                                                             ; 1       ;
; CSA:inst7|fulladder:inst3|inst1                                                                             ; 1       ;
; register:ProgramCounter|inst6~0                                                                             ; 1       ;
; lpm_mux4:inst31|lpm_mux:LPM_MUX_component|mux_84e:auto_generated|l1_w5_n0_mux_dataout~3                     ; 1       ;
; lpm_mux4:inst31|lpm_mux:LPM_MUX_component|mux_84e:auto_generated|l1_w5_n0_mux_dataout~2                     ; 1       ;
; CSA:inst8|fulladder:inst25|inst1                                                                            ; 1       ;
; lpm_mux4:inst31|lpm_mux:LPM_MUX_component|mux_84e:auto_generated|l1_w5_n0_mux_dataout~1                     ; 1       ;
; CSA:inst8|fulladder:inst7|inst1                                                                             ; 1       ;
; lpm_mux4:inst31|lpm_mux:LPM_MUX_component|mux_84e:auto_generated|l1_w6_n0_mux_dataout~3                     ; 1       ;
; lpm_mux4:inst31|lpm_mux:LPM_MUX_component|mux_84e:auto_generated|l1_w6_n0_mux_dataout~2                     ; 1       ;
; CSA:inst8|fulladder:inst8|inst1                                                                             ; 1       ;
; lpm_mux4:inst31|lpm_mux:LPM_MUX_component|mux_84e:auto_generated|l1_w6_n0_mux_dataout~1                     ; 1       ;
; CSA:inst8|fulladder:inst4|inst1                                                                             ; 1       ;
; lpm_mux4:inst31|lpm_mux:LPM_MUX_component|mux_84e:auto_generated|l1_w7_n0_mux_dataout~3                     ; 1       ;
; lpm_mux4:inst31|lpm_mux:LPM_MUX_component|mux_84e:auto_generated|l1_w7_n0_mux_dataout~2                     ; 1       ;
; CSA:inst8|fulladder:inst19|inst1                                                                            ; 1       ;
; lpm_mux4:inst31|lpm_mux:LPM_MUX_component|mux_84e:auto_generated|l1_w7_n0_mux_dataout~1                     ; 1       ;
; CSA:inst8|fulladder:inst5|inst1                                                                             ; 1       ;
; CSA:inst8|fulladder:inst4|inst2~0                                                                           ; 1       ;
; lpm_mux4:inst33|lpm_mux:LPM_MUX_component|mux_84e:auto_generated|l1_w7_n0_mux_dataout~1                     ; 1       ;
; ALU:inst|lpm_mux1:inst10|lpm_mux:LPM_MUX_component|mux_5oc:auto_generated|l3_w4_n0_mux_dataout~1            ; 1       ;
; ALU:inst|lpm_mux1:inst10|lpm_mux:LPM_MUX_component|mux_5oc:auto_generated|l1_w6_n1_mux_dataout~0            ; 1       ;
; lpm_mux4:inst24|lpm_mux:LPM_MUX_component|mux_84e:auto_generated|l1_w6_n0_mux_dataout~1                     ; 1       ;
; ALU:inst|lpm_mux1:inst10|lpm_mux:LPM_MUX_component|mux_5oc:auto_generated|l2_w6_n1_mux_dataout~0            ; 1       ;
; ALU:inst|CSA:inst4|fulladder:inst8|inst1                                                                    ; 1       ;
; ALU:inst|CSA:inst4|fulladder:inst4|inst1                                                                    ; 1       ;
; ALU:inst|CSA:inst4|fulladder:inst3|inst2~0                                                                  ; 1       ;
; ALU:inst|lpm_mux1:inst10|lpm_mux:LPM_MUX_component|mux_5oc:auto_generated|l1_w7_n1_mux_dataout~0            ; 1       ;
; lpm_mux4:inst24|lpm_mux:LPM_MUX_component|mux_84e:auto_generated|l1_w7_n0_mux_dataout~2                     ; 1       ;
; ALU:inst|lpm_mux1:inst10|lpm_mux:LPM_MUX_component|mux_5oc:auto_generated|l2_w7_n1_mux_dataout~0            ; 1       ;
; ALU:inst|CSA:inst4|fulladder:inst19|inst1                                                                   ; 1       ;
; ALU:inst|CSA:inst4|fulladder:inst5|inst1                                                                    ; 1       ;
; control:inst12|inst~0                                                                                       ; 1       ;
; lpm_mux4:inst24|lpm_mux:LPM_MUX_component|mux_84e:auto_generated|l1_w5_n0_mux_dataout~0                     ; 1       ;
; ALU:inst|inst9                                                                                              ; 1       ;
; ALU:inst|equal:inst6|inst4~1                                                                                ; 1       ;
; control:inst12|inst1~0                                                                                      ; 1       ;
; lpm_mux4:inst33|lpm_mux:LPM_MUX_component|mux_84e:auto_generated|l1_w3_n0_mux_dataout~1                     ; 1       ;
; lpm_mux4:inst31|lpm_mux:LPM_MUX_component|mux_84e:auto_generated|l1_w4_n0_mux_dataout~0                     ; 1       ;
; lpm_mux4:inst31|lpm_mux:LPM_MUX_component|mux_84e:auto_generated|l1_w2_n0_mux_dataout~0                     ; 1       ;
; lpm_mux4:inst31|lpm_mux:LPM_MUX_component|mux_84e:auto_generated|l1_w1_n0_mux_dataout~0                     ; 1       ;
; registerfile:inst34|lpm_mux3:inst38|lpm_mux:LPM_MUX_component|mux_g4e:auto_generated|l3_w3_n0_mux_dataout~1 ; 1       ;
; registerfile:inst34|lpm_mux3:inst39|lpm_mux:LPM_MUX_component|mux_g4e:auto_generated|l3_w3_n0_mux_dataout~1 ; 1       ;
; registerfile:inst34|lpm_mux3:inst38|lpm_mux:LPM_MUX_component|mux_g4e:auto_generated|l3_w0_n0_mux_dataout~1 ; 1       ;
; registerfile:inst34|lpm_mux3:inst39|lpm_mux:LPM_MUX_component|mux_g4e:auto_generated|l3_w0_n0_mux_dataout~1 ; 1       ;
; registerfile:inst34|lpm_mux3:inst38|lpm_mux:LPM_MUX_component|mux_g4e:auto_generated|l3_w1_n0_mux_dataout~1 ; 1       ;
; registerfile:inst34|lpm_mux3:inst39|lpm_mux:LPM_MUX_component|mux_g4e:auto_generated|l3_w1_n0_mux_dataout~1 ; 1       ;
; registerfile:inst34|lpm_mux3:inst38|lpm_mux:LPM_MUX_component|mux_g4e:auto_generated|l3_w5_n0_mux_dataout~1 ; 1       ;
; registerfile:inst34|lpm_mux3:inst39|lpm_mux:LPM_MUX_component|mux_g4e:auto_generated|l3_w5_n0_mux_dataout~1 ; 1       ;
; registerfile:inst34|lpm_mux3:inst38|lpm_mux:LPM_MUX_component|mux_g4e:auto_generated|l3_w4_n0_mux_dataout~1 ; 1       ;
; registerfile:inst34|lpm_mux3:inst39|lpm_mux:LPM_MUX_component|mux_g4e:auto_generated|l3_w4_n0_mux_dataout~1 ; 1       ;
; registerfile:inst34|lpm_mux3:inst38|lpm_mux:LPM_MUX_component|mux_g4e:auto_generated|l3_w2_n0_mux_dataout~1 ; 1       ;
; registerfile:inst34|lpm_mux3:inst39|lpm_mux:LPM_MUX_component|mux_g4e:auto_generated|l3_w2_n0_mux_dataout~1 ; 1       ;
; registerfile:inst34|lpm_mux3:inst38|lpm_mux:LPM_MUX_component|mux_g4e:auto_generated|l3_w6_n0_mux_dataout~1 ; 1       ;
; registerfile:inst34|lpm_mux3:inst39|lpm_mux:LPM_MUX_component|mux_g4e:auto_generated|l3_w6_n0_mux_dataout~1 ; 1       ;
; registerfile:inst34|lpm_mux3:inst38|lpm_mux:LPM_MUX_component|mux_g4e:auto_generated|l3_w7_n0_mux_dataout~1 ; 1       ;
; registerfile:inst34|lpm_mux3:inst39|lpm_mux:LPM_MUX_component|mux_g4e:auto_generated|l3_w7_n0_mux_dataout~1 ; 1       ;
; Dmem:inst4|lpm_ram_dq:inst1|altram:sram|altsyncram:ram_block|altsyncram_00e1:auto_generated|q_a[1]          ; 1       ;
; Dmem:inst4|lpm_ram_dq:inst1|altram:sram|altsyncram:ram_block|altsyncram_00e1:auto_generated|q_a[2]          ; 1       ;
; Dmem:inst4|lpm_ram_dq:inst1|altram:sram|altsyncram:ram_block|altsyncram_00e1:auto_generated|q_a[3]          ; 1       ;
; Dmem:inst4|lpm_ram_dq:inst1|altram:sram|altsyncram:ram_block|altsyncram_00e1:auto_generated|q_a[4]          ; 1       ;
; Dmem:inst4|lpm_ram_dq:inst1|altram:sram|altsyncram:ram_block|altsyncram_00e1:auto_generated|q_a[5]          ; 1       ;
; Dmem:inst4|lpm_ram_dq:inst1|altram:sram|altsyncram:ram_block|altsyncram_00e1:auto_generated|q_a[6]          ; 1       ;
; Dmem:inst4|lpm_ram_dq:inst1|altram:sram|altsyncram:ram_block|altsyncram_00e1:auto_generated|q_a[7]          ; 1       ;
; Dmem:inst4|lpm_ram_dq:inst1|altram:sram|altsyncram:ram_block|altsyncram_00e1:auto_generated|q_a[0]          ; 1       ;
+-------------------------------------------------------------------------------------------------------------+---------+


+------------------------------------------------------------------------------------------------------------------------------------------------------------------------------------------------------------------------------------------------------------------------------------------------------------------------------------------------------------------------------------------------------------------------------------------------------------------------------------------------------------------------------------------------------------------------------------------------------------------------------------------------------------+
; Fitter RAM Summary                                                                                                                                                                                                                                                                                                                                                                                                                                                                                                                                                                                                                                         ;
+----------------------------------------------------------------------------------------------------------+------+-------------+-------------+--------------+--------------+--------------+--------------+------------------------+-------------------------+------------------------+-------------------------+------+-----------------------------+-----------------------------+-----------------------------+-----------------------------+---------------------+------------+------------+-----------+--------------------------------+----------------------+-----------------+-----------------+-----------------------------------------------------+
; Name                                                                                                     ; Type ; Mode        ; Clock Mode  ; Port A Depth ; Port A Width ; Port B Depth ; Port B Width ; Port A Input Registers ; Port A Output Registers ; Port B Input Registers ; Port B Output Registers ; Size ; Implementation Port A Depth ; Implementation Port A Width ; Implementation Port B Depth ; Implementation Port B Width ; Implementation Bits ; M9K blocks ; MLAB cells ; MIF       ; Location                       ; Mixed Width RDW Mode ; Port A RDW Mode ; Port B RDW Mode ; Fits in MLABs                                       ;
+----------------------------------------------------------------------------------------------------------+------+-------------+-------------+--------------+--------------+--------------+--------------+------------------------+-------------------------+------------------------+-------------------------+------+-----------------------------+-----------------------------+-----------------------------+-----------------------------+---------------------+------------+------------+-----------+--------------------------------+----------------------+-----------------+-----------------+-----------------------------------------------------+
; Dmem:inst4|lpm_ram_dq:inst1|altram:sram|altsyncram:ram_block|altsyncram_00e1:auto_generated|ALTSYNCRAM   ; AUTO ; Single Port ; Dual Clocks ; 256          ; 8            ; --           ; --           ; yes                    ; yes                     ; --                     ; --                      ; 2048 ; 256                         ; 8                           ; --                          ; --                          ; 2048                ; 1          ; 0          ; None      ; M9K_X18_Y27_N0                 ; Don't care           ; New data        ; New data        ; No - Single Port Feed Through New Data with Clock 1 ;
; Icache:inst2|lpm_ram_dq:inst1|altram:sram|altsyncram:ram_block|altsyncram_vuf1:auto_generated|ALTSYNCRAM ; AUTO ; Single Port ; Dual Clocks ; 256          ; 16           ; --           ; --           ; yes                    ; yes                     ; --                     ; --                      ; 4096 ; 256                         ; 16                          ; --                          ; --                          ; 4096                ; 2          ; 0          ; test2.mif ; M9K_X18_Y26_N0, M9K_X25_Y26_N0 ; Don't care           ; New data        ; New data        ; No - Single Port Feed Through New Data with Clock 1 ;
+----------------------------------------------------------------------------------------------------------+------+-------------+-------------+--------------+--------------+--------------+--------------+------------------------+-------------------------+------------------------+-------------------------+------+-----------------------------+-----------------------------+-----------------------------+-----------------------------+---------------------+------------+------------+-----------+--------------------------------+----------------------+-----------------+-----------------+-----------------------------------------------------+
Note: Fitter may spread logical memories into multiple blocks to improve timing. The actual required RAM blocks can be found in the Fitter Resource Usage section.


RAM content values are presented in the following format: (Binary) (Octal) (Decimal) (Hexadecimal) 
+------------------------------------------------------------------------------------------------------------------------------------------------------------------------------------------------------------------------------------------------------------------+
; |SingleCycleDebug|Icache:inst2|lpm_ram_dq:inst1|altram:sram|altsyncram:ram_block|altsyncram_vuf1:auto_generated|ALTSYNCRAM                                                                                                                                       ;
+------------------------------------------------------------------------------------------------------------------------------------------------------------------------------------------------------------------------------------------------------------------+
;   Addr   ;              +0              ;              +1              ;              +2              ;              +3              ;              +4              ;              +5              ;              +6              ;              +7              ;
+----------+------------------------------+------------------------------+------------------------------+------------------------------+------------------------------+------------------------------+------------------------------+------------------------------+
;0;(0000000000000000) (0) (0) (00)    ;(0000000000000000) (0) (0) (00)   ;(1000000001001010) (100112) (32842) (804A)   ;(1000000010000101) (100205) (32901) (8085)   ;(0000001010011000) (1230) (664) (298)   ;(1010100100000000) (124400) (43264) (A900)   ;(1011000101000001) (130501) (45377) (B141)   ;(1001000110010100) (110624) (37268) (9194)   ;
;8;(0000110011110000) (6360) (3312) (CF0)    ;(1110000110000011) (160603) (57731) (E183)   ;(0001100100000000) (14400) (6400) (1900)   ;(0110000000001110) (60016) (24590) (600E)   ;(0001011100000000) (13400) (5888) (1700)   ;(0111000000001110) (70016) (28686) (700E)   ;(0011010001111110) (32176) (13438) (347E)   ;(0000000000000000) (0) (0) (00)   ;
;16;(0000000000000000) (0) (0) (00)    ;(0000000000000000) (0) (0) (00)   ;(0000000000000000) (0) (0) (00)   ;(0000000000000000) (0) (0) (00)   ;(0000000000000000) (0) (0) (00)   ;(0000000000000000) (0) (0) (00)   ;(0000000000000000) (0) (0) (00)   ;(0000000000000000) (0) (0) (00)   ;
;24;(0000000000000000) (0) (0) (00)    ;(0000000000000000) (0) (0) (00)   ;(0000000000000000) (0) (0) (00)   ;(0000000000000000) (0) (0) (00)   ;(0000000000000000) (0) (0) (00)   ;(0000000000000000) (0) (0) (00)   ;(0000000000000000) (0) (0) (00)   ;(0000000000000000) (0) (0) (00)   ;
;32;(0000000000000000) (0) (0) (00)    ;(0000000000000000) (0) (0) (00)   ;(0000000000000000) (0) (0) (00)   ;(0000000000000000) (0) (0) (00)   ;(0000000000000000) (0) (0) (00)   ;(0000000000000000) (0) (0) (00)   ;(0000000000000000) (0) (0) (00)   ;(0000000000000000) (0) (0) (00)   ;
;40;(0000000000000000) (0) (0) (00)    ;(0000000000000000) (0) (0) (00)   ;(0000000000000000) (0) (0) (00)   ;(0000000000000000) (0) (0) (00)   ;(0000000000000000) (0) (0) (00)   ;(0000000000000000) (0) (0) (00)   ;(0000000000000000) (0) (0) (00)   ;(0000000000000000) (0) (0) (00)   ;
;48;(0000000000000000) (0) (0) (00)    ;(0000000000000000) (0) (0) (00)   ;(0000000000000000) (0) (0) (00)   ;(0000000000000000) (0) (0) (00)   ;(0000000000000000) (0) (0) (00)   ;(0000000000000000) (0) (0) (00)   ;(0000000000000000) (0) (0) (00)   ;(0000000000000000) (0) (0) (00)   ;
;56;(0000000000000000) (0) (0) (00)    ;(0000000000000000) (0) (0) (00)   ;(0000000000000000) (0) (0) (00)   ;(0000000000000000) (0) (0) (00)   ;(0000000000000000) (0) (0) (00)   ;(0000000000000000) (0) (0) (00)   ;(0000000000000000) (0) (0) (00)   ;(0000000000000000) (0) (0) (00)   ;
;64;(0000000000000000) (0) (0) (00)    ;(0000000000000000) (0) (0) (00)   ;(0000000000000000) (0) (0) (00)   ;(0000000000000000) (0) (0) (00)   ;(0000000000000000) (0) (0) (00)   ;(0000000000000000) (0) (0) (00)   ;(0000000000000000) (0) (0) (00)   ;(0000000000000000) (0) (0) (00)   ;
;72;(0000000000000000) (0) (0) (00)    ;(0000000000000000) (0) (0) (00)   ;(0000000000000000) (0) (0) (00)   ;(0000000000000000) (0) (0) (00)   ;(0000000000000000) (0) (0) (00)   ;(0000000000000000) (0) (0) (00)   ;(0000000000000000) (0) (0) (00)   ;(0000000000000000) (0) (0) (00)   ;
;80;(0000000000000000) (0) (0) (00)    ;(0000000000000000) (0) (0) (00)   ;(0000000000000000) (0) (0) (00)   ;(0000000000000000) (0) (0) (00)   ;(0000000000000000) (0) (0) (00)   ;(0000000000000000) (0) (0) (00)   ;(0000000000000000) (0) (0) (00)   ;(0000000000000000) (0) (0) (00)   ;
;88;(0000000000000000) (0) (0) (00)    ;(0000000000000000) (0) (0) (00)   ;(0000000000000000) (0) (0) (00)   ;(0000000000000000) (0) (0) (00)   ;(0000000000000000) (0) (0) (00)   ;(0000000000000000) (0) (0) (00)   ;(0000000000000000) (0) (0) (00)   ;(0000000000000000) (0) (0) (00)   ;
;96;(0000000000000000) (0) (0) (00)    ;(0000000000000000) (0) (0) (00)   ;(0000000000000000) (0) (0) (00)   ;(0000000000000000) (0) (0) (00)   ;(0000000000000000) (0) (0) (00)   ;(0000000000000000) (0) (0) (00)   ;(0000000000000000) (0) (0) (00)   ;(0000000000000000) (0) (0) (00)   ;
;104;(0000000000000000) (0) (0) (00)    ;(0000000000000000) (0) (0) (00)   ;(0000000000000000) (0) (0) (00)   ;(0000000000000000) (0) (0) (00)   ;(0000000000000000) (0) (0) (00)   ;(0000000000000000) (0) (0) (00)   ;(0000000000000000) (0) (0) (00)   ;(0000000000000000) (0) (0) (00)   ;
;112;(0000000000000000) (0) (0) (00)    ;(0000000000000000) (0) (0) (00)   ;(0000000000000000) (0) (0) (00)   ;(0000000000000000) (0) (0) (00)   ;(0000000000000000) (0) (0) (00)   ;(0000000000000000) (0) (0) (00)   ;(0000000000000000) (0) (0) (00)   ;(0000000000000000) (0) (0) (00)   ;
;120;(0000000000000000) (0) (0) (00)    ;(0000000000000000) (0) (0) (00)   ;(0000000000000000) (0) (0) (00)   ;(0000000000000000) (0) (0) (00)   ;(0000000000000000) (0) (0) (00)   ;(0000000000000000) (0) (0) (00)   ;(0000000000000000) (0) (0) (00)   ;(0000000000000000) (0) (0) (00)   ;
;128;(0000000000000000) (0) (0) (00)    ;(0000000000000000) (0) (0) (00)   ;(0000000000000000) (0) (0) (00)   ;(0000000000000000) (0) (0) (00)   ;(0000000000000000) (0) (0) (00)   ;(0000000000000000) (0) (0) (00)   ;(0000000000000000) (0) (0) (00)   ;(0000000000000000) (0) (0) (00)   ;
;136;(0000000000000000) (0) (0) (00)    ;(0000000000000000) (0) (0) (00)   ;(0000000000000000) (0) (0) (00)   ;(0000000000000000) (0) (0) (00)   ;(0000000000000000) (0) (0) (00)   ;(0000000000000000) (0) (0) (00)   ;(0000000000000000) (0) (0) (00)   ;(0000000000000000) (0) (0) (00)   ;
;144;(0000000000000000) (0) (0) (00)    ;(0000000000000000) (0) (0) (00)   ;(0000000000000000) (0) (0) (00)   ;(0000000000000000) (0) (0) (00)   ;(0000000000000000) (0) (0) (00)   ;(0000000000000000) (0) (0) (00)   ;(0000000000000000) (0) (0) (00)   ;(0000000000000000) (0) (0) (00)   ;
;152;(0000000000000000) (0) (0) (00)    ;(0000000000000000) (0) (0) (00)   ;(0000000000000000) (0) (0) (00)   ;(0000000000000000) (0) (0) (00)   ;(0000000000000000) (0) (0) (00)   ;(0000000000000000) (0) (0) (00)   ;(0000000000000000) (0) (0) (00)   ;(0000000000000000) (0) (0) (00)   ;
;160;(0000000000000000) (0) (0) (00)    ;(0000000000000000) (0) (0) (00)   ;(0000000000000000) (0) (0) (00)   ;(0000000000000000) (0) (0) (00)   ;(0000000000000000) (0) (0) (00)   ;(0000000000000000) (0) (0) (00)   ;(0000000000000000) (0) (0) (00)   ;(0000000000000000) (0) (0) (00)   ;
;168;(0000000000000000) (0) (0) (00)    ;(0000000000000000) (0) (0) (00)   ;(0000000000000000) (0) (0) (00)   ;(0000000000000000) (0) (0) (00)   ;(0000000000000000) (0) (0) (00)   ;(0000000000000000) (0) (0) (00)   ;(0000000000000000) (0) (0) (00)   ;(0000000000000000) (0) (0) (00)   ;
;176;(0000000000000000) (0) (0) (00)    ;(0000000000000000) (0) (0) (00)   ;(0000000000000000) (0) (0) (00)   ;(0000000000000000) (0) (0) (00)   ;(0000000000000000) (0) (0) (00)   ;(0000000000000000) (0) (0) (00)   ;(0000000000000000) (0) (0) (00)   ;(0000000000000000) (0) (0) (00)   ;
;184;(0000000000000000) (0) (0) (00)    ;(0000000000000000) (0) (0) (00)   ;(0000000000000000) (0) (0) (00)   ;(0000000000000000) (0) (0) (00)   ;(0000000000000000) (0) (0) (00)   ;(0000000000000000) (0) (0) (00)   ;(0000000000000000) (0) (0) (00)   ;(0000000000000000) (0) (0) (00)   ;
;192;(0000000000000000) (0) (0) (00)    ;(0000000000000000) (0) (0) (00)   ;(0000000000000000) (0) (0) (00)   ;(0000000000000000) (0) (0) (00)   ;(0000000000000000) (0) (0) (00)   ;(0000000000000000) (0) (0) (00)   ;(0000000000000000) (0) (0) (00)   ;(0000000000000000) (0) (0) (00)   ;
;200;(0000000000000000) (0) (0) (00)    ;(0000000000000000) (0) (0) (00)   ;(0000000000000000) (0) (0) (00)   ;(0000000000000000) (0) (0) (00)   ;(0000000000000000) (0) (0) (00)   ;(0000000000000000) (0) (0) (00)   ;(0000000000000000) (0) (0) (00)   ;(0000000000000000) (0) (0) (00)   ;
;208;(0000000000000000) (0) (0) (00)    ;(0000000000000000) (0) (0) (00)   ;(0000000000000000) (0) (0) (00)   ;(0000000000000000) (0) (0) (00)   ;(0000000000000000) (0) (0) (00)   ;(0000000000000000) (0) (0) (00)   ;(0000000000000000) (0) (0) (00)   ;(0000000000000000) (0) (0) (00)   ;
;216;(0000000000000000) (0) (0) (00)    ;(0000000000000000) (0) (0) (00)   ;(0000000000000000) (0) (0) (00)   ;(0000000000000000) (0) (0) (00)   ;(0000000000000000) (0) (0) (00)   ;(0000000000000000) (0) (0) (00)   ;(0000000000000000) (0) (0) (00)   ;(0000000000000000) (0) (0) (00)   ;
;224;(0000000000000000) (0) (0) (00)    ;(0000000000000000) (0) (0) (00)   ;(0000000000000000) (0) (0) (00)   ;(0000000000000000) (0) (0) (00)   ;(0000000000000000) (0) (0) (00)   ;(0000000000000000) (0) (0) (00)   ;(0000000000000000) (0) (0) (00)   ;(0000000000000000) (0) (0) (00)   ;
;232;(0000000000000000) (0) (0) (00)    ;(0000000000000000) (0) (0) (00)   ;(0000000000000000) (0) (0) (00)   ;(0000000000000000) (0) (0) (00)   ;(0000000000000000) (0) (0) (00)   ;(0000000000000000) (0) (0) (00)   ;(0000000000000000) (0) (0) (00)   ;(0000000000000000) (0) (0) (00)   ;
;240;(0000000000000000) (0) (0) (00)    ;(0000000000000000) (0) (0) (00)   ;(0000000000000000) (0) (0) (00)   ;(0000000000000000) (0) (0) (00)   ;(0000000000000000) (0) (0) (00)   ;(0000000000000000) (0) (0) (00)   ;(0000000000000000) (0) (0) (00)   ;(0000000000000000) (0) (0) (00)   ;
;248;(0000000000000000) (0) (0) (00)    ;(0000000000000000) (0) (0) (00)   ;(0000000000000000) (0) (0) (00)   ;(0000000000000000) (0) (0) (00)   ;(0000000000000000) (0) (0) (00)   ;(0000000000000000) (0) (0) (00)   ;(0000000000000000) (0) (0) (00)   ;(0000000000000000) (0) (0) (00)   ;


+-------------------------------------------------------------+
; Routing Usage Summary                                       ;
+-----------------------------------+-------------------------+
; Routing Resource Type             ; Usage                   ;
+-----------------------------------+-------------------------+
; Block interconnects               ; 616 / 213,100 ( < 1 % ) ;
; C12 interconnects                 ; 76 / 7,906 ( < 1 % )    ;
; C4 interconnects                  ; 499 / 139,240 ( < 1 % ) ;
; DIFFIOCLKs                        ; 0 / 8 ( 0 % )           ;
; DQS bus muxes                     ; 0 / 42 ( 0 % )          ;
; DQS-18 I/O buses                  ; 0 / 9 ( 0 % )           ;
; DQS-36 I/O buses                  ; 0 / 3 ( 0 % )           ;
; DQS-9 I/O buses                   ; 0 / 21 ( 0 % )          ;
; DQS-N18 I/O buses                 ; 0 / 4 ( 0 % )           ;
; Direct links                      ; 81 / 213,100 ( < 1 % )  ;
; Global clocks                     ; 10 / 16 ( 63 % )        ;
; HSSI Block Output Buffers         ; 0 / 3,905 ( 0 % )       ;
; Interquad CMU TXRX PMARX outputs  ; 0 / 4 ( 0 % )           ;
; Interquad CMU TXRX PMATX outputs  ; 0 / 4 ( 0 % )           ;
; Interquad Clock Inputs            ; 0 / 16 ( 0 % )          ;
; Interquad Clock Outputs           ; 0 / 4 ( 0 % )           ;
; Interquad Clocks                  ; 0 / 16 ( 0 % )          ;
; Interquad Global PLL Clock Inputs ; 0 / 12 ( 0 % )          ;
; Interquad Global PLL Clocks       ; 0 / 4 ( 0 % )           ;
; Interquad Quadrant Clock MUXs     ; 0 / 2 ( 0 % )           ;
; Interquad Reference Clock Outputs ; 0 / 2 ( 0 % )           ;
; Interquad TXRX Clock Feedbacks    ; 0 / 4 ( 0 % )           ;
; Interquad TXRX Clocks             ; 0 / 32 ( 0 % )          ;
; Interquad TXRX PCLK controls      ; 0 / 42 ( 0 % )          ;
; Interquad TXRX PCSRX outputs      ; 0 / 8 ( 0 % )           ;
; Interquad TXRX PCSTX outputs      ; 0 / 8 ( 0 % )           ;
; Interquad TXRX PMARX outputs      ; 0 / 8 ( 0 % )           ;
; Interquad TXRX PMATX outputs      ; 0 / 8 ( 0 % )           ;
; Local interconnects               ; 85 / 50,600 ( < 1 % )   ;
; NDQS bus muxes                    ; 0 / 42 ( 0 % )          ;
; NDQS-18 I/O buses                 ; 0 / 9 ( 0 % )           ;
; NDQS-36 I/O buses                 ; 0 / 3 ( 0 % )           ;
; NDQS-9 I/O buses                  ; 0 / 21 ( 0 % )          ;
; NDQS-N18 I/O buses                ; 0 / 4 ( 0 % )           ;
; PLL_RX_TX_LOAD_ENABLEs            ; 0 / 8 ( 0 % )           ;
; PLL_RX_TX_SCLOCKs                 ; 0 / 8 ( 0 % )           ;
; Periphery clocks                  ; 0 / 50 ( 0 % )          ;
; Quadrant clocks                   ; 0 / 48 ( 0 % )          ;
; R20 interconnects                 ; 25 / 8,690 ( < 1 % )    ;
; R20/C12 interconnect drivers      ; 98 / 12,980 ( < 1 % )   ;
; R4 interconnects                  ; 767 / 235,620 ( < 1 % ) ;
; Spine clocks                      ; 10 / 104 ( 10 % )       ;
+-----------------------------------+-------------------------+


+-----------------------------------------------------------------+
; LAB Logic Elements                                              ;
+----------------------------------+------------------------------+
; Number of ALMs  (Average = 7.89) ; Number of LABs  (Total = 18) ;
+----------------------------------+------------------------------+
; 1                                ; 2                            ;
; 2                                ; 0                            ;
; 3                                ; 1                            ;
; 4                                ; 0                            ;
; 5                                ; 0                            ;
; 6                                ; 3                            ;
; 7                                ; 0                            ;
; 8                                ; 0                            ;
; 9                                ; 1                            ;
; 10                               ; 11                           ;
+----------------------------------+------------------------------+


+-------------------------------------------------------------------+
; LAB-wide Signals                                                  ;
+------------------------------------+------------------------------+
; LAB-wide Signals  (Average = 0.83) ; Number of LABs  (Total = 18) ;
+------------------------------------+------------------------------+
; 1 Clock                            ; 4                            ;
; 2 Clocks                           ; 11                           ;
+------------------------------------+------------------------------+


+-----------------------------------------------------------------------------+
; LAB Signals Sourced                                                         ;
+----------------------------------------------+------------------------------+
; Number of Signals Sourced  (Average = 13.67) ; Number of LABs  (Total = 18) ;
+----------------------------------------------+------------------------------+
; 0                                            ; 0                            ;
; 1                                            ; 1                            ;
; 2                                            ; 1                            ;
; 3                                            ; 0                            ;
; 4                                            ; 1                            ;
; 5                                            ; 0                            ;
; 6                                            ; 0                            ;
; 7                                            ; 2                            ;
; 8                                            ; 0                            ;
; 9                                            ; 0                            ;
; 10                                           ; 1                            ;
; 11                                           ; 0                            ;
; 12                                           ; 2                            ;
; 13                                           ; 0                            ;
; 14                                           ; 0                            ;
; 15                                           ; 1                            ;
; 16                                           ; 1                            ;
; 17                                           ; 2                            ;
; 18                                           ; 1                            ;
; 19                                           ; 0                            ;
; 20                                           ; 1                            ;
; 21                                           ; 1                            ;
; 22                                           ; 2                            ;
; 23                                           ; 1                            ;
+----------------------------------------------+------------------------------+


+--------------------------------------------------------------------------------+
; LAB Signals Sourced Out                                                        ;
+-------------------------------------------------+------------------------------+
; Number of Signals Sourced Out  (Average = 9.06) ; Number of LABs  (Total = 18) ;
+-------------------------------------------------+------------------------------+
; 0                                               ; 0                            ;
; 1                                               ; 2                            ;
; 2                                               ; 0                            ;
; 3                                               ; 1                            ;
; 4                                               ; 0                            ;
; 5                                               ; 0                            ;
; 6                                               ; 4                            ;
; 7                                               ; 1                            ;
; 8                                               ; 0                            ;
; 9                                               ; 2                            ;
; 10                                              ; 1                            ;
; 11                                              ; 0                            ;
; 12                                              ; 2                            ;
; 13                                              ; 1                            ;
; 14                                              ; 2                            ;
; 15                                              ; 1                            ;
; 16                                              ; 0                            ;
; 17                                              ; 0                            ;
; 18                                              ; 0                            ;
; 19                                              ; 1                            ;
+-------------------------------------------------+------------------------------+


+-----------------------------------------------------------------------------+
; LAB Distinct Inputs                                                         ;
+----------------------------------------------+------------------------------+
; Number of Distinct Inputs  (Average = 21.78) ; Number of LABs  (Total = 18) ;
+----------------------------------------------+------------------------------+
; 0                                            ; 0                            ;
; 1                                            ; 0                            ;
; 2                                            ; 1                            ;
; 3                                            ; 0                            ;
; 4                                            ; 1                            ;
; 5                                            ; 0                            ;
; 6                                            ; 1                            ;
; 7                                            ; 1                            ;
; 8                                            ; 1                            ;
; 9                                            ; 0                            ;
; 10                                           ; 0                            ;
; 11                                           ; 0                            ;
; 12                                           ; 0                            ;
; 13                                           ; 0                            ;
; 14                                           ; 1                            ;
; 15                                           ; 0                            ;
; 16                                           ; 0                            ;
; 17                                           ; 1                            ;
; 18                                           ; 2                            ;
; 19                                           ; 0                            ;
; 20                                           ; 0                            ;
; 21                                           ; 0                            ;
; 22                                           ; 0                            ;
; 23                                           ; 0                            ;
; 24                                           ; 1                            ;
; 25                                           ; 0                            ;
; 26                                           ; 0                            ;
; 27                                           ; 1                            ;
; 28                                           ; 0                            ;
; 29                                           ; 1                            ;
; 30                                           ; 0                            ;
; 31                                           ; 0                            ;
; 32                                           ; 0                            ;
; 33                                           ; 1                            ;
; 34                                           ; 1                            ;
; 35                                           ; 1                            ;
; 36                                           ; 1                            ;
; 37                                           ; 0                            ;
; 38                                           ; 0                            ;
; 39                                           ; 1                            ;
; 40                                           ; 0                            ;
; 41                                           ; 1                            ;
+----------------------------------------------+------------------------------+


+------------------------------------------+
; I/O Rules Summary                        ;
+----------------------------------+-------+
; I/O Rules Statistic              ; Total ;
+----------------------------------+-------+
; Total I/O Rules                  ; 28    ;
; Number of I/O Rules Passed       ; 6     ;
; Number of I/O Rules Failed       ; 0     ;
; Number of I/O Rules Unchecked    ; 0     ;
; Number of I/O Rules Inapplicable ; 22    ;
+----------------------------------+-------+


+-----------------------------------------------------------------------------------------------------------------------------------------------------------------------------------------------------------------------------------------------------------------------------------+
; I/O Rules Details                                                                                                                                                                                                                                                                 ;
+--------------+-----------+-----------------------------------+------------------------------------------------------------------------------------+----------+--------------------------------------------------------------------------+---------------------+-------------------+
; Status       ; ID        ; Category                          ; Rule Description                                                                   ; Severity ; Information                                                              ; Area                ; Extra Information ;
+--------------+-----------+-----------------------------------+------------------------------------------------------------------------------------+----------+--------------------------------------------------------------------------+---------------------+-------------------+
; Inapplicable ; IO_000001 ; Capacity Checks                   ; Number of pins in an I/O bank should not exceed the number of locations available. ; Critical ; No Location assignments found.                                           ; I/O                 ;                   ;
; Inapplicable ; IO_000002 ; Capacity Checks                   ; Number of clocks in an I/O bank should not exceed the number of clocks available.  ; Critical ; No Global Signal assignments found.                                      ; I/O                 ;                   ;
; Inapplicable ; IO_000003 ; Capacity Checks                   ; Number of pins in a Vrefgroup should not exceed the number of locations available. ; Critical ; No Location assignments found.                                           ; I/O                 ;                   ;
; Inapplicable ; IO_000004 ; Voltage Compatibility Checks      ; The I/O bank should support the requested VCCIO.                                   ; Critical ; No IOBANK_VCCIO assignments found.                                       ; I/O                 ;                   ;
; Inapplicable ; IO_000005 ; Voltage Compatibility Checks      ; The I/O bank should not have competing VREF values.                                ; Critical ; No VREF I/O Standard assignments found.                                  ; I/O                 ;                   ;
; Pass         ; IO_000006 ; Voltage Compatibility Checks      ; The I/O bank should not have competing VCCIO values.                               ; Critical ; 0 such failures found.                                                   ; I/O                 ;                   ;
; Inapplicable ; IO_000007 ; Valid Location Checks             ; Checks for unavailable locations.                                                  ; Critical ; No Location assignments found.                                           ; I/O                 ;                   ;
; Inapplicable ; IO_000008 ; Valid Location Checks             ; Checks for reserved locations.                                                     ; Critical ; No reserved LogicLock region found.                                      ; I/O                 ;                   ;
; Pass         ; IO_000009 ; I/O Properties Checks for One I/O ; The location should support the requested I/O standard.                            ; Critical ; 0 such failures found.                                                   ; I/O                 ;                   ;
; Pass         ; IO_000010 ; I/O Properties Checks for One I/O ; The location should support the requested I/O direction.                           ; Critical ; 0 such failures found.                                                   ; I/O                 ;                   ;
; Inapplicable ; IO_000011 ; I/O Properties Checks for One I/O ; The location should support the requested Current Strength.                        ; Critical ; No Current Strength assignments found.                                   ; I/O                 ;                   ;
; Pass         ; IO_000012 ; I/O Properties Checks for One I/O ; The location should support the requested On Chip Termination value.               ; Critical ; 0 such failures found.                                                   ; I/O                 ;                   ;
; Inapplicable ; IO_000013 ; I/O Properties Checks for One I/O ; The location should support the requested Bus Hold value.                          ; Critical ; No Enable Bus-Hold Circuitry assignments found.                          ; I/O                 ;                   ;
; Inapplicable ; IO_000014 ; I/O Properties Checks for One I/O ; The location should support the requested Weak Pull Up value.                      ; Critical ; No Weak Pull-Up Resistor assignments found.                              ; I/O                 ;                   ;
; Inapplicable ; IO_000015 ; I/O Properties Checks for One I/O ; The location should support the requested PCI Clamp Diode.                         ; Critical ; No Clamping Diode assignments found.                                     ; I/O                 ;                   ;
; Inapplicable ; IO_000018 ; I/O Properties Checks for One I/O ; The I/O standard should support the requested Current Strength.                    ; Critical ; No Current Strength assignments found.                                   ; I/O                 ;                   ;
; Pass         ; IO_000019 ; I/O Properties Checks for One I/O ; The I/O standard should support the requested On Chip Termination value.           ; Critical ; 0 such failures found.                                                   ; I/O                 ;                   ;
; Inapplicable ; IO_000020 ; I/O Properties Checks for One I/O ; The I/O standard should support the requested PCI Clamp Diode.                     ; Critical ; No Clamping Diode assignments found.                                     ; I/O                 ;                   ;
; Inapplicable ; IO_000021 ; I/O Properties Checks for One I/O ; The I/O standard should support the requested Weak Pull Up value.                  ; Critical ; No Weak Pull-Up Resistor assignments found.                              ; I/O                 ;                   ;
; Inapplicable ; IO_000022 ; I/O Properties Checks for One I/O ; The I/O standard should support the requested Bus Hold value.                      ; Critical ; No Enable Bus-Hold Circuitry assignments found.                          ; I/O                 ;                   ;
; Inapplicable ; IO_000023 ; I/O Properties Checks for One I/O ; The I/O standard should support the Open Drain value.                              ; Critical ; No open drain assignments found.                                         ; I/O                 ;                   ;
; Pass         ; IO_000024 ; I/O Properties Checks for One I/O ; The I/O direction should support the On Chip Termination value.                    ; Critical ; 0 such failures found.                                                   ; I/O                 ;                   ;
; Inapplicable ; IO_000026 ; I/O Properties Checks for One I/O ; On Chip Termination and Current Strength should not be used at the same time.      ; Critical ; No Current Strength assignments found.                                   ; I/O                 ;                   ;
; Inapplicable ; IO_000027 ; I/O Properties Checks for One I/O ; Weak Pull Up and Bus Hold should not be used at the same time.                     ; Critical ; No Enable Bus-Hold Circuitry or Weak Pull-Up Resistor assignments found. ; I/O                 ;                   ;
; Inapplicable ; IO_000045 ; I/O Properties Checks for One I/O ; The I/O standard should support the requested Slew Rate value.                     ; Critical ; No Slew Rate assignments found.                                          ; I/O                 ;                   ;
; Inapplicable ; IO_000046 ; I/O Properties Checks for One I/O ; The location should support the requested Slew Rate value.                         ; Critical ; No Slew Rate assignments found.                                          ; I/O                 ;                   ;
; Inapplicable ; IO_000047 ; I/O Properties Checks for One I/O ; On Chip Termination and Slew Rate should not be used at the same time.             ; Critical ; No Slew Rate assignments found.                                          ; I/O                 ;                   ;
; Inapplicable ; IO_000034 ; SI Related Distance Checks        ; Single-ended outputs should be 1 LAB row(s) away from a differential I/O.          ; High     ; No Differential I/O Standard assignments found.                          ; I/O                 ;                   ;
; ----         ; ----      ; Disclaimer                        ; OCT rules are checked but not reported.                                            ; None     ; ----                                                                     ; On Chip Termination ;                   ;
+--------------+-----------+-----------------------------------+------------------------------------------------------------------------------------+----------+--------------------------------------------------------------------------+---------------------+-------------------+


+-----------------------------------------------------------------------------------------------------------------------------------------------------------------------------------------------------------------------------------------------------------------------------------------------------------------------------------------------------------------------------------------------------------------------------------------------+
; I/O Rules Matrix                                                                                                                                                                                                                                                                                                                                                                                                                              ;
+--------------------+--------------+--------------+--------------+--------------+--------------+-----------+--------------+--------------+-----------+-----------+--------------+--------------+--------------+--------------+--------------+--------------+--------------+--------------+--------------+--------------+--------------+--------------+--------------+--------------+--------------+--------------+--------------+--------------+
; Pin/Rules          ; IO_000001    ; IO_000002    ; IO_000003    ; IO_000004    ; IO_000005    ; IO_000006 ; IO_000007    ; IO_000008    ; IO_000009 ; IO_000010 ; IO_000011    ; IO_000012    ; IO_000013    ; IO_000014    ; IO_000015    ; IO_000018    ; IO_000019    ; IO_000020    ; IO_000021    ; IO_000022    ; IO_000023    ; IO_000024    ; IO_000026    ; IO_000027    ; IO_000045    ; IO_000046    ; IO_000047    ; IO_000034    ;
+--------------------+--------------+--------------+--------------+--------------+--------------+-----------+--------------+--------------+-----------+-----------+--------------+--------------+--------------+--------------+--------------+--------------+--------------+--------------+--------------+--------------+--------------+--------------+--------------+--------------+--------------+--------------+--------------+--------------+
; Total Pass         ; 0            ; 0            ; 0            ; 0            ; 0            ; 86        ; 0            ; 0            ; 86        ; 86        ; 0            ; 82           ; 0            ; 0            ; 0            ; 0            ; 82           ; 0            ; 0            ; 0            ; 0            ; 82           ; 0            ; 0            ; 0            ; 0            ; 0            ; 0            ;
; Total Unchecked    ; 0            ; 0            ; 0            ; 0            ; 0            ; 0         ; 0            ; 0            ; 0         ; 0         ; 0            ; 0            ; 0            ; 0            ; 0            ; 0            ; 0            ; 0            ; 0            ; 0            ; 0            ; 0            ; 0            ; 0            ; 0            ; 0            ; 0            ; 0            ;
; Total Inapplicable ; 86           ; 86           ; 86           ; 86           ; 86           ; 0         ; 86           ; 86           ; 0         ; 0         ; 86           ; 4            ; 86           ; 86           ; 86           ; 86           ; 4            ; 86           ; 86           ; 86           ; 86           ; 4            ; 86           ; 86           ; 86           ; 86           ; 86           ; 86           ;
; Total Fail         ; 0            ; 0            ; 0            ; 0            ; 0            ; 0         ; 0            ; 0            ; 0         ; 0         ; 0            ; 0            ; 0            ; 0            ; 0            ; 0            ; 0            ; 0            ; 0            ; 0            ; 0            ; 0            ; 0            ; 0            ; 0            ; 0            ; 0            ; 0            ;
; RegWritetest       ; Inapplicable ; Inapplicable ; Inapplicable ; Inapplicable ; Inapplicable ; Pass      ; Inapplicable ; Inapplicable ; Pass      ; Pass      ; Inapplicable ; Pass         ; Inapplicable ; Inapplicable ; Inapplicable ; Inapplicable ; Pass         ; Inapplicable ; Inapplicable ; Inapplicable ; Inapplicable ; Pass         ; Inapplicable ; Inapplicable ; Inapplicable ; Inapplicable ; Inapplicable ; Inapplicable ;
; IMout[15]          ; Inapplicable ; Inapplicable ; Inapplicable ; Inapplicable ; Inapplicable ; Pass      ; Inapplicable ; Inapplicable ; Pass      ; Pass      ; Inapplicable ; Pass         ; Inapplicable ; Inapplicable ; Inapplicable ; Inapplicable ; Pass         ; Inapplicable ; Inapplicable ; Inapplicable ; Inapplicable ; Pass         ; Inapplicable ; Inapplicable ; Inapplicable ; Inapplicable ; Inapplicable ; Inapplicable ;
; IMout[14]          ; Inapplicable ; Inapplicable ; Inapplicable ; Inapplicable ; Inapplicable ; Pass      ; Inapplicable ; Inapplicable ; Pass      ; Pass      ; Inapplicable ; Pass         ; Inapplicable ; Inapplicable ; Inapplicable ; Inapplicable ; Pass         ; Inapplicable ; Inapplicable ; Inapplicable ; Inapplicable ; Pass         ; Inapplicable ; Inapplicable ; Inapplicable ; Inapplicable ; Inapplicable ; Inapplicable ;
; IMout[13]          ; Inapplicable ; Inapplicable ; Inapplicable ; Inapplicable ; Inapplicable ; Pass      ; Inapplicable ; Inapplicable ; Pass      ; Pass      ; Inapplicable ; Pass         ; Inapplicable ; Inapplicable ; Inapplicable ; Inapplicable ; Pass         ; Inapplicable ; Inapplicable ; Inapplicable ; Inapplicable ; Pass         ; Inapplicable ; Inapplicable ; Inapplicable ; Inapplicable ; Inapplicable ; Inapplicable ;
; IMout[12]          ; Inapplicable ; Inapplicable ; Inapplicable ; Inapplicable ; Inapplicable ; Pass      ; Inapplicable ; Inapplicable ; Pass      ; Pass      ; Inapplicable ; Pass         ; Inapplicable ; Inapplicable ; Inapplicable ; Inapplicable ; Pass         ; Inapplicable ; Inapplicable ; Inapplicable ; Inapplicable ; Pass         ; Inapplicable ; Inapplicable ; Inapplicable ; Inapplicable ; Inapplicable ; Inapplicable ;
; IMout[11]          ; Inapplicable ; Inapplicable ; Inapplicable ; Inapplicable ; Inapplicable ; Pass      ; Inapplicable ; Inapplicable ; Pass      ; Pass      ; Inapplicable ; Pass         ; Inapplicable ; Inapplicable ; Inapplicable ; Inapplicable ; Pass         ; Inapplicable ; Inapplicable ; Inapplicable ; Inapplicable ; Pass         ; Inapplicable ; Inapplicable ; Inapplicable ; Inapplicable ; Inapplicable ; Inapplicable ;
; IMout[10]          ; Inapplicable ; Inapplicable ; Inapplicable ; Inapplicable ; Inapplicable ; Pass      ; Inapplicable ; Inapplicable ; Pass      ; Pass      ; Inapplicable ; Pass         ; Inapplicable ; Inapplicable ; Inapplicable ; Inapplicable ; Pass         ; Inapplicable ; Inapplicable ; Inapplicable ; Inapplicable ; Pass         ; Inapplicable ; Inapplicable ; Inapplicable ; Inapplicable ; Inapplicable ; Inapplicable ;
; IMout[9]           ; Inapplicable ; Inapplicable ; Inapplicable ; Inapplicable ; Inapplicable ; Pass      ; Inapplicable ; Inapplicable ; Pass      ; Pass      ; Inapplicable ; Pass         ; Inapplicable ; Inapplicable ; Inapplicable ; Inapplicable ; Pass         ; Inapplicable ; Inapplicable ; Inapplicable ; Inapplicable ; Pass         ; Inapplicable ; Inapplicable ; Inapplicable ; Inapplicable ; Inapplicable ; Inapplicable ;
; IMout[8]           ; Inapplicable ; Inapplicable ; Inapplicable ; Inapplicable ; Inapplicable ; Pass      ; Inapplicable ; Inapplicable ; Pass      ; Pass      ; Inapplicable ; Pass         ; Inapplicable ; Inapplicable ; Inapplicable ; Inapplicable ; Pass         ; Inapplicable ; Inapplicable ; Inapplicable ; Inapplicable ; Pass         ; Inapplicable ; Inapplicable ; Inapplicable ; Inapplicable ; Inapplicable ; Inapplicable ;
; IMout[7]           ; Inapplicable ; Inapplicable ; Inapplicable ; Inapplicable ; Inapplicable ; Pass      ; Inapplicable ; Inapplicable ; Pass      ; Pass      ; Inapplicable ; Pass         ; Inapplicable ; Inapplicable ; Inapplicable ; Inapplicable ; Pass         ; Inapplicable ; Inapplicable ; Inapplicable ; Inapplicable ; Pass         ; Inapplicable ; Inapplicable ; Inapplicable ; Inapplicable ; Inapplicable ; Inapplicable ;
; IMout[6]           ; Inapplicable ; Inapplicable ; Inapplicable ; Inapplicable ; Inapplicable ; Pass      ; Inapplicable ; Inapplicable ; Pass      ; Pass      ; Inapplicable ; Pass         ; Inapplicable ; Inapplicable ; Inapplicable ; Inapplicable ; Pass         ; Inapplicable ; Inapplicable ; Inapplicable ; Inapplicable ; Pass         ; Inapplicable ; Inapplicable ; Inapplicable ; Inapplicable ; Inapplicable ; Inapplicable ;
; IMout[5]           ; Inapplicable ; Inapplicable ; Inapplicable ; Inapplicable ; Inapplicable ; Pass      ; Inapplicable ; Inapplicable ; Pass      ; Pass      ; Inapplicable ; Pass         ; Inapplicable ; Inapplicable ; Inapplicable ; Inapplicable ; Pass         ; Inapplicable ; Inapplicable ; Inapplicable ; Inapplicable ; Pass         ; Inapplicable ; Inapplicable ; Inapplicable ; Inapplicable ; Inapplicable ; Inapplicable ;
; IMout[4]           ; Inapplicable ; Inapplicable ; Inapplicable ; Inapplicable ; Inapplicable ; Pass      ; Inapplicable ; Inapplicable ; Pass      ; Pass      ; Inapplicable ; Pass         ; Inapplicable ; Inapplicable ; Inapplicable ; Inapplicable ; Pass         ; Inapplicable ; Inapplicable ; Inapplicable ; Inapplicable ; Pass         ; Inapplicable ; Inapplicable ; Inapplicable ; Inapplicable ; Inapplicable ; Inapplicable ;
; IMout[3]           ; Inapplicable ; Inapplicable ; Inapplicable ; Inapplicable ; Inapplicable ; Pass      ; Inapplicable ; Inapplicable ; Pass      ; Pass      ; Inapplicable ; Pass         ; Inapplicable ; Inapplicable ; Inapplicable ; Inapplicable ; Pass         ; Inapplicable ; Inapplicable ; Inapplicable ; Inapplicable ; Pass         ; Inapplicable ; Inapplicable ; Inapplicable ; Inapplicable ; Inapplicable ; Inapplicable ;
; IMout[2]           ; Inapplicable ; Inapplicable ; Inapplicable ; Inapplicable ; Inapplicable ; Pass      ; Inapplicable ; Inapplicable ; Pass      ; Pass      ; Inapplicable ; Pass         ; Inapplicable ; Inapplicable ; Inapplicable ; Inapplicable ; Pass         ; Inapplicable ; Inapplicable ; Inapplicable ; Inapplicable ; Pass         ; Inapplicable ; Inapplicable ; Inapplicable ; Inapplicable ; Inapplicable ; Inapplicable ;
; IMout[1]           ; Inapplicable ; Inapplicable ; Inapplicable ; Inapplicable ; Inapplicable ; Pass      ; Inapplicable ; Inapplicable ; Pass      ; Pass      ; Inapplicable ; Pass         ; Inapplicable ; Inapplicable ; Inapplicable ; Inapplicable ; Pass         ; Inapplicable ; Inapplicable ; Inapplicable ; Inapplicable ; Pass         ; Inapplicable ; Inapplicable ; Inapplicable ; Inapplicable ; Inapplicable ; Inapplicable ;
; IMout[0]           ; Inapplicable ; Inapplicable ; Inapplicable ; Inapplicable ; Inapplicable ; Pass      ; Inapplicable ; Inapplicable ; Pass      ; Pass      ; Inapplicable ; Pass         ; Inapplicable ; Inapplicable ; Inapplicable ; Inapplicable ; Pass         ; Inapplicable ; Inapplicable ; Inapplicable ; Inapplicable ; Pass         ; Inapplicable ; Inapplicable ; Inapplicable ; Inapplicable ; Inapplicable ; Inapplicable ;
; pc[7]              ; Inapplicable ; Inapplicable ; Inapplicable ; Inapplicable ; Inapplicable ; Pass      ; Inapplicable ; Inapplicable ; Pass      ; Pass      ; Inapplicable ; Pass         ; Inapplicable ; Inapplicable ; Inapplicable ; Inapplicable ; Pass         ; Inapplicable ; Inapplicable ; Inapplicable ; Inapplicable ; Pass         ; Inapplicable ; Inapplicable ; Inapplicable ; Inapplicable ; Inapplicable ; Inapplicable ;
; pc[6]              ; Inapplicable ; Inapplicable ; Inapplicable ; Inapplicable ; Inapplicable ; Pass      ; Inapplicable ; Inapplicable ; Pass      ; Pass      ; Inapplicable ; Pass         ; Inapplicable ; Inapplicable ; Inapplicable ; Inapplicable ; Pass         ; Inapplicable ; Inapplicable ; Inapplicable ; Inapplicable ; Pass         ; Inapplicable ; Inapplicable ; Inapplicable ; Inapplicable ; Inapplicable ; Inapplicable ;
; pc[5]              ; Inapplicable ; Inapplicable ; Inapplicable ; Inapplicable ; Inapplicable ; Pass      ; Inapplicable ; Inapplicable ; Pass      ; Pass      ; Inapplicable ; Pass         ; Inapplicable ; Inapplicable ; Inapplicable ; Inapplicable ; Pass         ; Inapplicable ; Inapplicable ; Inapplicable ; Inapplicable ; Pass         ; Inapplicable ; Inapplicable ; Inapplicable ; Inapplicable ; Inapplicable ; Inapplicable ;
; pc[4]              ; Inapplicable ; Inapplicable ; Inapplicable ; Inapplicable ; Inapplicable ; Pass      ; Inapplicable ; Inapplicable ; Pass      ; Pass      ; Inapplicable ; Pass         ; Inapplicable ; Inapplicable ; Inapplicable ; Inapplicable ; Pass         ; Inapplicable ; Inapplicable ; Inapplicable ; Inapplicable ; Pass         ; Inapplicable ; Inapplicable ; Inapplicable ; Inapplicable ; Inapplicable ; Inapplicable ;
; pc[3]              ; Inapplicable ; Inapplicable ; Inapplicable ; Inapplicable ; Inapplicable ; Pass      ; Inapplicable ; Inapplicable ; Pass      ; Pass      ; Inapplicable ; Pass         ; Inapplicable ; Inapplicable ; Inapplicable ; Inapplicable ; Pass         ; Inapplicable ; Inapplicable ; Inapplicable ; Inapplicable ; Pass         ; Inapplicable ; Inapplicable ; Inapplicable ; Inapplicable ; Inapplicable ; Inapplicable ;
; pc[2]              ; Inapplicable ; Inapplicable ; Inapplicable ; Inapplicable ; Inapplicable ; Pass      ; Inapplicable ; Inapplicable ; Pass      ; Pass      ; Inapplicable ; Pass         ; Inapplicable ; Inapplicable ; Inapplicable ; Inapplicable ; Pass         ; Inapplicable ; Inapplicable ; Inapplicable ; Inapplicable ; Pass         ; Inapplicable ; Inapplicable ; Inapplicable ; Inapplicable ; Inapplicable ; Inapplicable ;
; pc[1]              ; Inapplicable ; Inapplicable ; Inapplicable ; Inapplicable ; Inapplicable ; Pass      ; Inapplicable ; Inapplicable ; Pass      ; Pass      ; Inapplicable ; Pass         ; Inapplicable ; Inapplicable ; Inapplicable ; Inapplicable ; Pass         ; Inapplicable ; Inapplicable ; Inapplicable ; Inapplicable ; Pass         ; Inapplicable ; Inapplicable ; Inapplicable ; Inapplicable ; Inapplicable ; Inapplicable ;
; pc[0]              ; Inapplicable ; Inapplicable ; Inapplicable ; Inapplicable ; Inapplicable ; Pass      ; Inapplicable ; Inapplicable ; Pass      ; Pass      ; Inapplicable ; Pass         ; Inapplicable ; Inapplicable ; Inapplicable ; Inapplicable ; Pass         ; Inapplicable ; Inapplicable ; Inapplicable ; Inapplicable ; Pass         ; Inapplicable ; Inapplicable ; Inapplicable ; Inapplicable ; Inapplicable ; Inapplicable ;
; Jump               ; Inapplicable ; Inapplicable ; Inapplicable ; Inapplicable ; Inapplicable ; Pass      ; Inapplicable ; Inapplicable ; Pass      ; Pass      ; Inapplicable ; Pass         ; Inapplicable ; Inapplicable ; Inapplicable ; Inapplicable ; Pass         ; Inapplicable ; Inapplicable ; Inapplicable ; Inapplicable ; Pass         ; Inapplicable ; Inapplicable ; Inapplicable ; Inapplicable ; Inapplicable ; Inapplicable ;
; branch             ; Inapplicable ; Inapplicable ; Inapplicable ; Inapplicable ; Inapplicable ; Pass      ; Inapplicable ; Inapplicable ; Pass      ; Pass      ; Inapplicable ; Pass         ; Inapplicable ; Inapplicable ; Inapplicable ; Inapplicable ; Pass         ; Inapplicable ; Inapplicable ; Inapplicable ; Inapplicable ; Pass         ; Inapplicable ; Inapplicable ; Inapplicable ; Inapplicable ; Inapplicable ; Inapplicable ;
; zero               ; Inapplicable ; Inapplicable ; Inapplicable ; Inapplicable ; Inapplicable ; Pass      ; Inapplicable ; Inapplicable ; Pass      ; Pass      ; Inapplicable ; Pass         ; Inapplicable ; Inapplicable ; Inapplicable ; Inapplicable ; Pass         ; Inapplicable ; Inapplicable ; Inapplicable ; Inapplicable ; Pass         ; Inapplicable ; Inapplicable ; Inapplicable ; Inapplicable ; Inapplicable ; Inapplicable ;
; ALUcontroltest[3]  ; Inapplicable ; Inapplicable ; Inapplicable ; Inapplicable ; Inapplicable ; Pass      ; Inapplicable ; Inapplicable ; Pass      ; Pass      ; Inapplicable ; Pass         ; Inapplicable ; Inapplicable ; Inapplicable ; Inapplicable ; Pass         ; Inapplicable ; Inapplicable ; Inapplicable ; Inapplicable ; Pass         ; Inapplicable ; Inapplicable ; Inapplicable ; Inapplicable ; Inapplicable ; Inapplicable ;
; ALUcontroltest[2]  ; Inapplicable ; Inapplicable ; Inapplicable ; Inapplicable ; Inapplicable ; Pass      ; Inapplicable ; Inapplicable ; Pass      ; Pass      ; Inapplicable ; Pass         ; Inapplicable ; Inapplicable ; Inapplicable ; Inapplicable ; Pass         ; Inapplicable ; Inapplicable ; Inapplicable ; Inapplicable ; Pass         ; Inapplicable ; Inapplicable ; Inapplicable ; Inapplicable ; Inapplicable ; Inapplicable ;
; ALUcontroltest[1]  ; Inapplicable ; Inapplicable ; Inapplicable ; Inapplicable ; Inapplicable ; Pass      ; Inapplicable ; Inapplicable ; Pass      ; Pass      ; Inapplicable ; Pass         ; Inapplicable ; Inapplicable ; Inapplicable ; Inapplicable ; Pass         ; Inapplicable ; Inapplicable ; Inapplicable ; Inapplicable ; Pass         ; Inapplicable ; Inapplicable ; Inapplicable ; Inapplicable ; Inapplicable ; Inapplicable ;
; ALUcontroltest[0]  ; Inapplicable ; Inapplicable ; Inapplicable ; Inapplicable ; Inapplicable ; Pass      ; Inapplicable ; Inapplicable ; Pass      ; Pass      ; Inapplicable ; Pass         ; Inapplicable ; Inapplicable ; Inapplicable ; Inapplicable ; Pass         ; Inapplicable ; Inapplicable ; Inapplicable ; Inapplicable ; Pass         ; Inapplicable ; Inapplicable ; Inapplicable ; Inapplicable ; Inapplicable ; Inapplicable ;
; ALUin1test[7]      ; Inapplicable ; Inapplicable ; Inapplicable ; Inapplicable ; Inapplicable ; Pass      ; Inapplicable ; Inapplicable ; Pass      ; Pass      ; Inapplicable ; Pass         ; Inapplicable ; Inapplicable ; Inapplicable ; Inapplicable ; Pass         ; Inapplicable ; Inapplicable ; Inapplicable ; Inapplicable ; Pass         ; Inapplicable ; Inapplicable ; Inapplicable ; Inapplicable ; Inapplicable ; Inapplicable ;
; ALUin1test[6]      ; Inapplicable ; Inapplicable ; Inapplicable ; Inapplicable ; Inapplicable ; Pass      ; Inapplicable ; Inapplicable ; Pass      ; Pass      ; Inapplicable ; Pass         ; Inapplicable ; Inapplicable ; Inapplicable ; Inapplicable ; Pass         ; Inapplicable ; Inapplicable ; Inapplicable ; Inapplicable ; Pass         ; Inapplicable ; Inapplicable ; Inapplicable ; Inapplicable ; Inapplicable ; Inapplicable ;
; ALUin1test[5]      ; Inapplicable ; Inapplicable ; Inapplicable ; Inapplicable ; Inapplicable ; Pass      ; Inapplicable ; Inapplicable ; Pass      ; Pass      ; Inapplicable ; Pass         ; Inapplicable ; Inapplicable ; Inapplicable ; Inapplicable ; Pass         ; Inapplicable ; Inapplicable ; Inapplicable ; Inapplicable ; Pass         ; Inapplicable ; Inapplicable ; Inapplicable ; Inapplicable ; Inapplicable ; Inapplicable ;
; ALUin1test[4]      ; Inapplicable ; Inapplicable ; Inapplicable ; Inapplicable ; Inapplicable ; Pass      ; Inapplicable ; Inapplicable ; Pass      ; Pass      ; Inapplicable ; Pass         ; Inapplicable ; Inapplicable ; Inapplicable ; Inapplicable ; Pass         ; Inapplicable ; Inapplicable ; Inapplicable ; Inapplicable ; Pass         ; Inapplicable ; Inapplicable ; Inapplicable ; Inapplicable ; Inapplicable ; Inapplicable ;
; ALUin1test[3]      ; Inapplicable ; Inapplicable ; Inapplicable ; Inapplicable ; Inapplicable ; Pass      ; Inapplicable ; Inapplicable ; Pass      ; Pass      ; Inapplicable ; Pass         ; Inapplicable ; Inapplicable ; Inapplicable ; Inapplicable ; Pass         ; Inapplicable ; Inapplicable ; Inapplicable ; Inapplicable ; Pass         ; Inapplicable ; Inapplicable ; Inapplicable ; Inapplicable ; Inapplicable ; Inapplicable ;
; ALUin1test[2]      ; Inapplicable ; Inapplicable ; Inapplicable ; Inapplicable ; Inapplicable ; Pass      ; Inapplicable ; Inapplicable ; Pass      ; Pass      ; Inapplicable ; Pass         ; Inapplicable ; Inapplicable ; Inapplicable ; Inapplicable ; Pass         ; Inapplicable ; Inapplicable ; Inapplicable ; Inapplicable ; Pass         ; Inapplicable ; Inapplicable ; Inapplicable ; Inapplicable ; Inapplicable ; Inapplicable ;
; ALUin1test[1]      ; Inapplicable ; Inapplicable ; Inapplicable ; Inapplicable ; Inapplicable ; Pass      ; Inapplicable ; Inapplicable ; Pass      ; Pass      ; Inapplicable ; Pass         ; Inapplicable ; Inapplicable ; Inapplicable ; Inapplicable ; Pass         ; Inapplicable ; Inapplicable ; Inapplicable ; Inapplicable ; Pass         ; Inapplicable ; Inapplicable ; Inapplicable ; Inapplicable ; Inapplicable ; Inapplicable ;
; ALUin1test[0]      ; Inapplicable ; Inapplicable ; Inapplicable ; Inapplicable ; Inapplicable ; Pass      ; Inapplicable ; Inapplicable ; Pass      ; Pass      ; Inapplicable ; Pass         ; Inapplicable ; Inapplicable ; Inapplicable ; Inapplicable ; Pass         ; Inapplicable ; Inapplicable ; Inapplicable ; Inapplicable ; Pass         ; Inapplicable ; Inapplicable ; Inapplicable ; Inapplicable ; Inapplicable ; Inapplicable ;
; ALUin2test[7]      ; Inapplicable ; Inapplicable ; Inapplicable ; Inapplicable ; Inapplicable ; Pass      ; Inapplicable ; Inapplicable ; Pass      ; Pass      ; Inapplicable ; Pass         ; Inapplicable ; Inapplicable ; Inapplicable ; Inapplicable ; Pass         ; Inapplicable ; Inapplicable ; Inapplicable ; Inapplicable ; Pass         ; Inapplicable ; Inapplicable ; Inapplicable ; Inapplicable ; Inapplicable ; Inapplicable ;
; ALUin2test[6]      ; Inapplicable ; Inapplicable ; Inapplicable ; Inapplicable ; Inapplicable ; Pass      ; Inapplicable ; Inapplicable ; Pass      ; Pass      ; Inapplicable ; Pass         ; Inapplicable ; Inapplicable ; Inapplicable ; Inapplicable ; Pass         ; Inapplicable ; Inapplicable ; Inapplicable ; Inapplicable ; Pass         ; Inapplicable ; Inapplicable ; Inapplicable ; Inapplicable ; Inapplicable ; Inapplicable ;
; ALUin2test[5]      ; Inapplicable ; Inapplicable ; Inapplicable ; Inapplicable ; Inapplicable ; Pass      ; Inapplicable ; Inapplicable ; Pass      ; Pass      ; Inapplicable ; Pass         ; Inapplicable ; Inapplicable ; Inapplicable ; Inapplicable ; Pass         ; Inapplicable ; Inapplicable ; Inapplicable ; Inapplicable ; Pass         ; Inapplicable ; Inapplicable ; Inapplicable ; Inapplicable ; Inapplicable ; Inapplicable ;
; ALUin2test[4]      ; Inapplicable ; Inapplicable ; Inapplicable ; Inapplicable ; Inapplicable ; Pass      ; Inapplicable ; Inapplicable ; Pass      ; Pass      ; Inapplicable ; Pass         ; Inapplicable ; Inapplicable ; Inapplicable ; Inapplicable ; Pass         ; Inapplicable ; Inapplicable ; Inapplicable ; Inapplicable ; Pass         ; Inapplicable ; Inapplicable ; Inapplicable ; Inapplicable ; Inapplicable ; Inapplicable ;
; ALUin2test[3]      ; Inapplicable ; Inapplicable ; Inapplicable ; Inapplicable ; Inapplicable ; Pass      ; Inapplicable ; Inapplicable ; Pass      ; Pass      ; Inapplicable ; Pass         ; Inapplicable ; Inapplicable ; Inapplicable ; Inapplicable ; Pass         ; Inapplicable ; Inapplicable ; Inapplicable ; Inapplicable ; Pass         ; Inapplicable ; Inapplicable ; Inapplicable ; Inapplicable ; Inapplicable ; Inapplicable ;
; ALUin2test[2]      ; Inapplicable ; Inapplicable ; Inapplicable ; Inapplicable ; Inapplicable ; Pass      ; Inapplicable ; Inapplicable ; Pass      ; Pass      ; Inapplicable ; Pass         ; Inapplicable ; Inapplicable ; Inapplicable ; Inapplicable ; Pass         ; Inapplicable ; Inapplicable ; Inapplicable ; Inapplicable ; Pass         ; Inapplicable ; Inapplicable ; Inapplicable ; Inapplicable ; Inapplicable ; Inapplicable ;
; ALUin2test[1]      ; Inapplicable ; Inapplicable ; Inapplicable ; Inapplicable ; Inapplicable ; Pass      ; Inapplicable ; Inapplicable ; Pass      ; Pass      ; Inapplicable ; Pass         ; Inapplicable ; Inapplicable ; Inapplicable ; Inapplicable ; Pass         ; Inapplicable ; Inapplicable ; Inapplicable ; Inapplicable ; Pass         ; Inapplicable ; Inapplicable ; Inapplicable ; Inapplicable ; Inapplicable ; Inapplicable ;
; ALUin2test[0]      ; Inapplicable ; Inapplicable ; Inapplicable ; Inapplicable ; Inapplicable ; Pass      ; Inapplicable ; Inapplicable ; Pass      ; Pass      ; Inapplicable ; Pass         ; Inapplicable ; Inapplicable ; Inapplicable ; Inapplicable ; Pass         ; Inapplicable ; Inapplicable ; Inapplicable ; Inapplicable ; Pass         ; Inapplicable ; Inapplicable ; Inapplicable ; Inapplicable ; Inapplicable ; Inapplicable ;
; ALUOptest[1]       ; Inapplicable ; Inapplicable ; Inapplicable ; Inapplicable ; Inapplicable ; Pass      ; Inapplicable ; Inapplicable ; Pass      ; Pass      ; Inapplicable ; Pass         ; Inapplicable ; Inapplicable ; Inapplicable ; Inapplicable ; Pass         ; Inapplicable ; Inapplicable ; Inapplicable ; Inapplicable ; Pass         ; Inapplicable ; Inapplicable ; Inapplicable ; Inapplicable ; Inapplicable ; Inapplicable ;
; ALUOptest[0]       ; Inapplicable ; Inapplicable ; Inapplicable ; Inapplicable ; Inapplicable ; Pass      ; Inapplicable ; Inapplicable ; Pass      ; Pass      ; Inapplicable ; Pass         ; Inapplicable ; Inapplicable ; Inapplicable ; Inapplicable ; Pass         ; Inapplicable ; Inapplicable ; Inapplicable ; Inapplicable ; Pass         ; Inapplicable ; Inapplicable ; Inapplicable ; Inapplicable ; Inapplicable ; Inapplicable ;
; ALUtest[7]         ; Inapplicable ; Inapplicable ; Inapplicable ; Inapplicable ; Inapplicable ; Pass      ; Inapplicable ; Inapplicable ; Pass      ; Pass      ; Inapplicable ; Pass         ; Inapplicable ; Inapplicable ; Inapplicable ; Inapplicable ; Pass         ; Inapplicable ; Inapplicable ; Inapplicable ; Inapplicable ; Pass         ; Inapplicable ; Inapplicable ; Inapplicable ; Inapplicable ; Inapplicable ; Inapplicable ;
; ALUtest[6]         ; Inapplicable ; Inapplicable ; Inapplicable ; Inapplicable ; Inapplicable ; Pass      ; Inapplicable ; Inapplicable ; Pass      ; Pass      ; Inapplicable ; Pass         ; Inapplicable ; Inapplicable ; Inapplicable ; Inapplicable ; Pass         ; Inapplicable ; Inapplicable ; Inapplicable ; Inapplicable ; Pass         ; Inapplicable ; Inapplicable ; Inapplicable ; Inapplicable ; Inapplicable ; Inapplicable ;
; ALUtest[5]         ; Inapplicable ; Inapplicable ; Inapplicable ; Inapplicable ; Inapplicable ; Pass      ; Inapplicable ; Inapplicable ; Pass      ; Pass      ; Inapplicable ; Pass         ; Inapplicable ; Inapplicable ; Inapplicable ; Inapplicable ; Pass         ; Inapplicable ; Inapplicable ; Inapplicable ; Inapplicable ; Pass         ; Inapplicable ; Inapplicable ; Inapplicable ; Inapplicable ; Inapplicable ; Inapplicable ;
; ALUtest[4]         ; Inapplicable ; Inapplicable ; Inapplicable ; Inapplicable ; Inapplicable ; Pass      ; Inapplicable ; Inapplicable ; Pass      ; Pass      ; Inapplicable ; Pass         ; Inapplicable ; Inapplicable ; Inapplicable ; Inapplicable ; Pass         ; Inapplicable ; Inapplicable ; Inapplicable ; Inapplicable ; Pass         ; Inapplicable ; Inapplicable ; Inapplicable ; Inapplicable ; Inapplicable ; Inapplicable ;
; ALUtest[3]         ; Inapplicable ; Inapplicable ; Inapplicable ; Inapplicable ; Inapplicable ; Pass      ; Inapplicable ; Inapplicable ; Pass      ; Pass      ; Inapplicable ; Pass         ; Inapplicable ; Inapplicable ; Inapplicable ; Inapplicable ; Pass         ; Inapplicable ; Inapplicable ; Inapplicable ; Inapplicable ; Pass         ; Inapplicable ; Inapplicable ; Inapplicable ; Inapplicable ; Inapplicable ; Inapplicable ;
; ALUtest[2]         ; Inapplicable ; Inapplicable ; Inapplicable ; Inapplicable ; Inapplicable ; Pass      ; Inapplicable ; Inapplicable ; Pass      ; Pass      ; Inapplicable ; Pass         ; Inapplicable ; Inapplicable ; Inapplicable ; Inapplicable ; Pass         ; Inapplicable ; Inapplicable ; Inapplicable ; Inapplicable ; Pass         ; Inapplicable ; Inapplicable ; Inapplicable ; Inapplicable ; Inapplicable ; Inapplicable ;
; ALUtest[1]         ; Inapplicable ; Inapplicable ; Inapplicable ; Inapplicable ; Inapplicable ; Pass      ; Inapplicable ; Inapplicable ; Pass      ; Pass      ; Inapplicable ; Pass         ; Inapplicable ; Inapplicable ; Inapplicable ; Inapplicable ; Pass         ; Inapplicable ; Inapplicable ; Inapplicable ; Inapplicable ; Pass         ; Inapplicable ; Inapplicable ; Inapplicable ; Inapplicable ; Inapplicable ; Inapplicable ;
; ALUtest[0]         ; Inapplicable ; Inapplicable ; Inapplicable ; Inapplicable ; Inapplicable ; Pass      ; Inapplicable ; Inapplicable ; Pass      ; Pass      ; Inapplicable ; Pass         ; Inapplicable ; Inapplicable ; Inapplicable ; Inapplicable ; Pass         ; Inapplicable ; Inapplicable ; Inapplicable ; Inapplicable ; Pass         ; Inapplicable ; Inapplicable ; Inapplicable ; Inapplicable ; Inapplicable ; Inapplicable ;
; RFdataINtest[7]    ; Inapplicable ; Inapplicable ; Inapplicable ; Inapplicable ; Inapplicable ; Pass      ; Inapplicable ; Inapplicable ; Pass      ; Pass      ; Inapplicable ; Pass         ; Inapplicable ; Inapplicable ; Inapplicable ; Inapplicable ; Pass         ; Inapplicable ; Inapplicable ; Inapplicable ; Inapplicable ; Pass         ; Inapplicable ; Inapplicable ; Inapplicable ; Inapplicable ; Inapplicable ; Inapplicable ;
; RFdataINtest[6]    ; Inapplicable ; Inapplicable ; Inapplicable ; Inapplicable ; Inapplicable ; Pass      ; Inapplicable ; Inapplicable ; Pass      ; Pass      ; Inapplicable ; Pass         ; Inapplicable ; Inapplicable ; Inapplicable ; Inapplicable ; Pass         ; Inapplicable ; Inapplicable ; Inapplicable ; Inapplicable ; Pass         ; Inapplicable ; Inapplicable ; Inapplicable ; Inapplicable ; Inapplicable ; Inapplicable ;
; RFdataINtest[5]    ; Inapplicable ; Inapplicable ; Inapplicable ; Inapplicable ; Inapplicable ; Pass      ; Inapplicable ; Inapplicable ; Pass      ; Pass      ; Inapplicable ; Pass         ; Inapplicable ; Inapplicable ; Inapplicable ; Inapplicable ; Pass         ; Inapplicable ; Inapplicable ; Inapplicable ; Inapplicable ; Pass         ; Inapplicable ; Inapplicable ; Inapplicable ; Inapplicable ; Inapplicable ; Inapplicable ;
; RFdataINtest[4]    ; Inapplicable ; Inapplicable ; Inapplicable ; Inapplicable ; Inapplicable ; Pass      ; Inapplicable ; Inapplicable ; Pass      ; Pass      ; Inapplicable ; Pass         ; Inapplicable ; Inapplicable ; Inapplicable ; Inapplicable ; Pass         ; Inapplicable ; Inapplicable ; Inapplicable ; Inapplicable ; Pass         ; Inapplicable ; Inapplicable ; Inapplicable ; Inapplicable ; Inapplicable ; Inapplicable ;
; RFdataINtest[3]    ; Inapplicable ; Inapplicable ; Inapplicable ; Inapplicable ; Inapplicable ; Pass      ; Inapplicable ; Inapplicable ; Pass      ; Pass      ; Inapplicable ; Pass         ; Inapplicable ; Inapplicable ; Inapplicable ; Inapplicable ; Pass         ; Inapplicable ; Inapplicable ; Inapplicable ; Inapplicable ; Pass         ; Inapplicable ; Inapplicable ; Inapplicable ; Inapplicable ; Inapplicable ; Inapplicable ;
; RFdataINtest[2]    ; Inapplicable ; Inapplicable ; Inapplicable ; Inapplicable ; Inapplicable ; Pass      ; Inapplicable ; Inapplicable ; Pass      ; Pass      ; Inapplicable ; Pass         ; Inapplicable ; Inapplicable ; Inapplicable ; Inapplicable ; Pass         ; Inapplicable ; Inapplicable ; Inapplicable ; Inapplicable ; Pass         ; Inapplicable ; Inapplicable ; Inapplicable ; Inapplicable ; Inapplicable ; Inapplicable ;
; RFdataINtest[1]    ; Inapplicable ; Inapplicable ; Inapplicable ; Inapplicable ; Inapplicable ; Pass      ; Inapplicable ; Inapplicable ; Pass      ; Pass      ; Inapplicable ; Pass         ; Inapplicable ; Inapplicable ; Inapplicable ; Inapplicable ; Pass         ; Inapplicable ; Inapplicable ; Inapplicable ; Inapplicable ; Pass         ; Inapplicable ; Inapplicable ; Inapplicable ; Inapplicable ; Inapplicable ; Inapplicable ;
; RFdataINtest[0]    ; Inapplicable ; Inapplicable ; Inapplicable ; Inapplicable ; Inapplicable ; Pass      ; Inapplicable ; Inapplicable ; Pass      ; Pass      ; Inapplicable ; Pass         ; Inapplicable ; Inapplicable ; Inapplicable ; Inapplicable ; Pass         ; Inapplicable ; Inapplicable ; Inapplicable ; Inapplicable ; Pass         ; Inapplicable ; Inapplicable ; Inapplicable ; Inapplicable ; Inapplicable ; Inapplicable ;
; RFout1test[7]      ; Inapplicable ; Inapplicable ; Inapplicable ; Inapplicable ; Inapplicable ; Pass      ; Inapplicable ; Inapplicable ; Pass      ; Pass      ; Inapplicable ; Pass         ; Inapplicable ; Inapplicable ; Inapplicable ; Inapplicable ; Pass         ; Inapplicable ; Inapplicable ; Inapplicable ; Inapplicable ; Pass         ; Inapplicable ; Inapplicable ; Inapplicable ; Inapplicable ; Inapplicable ; Inapplicable ;
; RFout1test[6]      ; Inapplicable ; Inapplicable ; Inapplicable ; Inapplicable ; Inapplicable ; Pass      ; Inapplicable ; Inapplicable ; Pass      ; Pass      ; Inapplicable ; Pass         ; Inapplicable ; Inapplicable ; Inapplicable ; Inapplicable ; Pass         ; Inapplicable ; Inapplicable ; Inapplicable ; Inapplicable ; Pass         ; Inapplicable ; Inapplicable ; Inapplicable ; Inapplicable ; Inapplicable ; Inapplicable ;
; RFout1test[5]      ; Inapplicable ; Inapplicable ; Inapplicable ; Inapplicable ; Inapplicable ; Pass      ; Inapplicable ; Inapplicable ; Pass      ; Pass      ; Inapplicable ; Pass         ; Inapplicable ; Inapplicable ; Inapplicable ; Inapplicable ; Pass         ; Inapplicable ; Inapplicable ; Inapplicable ; Inapplicable ; Pass         ; Inapplicable ; Inapplicable ; Inapplicable ; Inapplicable ; Inapplicable ; Inapplicable ;
; RFout1test[4]      ; Inapplicable ; Inapplicable ; Inapplicable ; Inapplicable ; Inapplicable ; Pass      ; Inapplicable ; Inapplicable ; Pass      ; Pass      ; Inapplicable ; Pass         ; Inapplicable ; Inapplicable ; Inapplicable ; Inapplicable ; Pass         ; Inapplicable ; Inapplicable ; Inapplicable ; Inapplicable ; Pass         ; Inapplicable ; Inapplicable ; Inapplicable ; Inapplicable ; Inapplicable ; Inapplicable ;
; RFout1test[3]      ; Inapplicable ; Inapplicable ; Inapplicable ; Inapplicable ; Inapplicable ; Pass      ; Inapplicable ; Inapplicable ; Pass      ; Pass      ; Inapplicable ; Pass         ; Inapplicable ; Inapplicable ; Inapplicable ; Inapplicable ; Pass         ; Inapplicable ; Inapplicable ; Inapplicable ; Inapplicable ; Pass         ; Inapplicable ; Inapplicable ; Inapplicable ; Inapplicable ; Inapplicable ; Inapplicable ;
; RFout1test[2]      ; Inapplicable ; Inapplicable ; Inapplicable ; Inapplicable ; Inapplicable ; Pass      ; Inapplicable ; Inapplicable ; Pass      ; Pass      ; Inapplicable ; Pass         ; Inapplicable ; Inapplicable ; Inapplicable ; Inapplicable ; Pass         ; Inapplicable ; Inapplicable ; Inapplicable ; Inapplicable ; Pass         ; Inapplicable ; Inapplicable ; Inapplicable ; Inapplicable ; Inapplicable ; Inapplicable ;
; RFout1test[1]      ; Inapplicable ; Inapplicable ; Inapplicable ; Inapplicable ; Inapplicable ; Pass      ; Inapplicable ; Inapplicable ; Pass      ; Pass      ; Inapplicable ; Pass         ; Inapplicable ; Inapplicable ; Inapplicable ; Inapplicable ; Pass         ; Inapplicable ; Inapplicable ; Inapplicable ; Inapplicable ; Pass         ; Inapplicable ; Inapplicable ; Inapplicable ; Inapplicable ; Inapplicable ; Inapplicable ;
; RFout1test[0]      ; Inapplicable ; Inapplicable ; Inapplicable ; Inapplicable ; Inapplicable ; Pass      ; Inapplicable ; Inapplicable ; Pass      ; Pass      ; Inapplicable ; Pass         ; Inapplicable ; Inapplicable ; Inapplicable ; Inapplicable ; Pass         ; Inapplicable ; Inapplicable ; Inapplicable ; Inapplicable ; Pass         ; Inapplicable ; Inapplicable ; Inapplicable ; Inapplicable ; Inapplicable ; Inapplicable ;
; RFout2test[7]      ; Inapplicable ; Inapplicable ; Inapplicable ; Inapplicable ; Inapplicable ; Pass      ; Inapplicable ; Inapplicable ; Pass      ; Pass      ; Inapplicable ; Pass         ; Inapplicable ; Inapplicable ; Inapplicable ; Inapplicable ; Pass         ; Inapplicable ; Inapplicable ; Inapplicable ; Inapplicable ; Pass         ; Inapplicable ; Inapplicable ; Inapplicable ; Inapplicable ; Inapplicable ; Inapplicable ;
; RFout2test[6]      ; Inapplicable ; Inapplicable ; Inapplicable ; Inapplicable ; Inapplicable ; Pass      ; Inapplicable ; Inapplicable ; Pass      ; Pass      ; Inapplicable ; Pass         ; Inapplicable ; Inapplicable ; Inapplicable ; Inapplicable ; Pass         ; Inapplicable ; Inapplicable ; Inapplicable ; Inapplicable ; Pass         ; Inapplicable ; Inapplicable ; Inapplicable ; Inapplicable ; Inapplicable ; Inapplicable ;
; RFout2test[5]      ; Inapplicable ; Inapplicable ; Inapplicable ; Inapplicable ; Inapplicable ; Pass      ; Inapplicable ; Inapplicable ; Pass      ; Pass      ; Inapplicable ; Pass         ; Inapplicable ; Inapplicable ; Inapplicable ; Inapplicable ; Pass         ; Inapplicable ; Inapplicable ; Inapplicable ; Inapplicable ; Pass         ; Inapplicable ; Inapplicable ; Inapplicable ; Inapplicable ; Inapplicable ; Inapplicable ;
; RFout2test[4]      ; Inapplicable ; Inapplicable ; Inapplicable ; Inapplicable ; Inapplicable ; Pass      ; Inapplicable ; Inapplicable ; Pass      ; Pass      ; Inapplicable ; Pass         ; Inapplicable ; Inapplicable ; Inapplicable ; Inapplicable ; Pass         ; Inapplicable ; Inapplicable ; Inapplicable ; Inapplicable ; Pass         ; Inapplicable ; Inapplicable ; Inapplicable ; Inapplicable ; Inapplicable ; Inapplicable ;
; RFout2test[3]      ; Inapplicable ; Inapplicable ; Inapplicable ; Inapplicable ; Inapplicable ; Pass      ; Inapplicable ; Inapplicable ; Pass      ; Pass      ; Inapplicable ; Pass         ; Inapplicable ; Inapplicable ; Inapplicable ; Inapplicable ; Pass         ; Inapplicable ; Inapplicable ; Inapplicable ; Inapplicable ; Pass         ; Inapplicable ; Inapplicable ; Inapplicable ; Inapplicable ; Inapplicable ; Inapplicable ;
; RFout2test[2]      ; Inapplicable ; Inapplicable ; Inapplicable ; Inapplicable ; Inapplicable ; Pass      ; Inapplicable ; Inapplicable ; Pass      ; Pass      ; Inapplicable ; Pass         ; Inapplicable ; Inapplicable ; Inapplicable ; Inapplicable ; Pass         ; Inapplicable ; Inapplicable ; Inapplicable ; Inapplicable ; Pass         ; Inapplicable ; Inapplicable ; Inapplicable ; Inapplicable ; Inapplicable ; Inapplicable ;
; RFout2test[1]      ; Inapplicable ; Inapplicable ; Inapplicable ; Inapplicable ; Inapplicable ; Pass      ; Inapplicable ; Inapplicable ; Pass      ; Pass      ; Inapplicable ; Pass         ; Inapplicable ; Inapplicable ; Inapplicable ; Inapplicable ; Pass         ; Inapplicable ; Inapplicable ; Inapplicable ; Inapplicable ; Pass         ; Inapplicable ; Inapplicable ; Inapplicable ; Inapplicable ; Inapplicable ; Inapplicable ;
; RFout2test[0]      ; Inapplicable ; Inapplicable ; Inapplicable ; Inapplicable ; Inapplicable ; Pass      ; Inapplicable ; Inapplicable ; Pass      ; Pass      ; Inapplicable ; Pass         ; Inapplicable ; Inapplicable ; Inapplicable ; Inapplicable ; Pass         ; Inapplicable ; Inapplicable ; Inapplicable ; Inapplicable ; Pass         ; Inapplicable ; Inapplicable ; Inapplicable ; Inapplicable ; Inapplicable ; Inapplicable ;
; clk2               ; Inapplicable ; Inapplicable ; Inapplicable ; Inapplicable ; Inapplicable ; Pass      ; Inapplicable ; Inapplicable ; Pass      ; Pass      ; Inapplicable ; Inapplicable ; Inapplicable ; Inapplicable ; Inapplicable ; Inapplicable ; Inapplicable ; Inapplicable ; Inapplicable ; Inapplicable ; Inapplicable ; Inapplicable ; Inapplicable ; Inapplicable ; Inapplicable ; Inapplicable ; Inapplicable ; Inapplicable ;
; clk1               ; Inapplicable ; Inapplicable ; Inapplicable ; Inapplicable ; Inapplicable ; Pass      ; Inapplicable ; Inapplicable ; Pass      ; Pass      ; Inapplicable ; Inapplicable ; Inapplicable ; Inapplicable ; Inapplicable ; Inapplicable ; Inapplicable ; Inapplicable ; Inapplicable ; Inapplicable ; Inapplicable ; Inapplicable ; Inapplicable ; Inapplicable ; Inapplicable ; Inapplicable ; Inapplicable ; Inapplicable ;
; clk3               ; Inapplicable ; Inapplicable ; Inapplicable ; Inapplicable ; Inapplicable ; Pass      ; Inapplicable ; Inapplicable ; Pass      ; Pass      ; Inapplicable ; Inapplicable ; Inapplicable ; Inapplicable ; Inapplicable ; Inapplicable ; Inapplicable ; Inapplicable ; Inapplicable ; Inapplicable ; Inapplicable ; Inapplicable ; Inapplicable ; Inapplicable ; Inapplicable ; Inapplicable ; Inapplicable ; Inapplicable ;
; clk4               ; Inapplicable ; Inapplicable ; Inapplicable ; Inapplicable ; Inapplicable ; Pass      ; Inapplicable ; Inapplicable ; Pass      ; Pass      ; Inapplicable ; Inapplicable ; Inapplicable ; Inapplicable ; Inapplicable ; Inapplicable ; Inapplicable ; Inapplicable ; Inapplicable ; Inapplicable ; Inapplicable ; Inapplicable ; Inapplicable ; Inapplicable ; Inapplicable ; Inapplicable ; Inapplicable ; Inapplicable ;
+--------------------+--------------+--------------+--------------+--------------+--------------+-----------+--------------+--------------+-----------+-----------+--------------+--------------+--------------+--------------+--------------+--------------+--------------+--------------+--------------+--------------+--------------+--------------+--------------+--------------+--------------+--------------+--------------+--------------+


+-----------------------------------------------------------------------------------------------+
; Fitter Device Options                                                                         ;
+------------------------------------------------------------------+----------------------------+
; Option                                                           ; Setting                    ;
+------------------------------------------------------------------+----------------------------+
; Enable user-supplied start-up clock (CLKUSR)                     ; Off                        ;
; Enable device-wide reset (DEV_CLRn)                              ; Off                        ;
; Enable device-wide output enable (DEV_OE)                        ; Off                        ;
; Enable INIT_DONE output                                          ; Off                        ;
; Configuration scheme                                             ; Passive Serial             ;
; Error detection CRC                                              ; Off                        ;
; Enable input tri-state on active configuration pins in user mode ; Off                        ;
; Active Serial clock source                                       ; 40 MHz Internal Oscillator ;
; Configuration Voltage Level                                      ; Auto                       ;
; Force Configuration Voltage Level                                ; Off                        ;
; nCEO                                                             ; As output driving ground   ;
; Data[7..1]                                                       ; Unreserved                 ;
; Base pin-out file on sameframe device                            ; Off                        ;
+------------------------------------------------------------------+----------------------------+


+------------------------------------+
; Operating Settings and Conditions  ;
+---------------------------+--------+
; Setting                   ; Value  ;
+---------------------------+--------+
; Nominal Core Voltage      ; 0.90 V ;
; Low Junction Temperature  ; -40 °C ;
; High Junction Temperature ; 100 °C ;
+---------------------------+--------+


+----------------------------------------------------------------+
; Estimated Delay Added for Hold Timing Summary                  ;
+---------------------+----------------------+-------------------+
; Source Clock(s)     ; Destination Clock(s) ; Delay Added in ns ;
+---------------------+----------------------+-------------------+
; clk2,clk1,clk3,clk4 ; clk3                 ; 21.5              ;
; clk2                ; clk3,clk4,I/O        ; 19.4              ;
; clk2                ; clk3,I/O             ; 18.4              ;
; clk3                ; clk3,clk4,I/O        ; 16.0              ;
; clk1                ; clk3,I/O             ; 14.8              ;
; clk4                ; clk3,I/O             ; 8.6               ;
; clk2,clk3           ; clk3,clk4,I/O        ; 7.1               ;
; clk2                ; clk1,clk3,clk4,I/O   ; 4.8               ;
; clk1                ; clk1,clk3,I/O        ; 3.8               ;
+---------------------+----------------------+-------------------+
Note: For more information on problematic transfers, consider running the Fitter again with the Optimize hold timing option (Settings Menu) turned off.
This will disable optimization of problematic paths and expose them for further analysis using the TimeQuest Timing Analyzer.


+-----------------------------------------------------------------------------------------------------------------------------------------------------------------------+
; Estimated Delay Added for Hold Timing Details                                                                                                                         ;
+-------------------------------------------------------------------------------------------------------+-------------------------------------------+-------------------+
; Source Register                                                                                       ; Destination Register                      ; Delay Added in ns ;
+-------------------------------------------------------------------------------------------------------+-------------------------------------------+-------------------+
; Icache:inst2|lpm_ram_dq:inst1|altram:sram|altsyncram:ram_block|altsyncram_vuf1:auto_generated|q_a[15] ; registerfile:inst34|register:inst20|inst1 ; 2.559             ;
; Icache:inst2|lpm_ram_dq:inst1|altram:sram|altsyncram:ram_block|altsyncram_vuf1:auto_generated|q_a[13] ; registerfile:inst34|register:inst20|inst1 ; 2.543             ;
; Icache:inst2|lpm_ram_dq:inst1|altram:sram|altsyncram:ram_block|altsyncram_vuf1:auto_generated|q_a[14] ; registerfile:inst34|register:inst20|inst1 ; 2.463             ;
; Icache:inst2|lpm_ram_dq:inst1|altram:sram|altsyncram:ram_block|altsyncram_vuf1:auto_generated|q_a[12] ; registerfile:inst34|register:inst20|inst1 ; 2.448             ;
; register:ProgramCounter|inst5                                                                         ; registerfile:inst34|register:inst20|inst5 ; 2.230             ;
; Dmem:inst4|lpm_ram_dq:inst1|altram:sram|altsyncram:ram_block|altsyncram_00e1:auto_generated|q_a[0]    ; registerfile:inst34|register:inst23|inst7 ; 2.223             ;
; register:ProgramCounter|inst6                                                                         ; registerfile:inst34|register:inst20|inst5 ; 2.218             ;
; register:ProgramCounter|inst7                                                                         ; registerfile:inst34|register:inst20|inst5 ; 2.189             ;
; register:ProgramCounter|inst3                                                                         ; registerfile:inst34|register:inst20|inst1 ; 2.107             ;
; register:ProgramCounter|inst2                                                                         ; registerfile:inst34|register:inst20|inst  ; 2.079             ;
; register:ProgramCounter|inst1                                                                         ; registerfile:inst34|register:inst20|inst1 ; 2.060             ;
; Dmem:inst4|lpm_ram_dq:inst1|altram:sram|altsyncram:ram_block|altsyncram_00e1:auto_generated|q_a[6]    ; registerfile:inst34|register:inst20|inst1 ; 2.043             ;
; Dmem:inst4|lpm_ram_dq:inst1|altram:sram|altsyncram:ram_block|altsyncram_00e1:auto_generated|q_a[1]    ; registerfile:inst34|register:inst20|inst6 ; 1.983             ;
; register:ProgramCounter|inst4                                                                         ; registerfile:inst34|register:inst20|inst4 ; 1.976             ;
; Dmem:inst4|lpm_ram_dq:inst1|altram:sram|altsyncram:ram_block|altsyncram_00e1:auto_generated|q_a[5]    ; registerfile:inst34|register:inst20|inst2 ; 1.967             ;
; registerfile:inst34|register:inst29|inst7                                                             ; registerfile:inst34|register:inst23|inst7 ; 1.935             ;
; registerfile:inst34|register:inst30|inst2                                                             ; registerfile:inst34|register:inst20|inst2 ; 1.928             ;
; Dmem:inst4|lpm_ram_dq:inst1|altram:sram|altsyncram:ram_block|altsyncram_00e1:auto_generated|q_a[7]    ; registerfile:inst34|register:inst20|inst  ; 1.895             ;
; Icache:inst2|lpm_ram_dq:inst1|altram:sram|altsyncram:ram_block|altsyncram_vuf1:auto_generated|q_a[5]  ; registerfile:inst34|register:inst20|inst2 ; 1.852             ;
; registerfile:inst34|register:inst30|inst7                                                             ; registerfile:inst34|register:inst23|inst7 ; 1.835             ;
; Icache:inst2|lpm_ram_dq:inst1|altram:sram|altsyncram:ram_block|altsyncram_vuf1:auto_generated|q_a[0]  ; registerfile:inst34|register:inst23|inst7 ; 1.835             ;
; registerfile:inst34|register:inst29|inst6                                                             ; registerfile:inst34|register:inst20|inst6 ; 1.787             ;
; registerfile:inst34|register:inst30|inst6                                                             ; registerfile:inst34|register:inst20|inst6 ; 1.762             ;
; register:ProgramCounter|inst                                                                          ; registerfile:inst34|register:inst20|inst  ; 1.751             ;
; Icache:inst2|lpm_ram_dq:inst1|altram:sram|altsyncram:ram_block|altsyncram_vuf1:auto_generated|q_a[4]  ; registerfile:inst34|register:inst20|inst2 ; 1.751             ;
; Dmem:inst4|lpm_ram_dq:inst1|altram:sram|altsyncram:ram_block|altsyncram_00e1:auto_generated|q_a[2]    ; registerfile:inst34|register:inst20|inst5 ; 1.746             ;
; Dmem:inst4|lpm_ram_dq:inst1|altram:sram|altsyncram:ram_block|altsyncram_00e1:auto_generated|q_a[4]    ; registerfile:inst34|register:inst20|inst3 ; 1.653             ;
; Icache:inst2|lpm_ram_dq:inst1|altram:sram|altsyncram:ram_block|altsyncram_vuf1:auto_generated|q_a[2]  ; registerfile:inst34|register:inst23|inst7 ; 1.617             ;
; Icache:inst2|lpm_ram_dq:inst1|altram:sram|altsyncram:ram_block|altsyncram_vuf1:auto_generated|q_a[3]  ; registerfile:inst34|register:inst20|inst2 ; 1.589             ;
; Icache:inst2|lpm_ram_dq:inst1|altram:sram|altsyncram:ram_block|altsyncram_vuf1:auto_generated|q_a[1]  ; registerfile:inst34|register:inst23|inst7 ; 1.583             ;
; registerfile:inst34|register:inst29|inst4                                                             ; registerfile:inst34|register:inst20|inst2 ; 1.575             ;
; Dmem:inst4|lpm_ram_dq:inst1|altram:sram|altsyncram:ram_block|altsyncram_00e1:auto_generated|q_a[3]    ; registerfile:inst34|register:inst20|inst4 ; 1.541             ;
; registerfile:inst34|register:inst29|inst2                                                             ; registerfile:inst34|register:inst20|inst2 ; 1.534             ;
; registerfile:inst34|register:inst29|inst1                                                             ; registerfile:inst34|register:inst20|inst1 ; 1.531             ;
; registerfile:inst34|register:inst29|inst                                                              ; registerfile:inst34|register:inst20|inst  ; 1.441             ;
; registerfile:inst34|register:inst29|inst5                                                             ; registerfile:inst34|register:inst20|inst4 ; 1.433             ;
; registerfile:inst34|register:inst29|inst3                                                             ; registerfile:inst34|register:inst20|inst2 ; 1.433             ;
; registerfile:inst34|register:inst30|inst5                                                             ; registerfile:inst34|register:inst20|inst4 ; 1.304             ;
; registerfile:inst34|register:inst30|inst1                                                             ; registerfile:inst34|register:inst20|inst1 ; 1.242             ;
; registerfile:inst34|register:inst30|inst3                                                             ; registerfile:inst34|register:inst20|inst2 ; 1.236             ;
; registerfile:inst34|register:inst30|inst4                                                             ; registerfile:inst34|register:inst20|inst4 ; 1.180             ;
; registerfile:inst34|register:inst30|inst                                                              ; registerfile:inst34|register:inst20|inst  ; 1.030             ;
+-------------------------------------------------------------------------------------------------------+-------------------------------------------+-------------------+
Note: This table only shows the top 42 path(s) that have the largest delay added for hold.


+-----------------+
; Fitter Messages ;
+-----------------+
Warning (20028): Parallel compilation is not licensed and has been disabled
Info (119004): Automatically selected device EP2AGX45CU17I3 for design mips
Info (21076): High junction temperature operating condition is not set. Assuming a default value of '100'.
Info (21076): Low junction temperature operating condition is not set. Assuming a default value of '-40'.
Info (119042): Found following RAM instances in design that are actually implemented as ROM because the write logic is always disabled
    Info (119043): Atom "Icache:inst2|lpm_ram_dq:inst1|altram:sram|altsyncram:ram_block|altsyncram_vuf1:auto_generated|ram_block1a15" is instantiated as RAM, but it is actually implemented as ROM function because the write logic is always disabled
    Info (119043): Atom "Icache:inst2|lpm_ram_dq:inst1|altram:sram|altsyncram:ram_block|altsyncram_vuf1:auto_generated|ram_block1a12" is instantiated as RAM, but it is actually implemented as ROM function because the write logic is always disabled
    Info (119043): Atom "Icache:inst2|lpm_ram_dq:inst1|altram:sram|altsyncram:ram_block|altsyncram_vuf1:auto_generated|ram_block1a13" is instantiated as RAM, but it is actually implemented as ROM function because the write logic is always disabled
    Info (119043): Atom "Icache:inst2|lpm_ram_dq:inst1|altram:sram|altsyncram:ram_block|altsyncram_vuf1:auto_generated|ram_block1a14" is instantiated as RAM, but it is actually implemented as ROM function because the write logic is always disabled
    Info (119043): Atom "Icache:inst2|lpm_ram_dq:inst1|altram:sram|altsyncram:ram_block|altsyncram_vuf1:auto_generated|ram_block1a1" is instantiated as RAM, but it is actually implemented as ROM function because the write logic is always disabled
    Info (119043): Atom "Icache:inst2|lpm_ram_dq:inst1|altram:sram|altsyncram:ram_block|altsyncram_vuf1:auto_generated|ram_block1a2" is instantiated as RAM, but it is actually implemented as ROM function because the write logic is always disabled
    Info (119043): Atom "Icache:inst2|lpm_ram_dq:inst1|altram:sram|altsyncram:ram_block|altsyncram_vuf1:auto_generated|ram_block1a0" is instantiated as RAM, but it is actually implemented as ROM function because the write logic is always disabled
    Info (119043): Atom "Icache:inst2|lpm_ram_dq:inst1|altram:sram|altsyncram:ram_block|altsyncram_vuf1:auto_generated|ram_block1a11" is instantiated as RAM, but it is actually implemented as ROM function because the write logic is always disabled
    Info (119043): Atom "Icache:inst2|lpm_ram_dq:inst1|altram:sram|altsyncram:ram_block|altsyncram_vuf1:auto_generated|ram_block1a10" is instantiated as RAM, but it is actually implemented as ROM function because the write logic is always disabled
    Info (119043): Atom "Icache:inst2|lpm_ram_dq:inst1|altram:sram|altsyncram:ram_block|altsyncram_vuf1:auto_generated|ram_block1a9" is instantiated as RAM, but it is actually implemented as ROM function because the write logic is always disabled
    Info (119043): Atom "Icache:inst2|lpm_ram_dq:inst1|altram:sram|altsyncram:ram_block|altsyncram_vuf1:auto_generated|ram_block1a8" is instantiated as RAM, but it is actually implemented as ROM function because the write logic is always disabled
    Info (119043): Atom "Icache:inst2|lpm_ram_dq:inst1|altram:sram|altsyncram:ram_block|altsyncram_vuf1:auto_generated|ram_block1a7" is instantiated as RAM, but it is actually implemented as ROM function because the write logic is always disabled
    Info (119043): Atom "Icache:inst2|lpm_ram_dq:inst1|altram:sram|altsyncram:ram_block|altsyncram_vuf1:auto_generated|ram_block1a6" is instantiated as RAM, but it is actually implemented as ROM function because the write logic is always disabled
    Info (119043): Atom "Icache:inst2|lpm_ram_dq:inst1|altram:sram|altsyncram:ram_block|altsyncram_vuf1:auto_generated|ram_block1a5" is instantiated as RAM, but it is actually implemented as ROM function because the write logic is always disabled
    Info (119043): Atom "Icache:inst2|lpm_ram_dq:inst1|altram:sram|altsyncram:ram_block|altsyncram_vuf1:auto_generated|ram_block1a4" is instantiated as RAM, but it is actually implemented as ROM function because the write logic is always disabled
    Info (119043): Atom "Icache:inst2|lpm_ram_dq:inst1|altram:sram|altsyncram:ram_block|altsyncram_vuf1:auto_generated|ram_block1a3" is instantiated as RAM, but it is actually implemented as ROM function because the write logic is always disabled
Info (171003): Fitter is performing an Auto Fit compilation, which may decrease Fitter effort to reduce compilation time
Warning (292013): Feature LogicLock is only available with a valid subscription license. You can purchase a software subscription to gain full access to this feature.
Info (176444): Device migration not selected. If you intend to use device migration later, you may need to change the pin assignments as they may be incompatible with other devices
    Info (176445): Device EP2AGX65CU17I3 is compatible
Info (169124): Fitter converted 1 user pins into dedicated programming pins
    Info (169125): Pin ~ALTERA_nCEO~ is reserved at location W12
Warning (15714): Some pins have incomplete I/O assignments. Refer to the I/O Assignment Warnings report for details
Info (176045): Design uses memory blocks. Violating setup or hold times of memory block address registers for either read or write operations could cause memory contents to be corrupted. Make sure that all memory block address registers meet the setup and hold time requirements.
Critical Warning (169085): No exact pin location assignment(s) for 86 pins of 86 total pins
    Info (169086): Pin RegWritetest not assigned to an exact location on the device
    Info (169086): Pin IMout[15] not assigned to an exact location on the device
    Info (169086): Pin IMout[14] not assigned to an exact location on the device
    Info (169086): Pin IMout[13] not assigned to an exact location on the device
    Info (169086): Pin IMout[12] not assigned to an exact location on the device
    Info (169086): Pin IMout[11] not assigned to an exact location on the device
    Info (169086): Pin IMout[10] not assigned to an exact location on the device
    Info (169086): Pin IMout[9] not assigned to an exact location on the device
    Info (169086): Pin IMout[8] not assigned to an exact location on the device
    Info (169086): Pin IMout[7] not assigned to an exact location on the device
    Info (169086): Pin IMout[6] not assigned to an exact location on the device
    Info (169086): Pin IMout[5] not assigned to an exact location on the device
    Info (169086): Pin IMout[4] not assigned to an exact location on the device
    Info (169086): Pin IMout[3] not assigned to an exact location on the device
    Info (169086): Pin IMout[2] not assigned to an exact location on the device
    Info (169086): Pin IMout[1] not assigned to an exact location on the device
    Info (169086): Pin IMout[0] not assigned to an exact location on the device
    Info (169086): Pin pc[7] not assigned to an exact location on the device
    Info (169086): Pin pc[6] not assigned to an exact location on the device
    Info (169086): Pin pc[5] not assigned to an exact location on the device
    Info (169086): Pin pc[4] not assigned to an exact location on the device
    Info (169086): Pin pc[3] not assigned to an exact location on the device
    Info (169086): Pin pc[2] not assigned to an exact location on the device
    Info (169086): Pin pc[1] not assigned to an exact location on the device
    Info (169086): Pin pc[0] not assigned to an exact location on the device
    Info (169086): Pin Jump not assigned to an exact location on the device
    Info (169086): Pin branch not assigned to an exact location on the device
    Info (169086): Pin zero not assigned to an exact location on the device
    Info (169086): Pin ALUcontroltest[3] not assigned to an exact location on the device
    Info (169086): Pin ALUcontroltest[2] not assigned to an exact location on the device
    Info (169086): Pin ALUcontroltest[1] not assigned to an exact location on the device
    Info (169086): Pin ALUcontroltest[0] not assigned to an exact location on the device
    Info (169086): Pin ALUin1test[7] not assigned to an exact location on the device
    Info (169086): Pin ALUin1test[6] not assigned to an exact location on the device
    Info (169086): Pin ALUin1test[5] not assigned to an exact location on the device
    Info (169086): Pin ALUin1test[4] not assigned to an exact location on the device
    Info (169086): Pin ALUin1test[3] not assigned to an exact location on the device
    Info (169086): Pin ALUin1test[2] not assigned to an exact location on the device
    Info (169086): Pin ALUin1test[1] not assigned to an exact location on the device
    Info (169086): Pin ALUin1test[0] not assigned to an exact location on the device
    Info (169086): Pin ALUin2test[7] not assigned to an exact location on the device
    Info (169086): Pin ALUin2test[6] not assigned to an exact location on the device
    Info (169086): Pin ALUin2test[5] not assigned to an exact location on the device
    Info (169086): Pin ALUin2test[4] not assigned to an exact location on the device
    Info (169086): Pin ALUin2test[3] not assigned to an exact location on the device
    Info (169086): Pin ALUin2test[2] not assigned to an exact location on the device
    Info (169086): Pin ALUin2test[1] not assigned to an exact location on the device
    Info (169086): Pin ALUin2test[0] not assigned to an exact location on the device
    Info (169086): Pin ALUOptest[1] not assigned to an exact location on the device
    Info (169086): Pin ALUOptest[0] not assigned to an exact location on the device
    Info (169086): Pin ALUtest[7] not assigned to an exact location on the device
    Info (169086): Pin ALUtest[6] not assigned to an exact location on the device
    Info (169086): Pin ALUtest[5] not assigned to an exact location on the device
    Info (169086): Pin ALUtest[4] not assigned to an exact location on the device
    Info (169086): Pin ALUtest[3] not assigned to an exact location on the device
    Info (169086): Pin ALUtest[2] not assigned to an exact location on the device
    Info (169086): Pin ALUtest[1] not assigned to an exact location on the device
    Info (169086): Pin ALUtest[0] not assigned to an exact location on the device
    Info (169086): Pin RFdataINtest[7] not assigned to an exact location on the device
    Info (169086): Pin RFdataINtest[6] not assigned to an exact location on the device
    Info (169086): Pin RFdataINtest[5] not assigned to an exact location on the device
    Info (169086): Pin RFdataINtest[4] not assigned to an exact location on the device
    Info (169086): Pin RFdataINtest[3] not assigned to an exact location on the device
    Info (169086): Pin RFdataINtest[2] not assigned to an exact location on the device
    Info (169086): Pin RFdataINtest[1] not assigned to an exact location on the device
    Info (169086): Pin RFdataINtest[0] not assigned to an exact location on the device
    Info (169086): Pin RFout1test[7] not assigned to an exact location on the device
    Info (169086): Pin RFout1test[6] not assigned to an exact location on the device
    Info (169086): Pin RFout1test[5] not assigned to an exact location on the device
    Info (169086): Pin RFout1test[4] not assigned to an exact location on the device
    Info (169086): Pin RFout1test[3] not assigned to an exact location on the device
    Info (169086): Pin RFout1test[2] not assigned to an exact location on the device
    Info (169086): Pin RFout1test[1] not assigned to an exact location on the device
    Info (169086): Pin RFout1test[0] not assigned to an exact location on the device
    Info (169086): Pin RFout2test[7] not assigned to an exact location on the device
    Info (169086): Pin RFout2test[6] not assigned to an exact location on the device
    Info (169086): Pin RFout2test[5] not assigned to an exact location on the device
    Info (169086): Pin RFout2test[4] not assigned to an exact location on the device
    Info (169086): Pin RFout2test[3] not assigned to an exact location on the device
    Info (169086): Pin RFout2test[2] not assigned to an exact location on the device
    Info (169086): Pin RFout2test[1] not assigned to an exact location on the device
    Info (169086): Pin RFout2test[0] not assigned to an exact location on the device
    Info (169086): Pin clk2 not assigned to an exact location on the device
    Info (169086): Pin clk1 not assigned to an exact location on the device
    Info (169086): Pin clk3 not assigned to an exact location on the device
    Info (169086): Pin clk4 not assigned to an exact location on the device
Critical Warning (332012): Synopsys Design Constraints File file not found: 'mips.sdc'. A Synopsys Design Constraints File is required by the TimeQuest Timing Analyzer to get proper timing constraints. Without it, the Compiler will not properly optimize the design.
Info (332144): No user constrained base clocks found in the design
Info (332143): No user constrained clock uncertainty found in the design. Calling "derive_clock_uncertainty"
Info (332123): Deriving Clock Uncertainty. Please refer to report_sdc in TimeQuest to see clock uncertainties.
Info (332130): Timing requirements not specified -- quality metrics such as performance may be sacrificed to reduce compilation time.
Info (176353): Automatically promoted node clk2~input (placed in PIN T10 (CLK6, DIFFCLK_0p))
    Info (176355): Automatically promoted destinations to use location or clock signal Global Clock CLKCTRL_G7
    Info (176356): Following destination nodes may be non-global or may not use global or regional clocks
        Info (176357): Destination node Icache:inst2|lpm_ram_dq:inst1|altram:sram|altsyncram:ram_block|altsyncram_vuf1:auto_generated|ram_block1a0
        Info (176357): Destination node Icache:inst2|lpm_ram_dq:inst1|altram:sram|altsyncram:ram_block|altsyncram_vuf1:auto_generated|ram_block1a1
        Info (176357): Destination node Icache:inst2|lpm_ram_dq:inst1|altram:sram|altsyncram:ram_block|altsyncram_vuf1:auto_generated|ram_block1a2
        Info (176357): Destination node Icache:inst2|lpm_ram_dq:inst1|altram:sram|altsyncram:ram_block|altsyncram_vuf1:auto_generated|ram_block1a3
        Info (176357): Destination node Icache:inst2|lpm_ram_dq:inst1|altram:sram|altsyncram:ram_block|altsyncram_vuf1:auto_generated|ram_block1a4
        Info (176357): Destination node Icache:inst2|lpm_ram_dq:inst1|altram:sram|altsyncram:ram_block|altsyncram_vuf1:auto_generated|ram_block1a5
        Info (176357): Destination node Icache:inst2|lpm_ram_dq:inst1|altram:sram|altsyncram:ram_block|altsyncram_vuf1:auto_generated|ram_block1a6
        Info (176357): Destination node Icache:inst2|lpm_ram_dq:inst1|altram:sram|altsyncram:ram_block|altsyncram_vuf1:auto_generated|ram_block1a7
        Info (176357): Destination node Icache:inst2|lpm_ram_dq:inst1|altram:sram|altsyncram:ram_block|altsyncram_vuf1:auto_generated|ram_block1a8
        Info (176357): Destination node Icache:inst2|lpm_ram_dq:inst1|altram:sram|altsyncram:ram_block|altsyncram_vuf1:auto_generated|ram_block1a12
        Info (176358): Non-global destination nodes limited to 10 nodes
Info (176353): Automatically promoted node clk3~input (placed in PIN U10 (CLK4, DIFFCLK_0n))
    Info (176355): Automatically promoted destinations to use location or clock signal Global Clock CLKCTRL_G6
    Info (176356): Following destination nodes may be non-global or may not use global or regional clocks
        Info (176357): Destination node registerfile:inst34|register:inst26|inst8
        Info (176357): Destination node registerfile:inst34|register:inst25|inst8
        Info (176357): Destination node registerfile:inst34|register:inst27|inst8
        Info (176357): Destination node registerfile:inst34|register:inst20|inst8
        Info (176357): Destination node registerfile:inst34|register:inst23|inst8
        Info (176357): Destination node registerfile:inst34|register:inst24|inst8
Info (176353): Automatically promoted node clk4~input (placed in PIN W9 (CLK7, DIFFCLK_1p))
    Info (176355): Automatically promoted destinations to use location or clock signal Global Clock CLKCTRL_G5
Info (176353): Automatically promoted node clk1~input (placed in PIN Y8 (CLK5, DIFFCLK_1n))
    Info (176355): Automatically promoted destinations to use location or clock signal Global Clock CLKCTRL_G4
Info (176353): Automatically promoted node registerfile:inst34|register:inst20|inst8 
    Info (176355): Automatically promoted destinations to use location or clock signal Global Clock CLKCTRL_G15
Info (176353): Automatically promoted node registerfile:inst34|register:inst23|inst8 
    Info (176355): Automatically promoted destinations to use location or clock signal Global Clock CLKCTRL_G14
Info (176353): Automatically promoted node registerfile:inst34|register:inst24|inst8 
    Info (176355): Automatically promoted destinations to use location or clock signal Global Clock CLKCTRL_G3
Info (176353): Automatically promoted node registerfile:inst34|register:inst25|inst8 
    Info (176355): Automatically promoted destinations to use location or clock signal Global Clock CLKCTRL_G10
Info (176353): Automatically promoted node registerfile:inst34|register:inst26|inst8 
    Info (176355): Automatically promoted destinations to use location or clock signal Global Clock CLKCTRL_G2
Info (176353): Automatically promoted node registerfile:inst34|register:inst27|inst8 
    Info (176355): Automatically promoted destinations to use location or clock signal Global Clock CLKCTRL_G9
Info (176233): Starting register packing
Info (176235): Finished register packing
    Extra Info (176219): No registers were packed into other blocks
Info (176214): Statistics of I/O pins that need to be placed that use the same VCCIO and VREF, before I/O pin placement
    Info (176211): Number of I/O pins in group: 82 (unused VREF, 2.5V VCCIO, 0 input, 82 output, 0 bidirectional)
        Info (176212): I/O standards used: 2.5 V.
Info (176215): I/O bank details before I/O pin placement
    Info (176214): Statistics of I/O banks
        Info (176213): I/O bank number QL1 does not use VREF pins and has undetermined VCCIO pins. 0 total pin(s) used --  0 pins available
        Info (176213): I/O bank number QL0 does not use VREF pins and has undetermined VCCIO pins. 0 total pin(s) used --  0 pins available
        Info (176213): I/O bank number 3C does not use VREF pins and has undetermined VCCIO pins. 0 total pin(s) used --  0 pins available
        Info (176213): I/O bank number 3A does not use VREF pins and has undetermined VCCIO pins. 3 total pin(s) used --  19 pins available
        Info (176213): I/O bank number 4A does not use VREF pins and has undetermined VCCIO pins. 2 total pin(s) used --  36 pins available
        Info (176213): I/O bank number 5A does not use VREF pins and has undetermined VCCIO pins. 0 total pin(s) used --  16 pins available
        Info (176213): I/O bank number 6A does not use VREF pins and has undetermined VCCIO pins. 0 total pin(s) used --  16 pins available
        Info (176213): I/O bank number 7A does not use VREF pins and has undetermined VCCIO pins. 0 total pin(s) used --  36 pins available
        Info (176213): I/O bank number 8A does not use VREF pins and has undetermined VCCIO pins. 0 total pin(s) used --  20 pins available
        Info (176213): I/O bank number 8C does not use VREF pins and has undetermined VCCIO pins. 0 total pin(s) used --  0 pins available
Info (171121): Fitter preparation operations ending: elapsed time is 00:00:01
Info (170189): Fitter placement preparation operations beginning
Info (170190): Fitter placement preparation operations ending: elapsed time is 00:00:00
Info (170191): Fitter placement operations beginning
Info (170137): Fitter placement was successful
Info (170192): Fitter placement operations ending: elapsed time is 00:00:03
Info (170193): Fitter routing operations beginning
Info (170195): Router estimated average interconnect usage is 0% of the available device resources
    Info (170196): Router estimated peak interconnect usage is 3% of the available device resources in the region that extends from location X12_Y22 to location X23_Y33
Info (170194): Fitter routing operations ending: elapsed time is 00:00:03
Info (170199): The Fitter performed an Auto Fit compilation.  Optimizations were skipped to reduce compilation time.
    Info (170201): Optimizations that may affect the design's routability were skipped
Info (11888): Total time spent on timing analysis during the Fitter is 0.47 seconds.
Info (334003): Started post-fitting delay annotation
Info (334004): Delay annotation completed successfully
Info (334003): Started post-fitting delay annotation
Info (334004): Delay annotation completed successfully
Info (11218): Fitter post-fit operations ending: elapsed time is 00:00:02
Info (144001): Generated suppressed messages file C:/Users/Arian-FlowX13/Desktop/CA/HW5/SingleCycle/output_files/mips.fit.smsg
Info: Quartus II 64-Bit Fitter was successful. 0 errors, 5 warnings
    Info: Peak virtual memory: 5262 megabytes
    Info: Processing ended: Wed Apr 10 01:54:48 2024
    Info: Elapsed time: 00:00:15
    Info: Total CPU time (on all processors): 00:00:14


+----------------------------+
; Fitter Suppressed Messages ;
+----------------------------+
The suppressed messages can be found in C:/Users/Arian-FlowX13/Desktop/CA/HW5/SingleCycle/output_files/mips.fit.smsg.


