TimeQuest Timing Analyzer report for mips
Wed Apr 10 01:54:54 2024
Quartus II 64-Bit Version 13.1.0 Build 162 10/23/2013 SJ Web Edition


---------------------
; Table of Contents ;
---------------------
  1. Legal Notice
  2. TimeQuest Timing Analyzer Summary
  3. Parallel Compilation
  4. Clocks
  5. Fmax Summary
  6. Timing Closure Recommendations
  7. Setup Summary
  8. Hold Summary
  9. Recovery Summary
 10. Removal Summary
 11. Minimum Pulse Width Summary
 12. Clock to Output Times
 13. Minimum Clock to Output Times
 14. Metastability Report
 15. Board Trace Model Assignments
 16. Input Transition Times
 17. Signal Integrity Metrics (Slow 900mv 100c Model)
 18. Setup Transfers
 19. Hold Transfers
 20. Report TCCS
 21. Report RSKM
 22. Unconstrained Paths
 23. TimeQuest Timing Analyzer Messages



----------------
; Legal Notice ;
----------------
Copyright (C) 1991-2013 Altera Corporation
Your use of Altera Corporation's design tools, logic functions 
and other software and tools, and its AMPP partner logic 
functions, and any output files from any of the foregoing 
(including device programming or simulation files), and any 
associated documentation or information are expressly subject 
to the terms and conditions of the Altera Program License 
Subscription Agreement, Altera MegaCore Function License 
Agreement, or other applicable license agreement, including, 
without limitation, that your use is for the sole purpose of 
programming logic devices manufactured by Altera and sold by 
Altera or its authorized distributors.  Please refer to the 
applicable agreement for further details.



+-------------------------------------------------------------------------+
; TimeQuest Timing Analyzer Summary                                       ;
+--------------------+----------------------------------------------------+
; Quartus II Version ; Version 13.1.0 Build 162 10/23/2013 SJ Web Edition ;
; Revision Name      ; mips                                               ;
; Device Family      ; Arria II GX                                        ;
; Device Name        ; EP2AGX45CU17I3                                     ;
; Timing Models      ; Final                                              ;
; Delay Model        ; Slow 900mV 100C Model                              ;
; Rise/Fall Delays   ; Enabled                                            ;
+--------------------+----------------------------------------------------+


Parallel compilation was disabled, but you have multiple processors available. Enable parallel compilation to reduce compilation time.
+-------------------------------------+
; Parallel Compilation                ;
+----------------------------+--------+
; Processors                 ; Number ;
+----------------------------+--------+
; Number detected on machine ; 16     ;
; Maximum allowed            ; 1      ;
+----------------------------+--------+


+----------------------------------------------------------------------------------------------------------------------------------------------------------------------------------+
; Clocks                                                                                                                                                                           ;
+------------+------+--------+------------+-------+-------+------------+-----------+-------------+-------+--------+-----------+------------+----------+--------+--------+----------+
; Clock Name ; Type ; Period ; Frequency  ; Rise  ; Fall  ; Duty Cycle ; Divide by ; Multiply by ; Phase ; Offset ; Edge List ; Edge Shift ; Inverted ; Master ; Source ; Targets  ;
+------------+------+--------+------------+-------+-------+------------+-----------+-------------+-------+--------+-----------+------------+----------+--------+--------+----------+
; clk1       ; Base ; 1.000  ; 1000.0 MHz ; 0.000 ; 0.500 ;            ;           ;             ;       ;        ;           ;            ;          ;        ;        ; { clk1 } ;
; clk2       ; Base ; 1.000  ; 1000.0 MHz ; 0.000 ; 0.500 ;            ;           ;             ;       ;        ;           ;            ;          ;        ;        ; { clk2 } ;
; clk3       ; Base ; 1.000  ; 1000.0 MHz ; 0.000 ; 0.500 ;            ;           ;             ;       ;        ;           ;            ;          ;        ;        ; { clk3 } ;
; clk4       ; Base ; 1.000  ; 1000.0 MHz ; 0.000 ; 0.500 ;            ;           ;             ;       ;        ;           ;            ;          ;        ;        ; { clk4 } ;
+------------+------+--------+------------+-------+-------+------------+-----------+-------------+-------+--------+-----------+------------+----------+--------+--------+----------+


+-----------------------------------------------------------------------------------------------------------+
; Fmax Summary                                                                                              ;
+------------+-----------------+------------+---------------------------------------------------------------+
; Fmax       ; Restricted Fmax ; Clock Name ; Note                                                          ;
+------------+-----------------+------------+---------------------------------------------------------------+
; 111.23 MHz ; 111.23 MHz      ; clk3       ;                                                               ;
; 301.93 MHz ; 260.01 MHz      ; clk4       ; limit due to minimum period restriction (max I/O toggle rate) ;
; 302.11 MHz ; 260.01 MHz      ; clk2       ; limit due to minimum period restriction (max I/O toggle rate) ;
; 496.52 MHz ; 260.01 MHz      ; clk1       ; limit due to minimum period restriction (max I/O toggle rate) ;
+------------+-----------------+------------+---------------------------------------------------------------+
This panel reports FMAX for every clock in the design, regardless of the user-specified clock periods.  FMAX is only computed for paths where the source and destination registers or ports are driven by the same clock.  Paths of different clocks, including generated clocks, are ignored.  For paths between a clock and its inversion, FMAX is computed as if the rising and falling edges are scaled along with FMAX, such that the duty cycle (in terms of a percentage) is maintained. Altera recommends that you always use clock constraints and other slack reports for sign-off analysis.


----------------------------------
; Timing Closure Recommendations ;
----------------------------------
HTML report is unavailable in plain text report export.


+--------------------------------+
; Setup Summary                  ;
+-------+--------+---------------+
; Clock ; Slack  ; End Point TNS ;
+-------+--------+---------------+
; clk3  ; -3.995 ; -140.091      ;
; clk4  ; -3.155 ; -14.519       ;
; clk1  ; -2.364 ; -17.467       ;
; clk2  ; -1.155 ; -18.804       ;
+-------+--------+---------------+


+--------------------------------+
; Hold Summary                   ;
+-------+--------+---------------+
; Clock ; Slack  ; End Point TNS ;
+-------+--------+---------------+
; clk3  ; -0.137 ; -0.577        ;
; clk1  ; 0.303  ; 0.000         ;
; clk4  ; 0.489  ; 0.000         ;
; clk2  ; 0.635  ; 0.000         ;
+-------+--------+---------------+


--------------------
; Recovery Summary ;
--------------------
No paths to report.


-------------------
; Removal Summary ;
-------------------
No paths to report.


+--------------------------------+
; Minimum Pulse Width Summary    ;
+-------+--------+---------------+
; Clock ; Slack  ; End Point TNS ;
+-------+--------+---------------+
; clk3  ; -2.846 ; -106.211      ;
; clk2  ; -2.846 ; -46.422       ;
; clk4  ; -2.846 ; -29.468       ;
; clk1  ; -2.846 ; -15.662       ;
+-------+--------+---------------+


+----------------------------------------------------------------------------------+
; Clock to Output Times                                                            ;
+--------------------+------------+--------+--------+------------+-----------------+
; Data Port          ; Clock Port ; Rise   ; Fall   ; Clock Edge ; Clock Reference ;
+--------------------+------------+--------+--------+------------+-----------------+
; RFdataINtest[*]    ; clk1       ; 10.620 ; 10.595 ; Rise       ; clk1            ;
;  RFdataINtest[0]   ; clk1       ; 8.349  ; 8.360  ; Rise       ; clk1            ;
;  RFdataINtest[1]   ; clk1       ; 10.357 ; 10.335 ; Rise       ; clk1            ;
;  RFdataINtest[2]   ; clk1       ; 9.746  ; 9.819  ; Rise       ; clk1            ;
;  RFdataINtest[3]   ; clk1       ; 10.080 ; 10.094 ; Rise       ; clk1            ;
;  RFdataINtest[4]   ; clk1       ; 8.486  ; 8.493  ; Rise       ; clk1            ;
;  RFdataINtest[5]   ; clk1       ; 10.620 ; 10.595 ; Rise       ; clk1            ;
;  RFdataINtest[6]   ; clk1       ; 10.342 ; 10.463 ; Rise       ; clk1            ;
;  RFdataINtest[7]   ; clk1       ; 8.798  ; 8.793  ; Rise       ; clk1            ;
; pc[*]              ; clk1       ; 8.073  ; 8.272  ; Rise       ; clk1            ;
;  pc[0]             ; clk1       ; 8.072  ; 8.080  ; Rise       ; clk1            ;
;  pc[1]             ; clk1       ; 7.002  ; 7.117  ; Rise       ; clk1            ;
;  pc[2]             ; clk1       ; 6.906  ; 6.956  ; Rise       ; clk1            ;
;  pc[3]             ; clk1       ; 7.843  ; 7.929  ; Rise       ; clk1            ;
;  pc[4]             ; clk1       ; 8.073  ; 8.272  ; Rise       ; clk1            ;
;  pc[5]             ; clk1       ; 8.027  ; 8.115  ; Rise       ; clk1            ;
;  pc[6]             ; clk1       ; 7.047  ; 7.184  ; Rise       ; clk1            ;
;  pc[7]             ; clk1       ; 7.676  ; 7.600  ; Rise       ; clk1            ;
; ALUOptest[*]       ; clk2       ; 9.349  ; 9.151  ; Rise       ; clk2            ;
;  ALUOptest[0]      ; clk2       ; 9.349  ; 9.151  ; Rise       ; clk2            ;
;  ALUOptest[1]      ; clk2       ; 8.419  ; 8.656  ; Rise       ; clk2            ;
; ALUcontroltest[*]  ; clk2       ; 9.815  ; 9.820  ; Rise       ; clk2            ;
;  ALUcontroltest[0] ; clk2       ; 9.815  ; 9.756  ; Rise       ; clk2            ;
;  ALUcontroltest[1] ; clk2       ; 8.144  ; 8.165  ; Rise       ; clk2            ;
;  ALUcontroltest[2] ; clk2       ; 9.736  ; 9.820  ; Rise       ; clk2            ;
; ALUin2test[*]      ; clk2       ; 9.828  ; 9.819  ; Rise       ; clk2            ;
;  ALUin2test[0]     ; clk2       ; 7.905  ; 7.938  ; Rise       ; clk2            ;
;  ALUin2test[1]     ; clk2       ; 9.163  ; 9.145  ; Rise       ; clk2            ;
;  ALUin2test[2]     ; clk2       ; 8.183  ; 8.124  ; Rise       ; clk2            ;
;  ALUin2test[3]     ; clk2       ; 9.535  ; 9.545  ; Rise       ; clk2            ;
;  ALUin2test[4]     ; clk2       ; 8.903  ; 9.053  ; Rise       ; clk2            ;
;  ALUin2test[5]     ; clk2       ; 9.828  ; 9.819  ; Rise       ; clk2            ;
;  ALUin2test[6]     ; clk2       ; 8.267  ; 8.249  ; Rise       ; clk2            ;
;  ALUin2test[7]     ; clk2       ; 9.084  ; 9.248  ; Rise       ; clk2            ;
; ALUtest[*]         ; clk2       ; 11.799 ; 11.693 ; Rise       ; clk2            ;
;  ALUtest[0]        ; clk2       ; 10.536 ; 10.593 ; Rise       ; clk2            ;
;  ALUtest[1]        ; clk2       ; 11.621 ; 11.523 ; Rise       ; clk2            ;
;  ALUtest[2]        ; clk2       ; 11.128 ; 11.215 ; Rise       ; clk2            ;
;  ALUtest[3]        ; clk2       ; 9.876  ; 9.880  ; Rise       ; clk2            ;
;  ALUtest[4]        ; clk2       ; 11.732 ; 11.679 ; Rise       ; clk2            ;
;  ALUtest[5]        ; clk2       ; 11.799 ; 11.693 ; Rise       ; clk2            ;
;  ALUtest[6]        ; clk2       ; 10.844 ; 10.818 ; Rise       ; clk2            ;
;  ALUtest[7]        ; clk2       ; 11.208 ; 11.240 ; Rise       ; clk2            ;
; IMout[*]           ; clk2       ; 9.247  ; 9.229  ; Rise       ; clk2            ;
;  IMout[0]          ; clk2       ; 8.387  ; 8.645  ; Rise       ; clk2            ;
;  IMout[1]          ; clk2       ; 8.586  ; 8.886  ; Rise       ; clk2            ;
;  IMout[2]          ; clk2       ; 8.289  ; 8.571  ; Rise       ; clk2            ;
;  IMout[3]          ; clk2       ; 8.084  ; 8.352  ; Rise       ; clk2            ;
;  IMout[4]          ; clk2       ; 8.580  ; 8.885  ; Rise       ; clk2            ;
;  IMout[5]          ; clk2       ; 8.062  ; 8.324  ; Rise       ; clk2            ;
;  IMout[6]          ; clk2       ; 8.567  ; 8.816  ; Rise       ; clk2            ;
;  IMout[7]          ; clk2       ; 7.985  ; 8.215  ; Rise       ; clk2            ;
;  IMout[8]          ; clk2       ; 8.619  ; 8.912  ; Rise       ; clk2            ;
;  IMout[9]          ; clk2       ; 7.314  ; 7.373  ; Rise       ; clk2            ;
;  IMout[10]         ; clk2       ; 9.247  ; 9.229  ; Rise       ; clk2            ;
;  IMout[11]         ; clk2       ; 8.469  ; 8.464  ; Rise       ; clk2            ;
;  IMout[12]         ; clk2       ; 8.203  ; 8.447  ; Rise       ; clk2            ;
;  IMout[13]         ; clk2       ; 7.040  ; 7.150  ; Rise       ; clk2            ;
;  IMout[14]         ; clk2       ; 8.576  ; 8.878  ; Rise       ; clk2            ;
;  IMout[15]         ; clk2       ; 8.280  ; 8.514  ; Rise       ; clk2            ;
; Jump               ; clk2       ; 9.510  ; 9.637  ; Rise       ; clk2            ;
; RFdataINtest[*]    ; clk2       ; 12.335 ; 12.300 ; Rise       ; clk2            ;
;  RFdataINtest[0]   ; clk2       ; 9.402  ; 9.405  ; Rise       ; clk2            ;
;  RFdataINtest[1]   ; clk2       ; 11.782 ; 11.794 ; Rise       ; clk2            ;
;  RFdataINtest[2]   ; clk2       ; 11.264 ; 11.297 ; Rise       ; clk2            ;
;  RFdataINtest[3]   ; clk2       ; 11.709 ; 11.724 ; Rise       ; clk2            ;
;  RFdataINtest[4]   ; clk2       ; 10.169 ; 10.152 ; Rise       ; clk2            ;
;  RFdataINtest[5]   ; clk2       ; 12.335 ; 12.300 ; Rise       ; clk2            ;
;  RFdataINtest[6]   ; clk2       ; 11.758 ; 11.875 ; Rise       ; clk2            ;
;  RFdataINtest[7]   ; clk2       ; 10.204 ; 10.193 ; Rise       ; clk2            ;
; RegWritetest       ; clk2       ; 10.043 ; 10.300 ; Rise       ; clk2            ;
; branch             ; clk2       ; 8.442  ; 8.387  ; Rise       ; clk2            ;
; zero               ; clk2       ; 10.503 ; 10.435 ; Rise       ; clk2            ;
; ALUin1test[*]      ; clk3       ; 9.097  ; 9.320  ; Rise       ; clk3            ;
;  ALUin1test[0]     ; clk3       ; 8.156  ; 8.208  ; Rise       ; clk3            ;
;  ALUin1test[1]     ; clk3       ; 8.552  ; 8.428  ; Rise       ; clk3            ;
;  ALUin1test[2]     ; clk3       ; 9.097  ; 9.320  ; Rise       ; clk3            ;
;  ALUin1test[3]     ; clk3       ; 7.794  ; 7.892  ; Rise       ; clk3            ;
;  ALUin1test[4]     ; clk3       ; 7.831  ; 7.967  ; Rise       ; clk3            ;
;  ALUin1test[5]     ; clk3       ; 7.291  ; 7.408  ; Rise       ; clk3            ;
;  ALUin1test[6]     ; clk3       ; 8.419  ; 8.499  ; Rise       ; clk3            ;
;  ALUin1test[7]     ; clk3       ; 7.515  ; 7.437  ; Rise       ; clk3            ;
; ALUin2test[*]      ; clk3       ; 8.973  ; 8.960  ; Rise       ; clk3            ;
;  ALUin2test[0]     ; clk3       ; 7.053  ; 7.027  ; Rise       ; clk3            ;
;  ALUin2test[1]     ; clk3       ; 8.738  ; 8.682  ; Rise       ; clk3            ;
;  ALUin2test[2]     ; clk3       ; 7.518  ; 7.442  ; Rise       ; clk3            ;
;  ALUin2test[3]     ; clk3       ; 8.973  ; 8.960  ; Rise       ; clk3            ;
;  ALUin2test[4]     ; clk3       ; 8.248  ; 8.366  ; Rise       ; clk3            ;
;  ALUin2test[5]     ; clk3       ; 8.774  ; 8.789  ; Rise       ; clk3            ;
;  ALUin2test[6]     ; clk3       ; 7.505  ; 7.446  ; Rise       ; clk3            ;
;  ALUin2test[7]     ; clk3       ; 8.523  ; 8.665  ; Rise       ; clk3            ;
; ALUtest[*]         ; clk3       ; 10.741 ; 10.635 ; Rise       ; clk3            ;
;  ALUtest[0]        ; clk3       ; 9.629  ; 9.693  ; Rise       ; clk3            ;
;  ALUtest[1]        ; clk3       ; 10.578 ; 10.475 ; Rise       ; clk3            ;
;  ALUtest[2]        ; clk3       ; 10.053 ; 10.153 ; Rise       ; clk3            ;
;  ALUtest[3]        ; clk3       ; 8.818  ; 8.822  ; Rise       ; clk3            ;
;  ALUtest[4]        ; clk3       ; 10.674 ; 10.621 ; Rise       ; clk3            ;
;  ALUtest[5]        ; clk3       ; 10.741 ; 10.635 ; Rise       ; clk3            ;
;  ALUtest[6]        ; clk3       ; 9.769  ; 9.752  ; Rise       ; clk3            ;
;  ALUtest[7]        ; clk3       ; 10.146 ; 10.179 ; Rise       ; clk3            ;
; RFdataINtest[*]    ; clk3       ; 11.277 ; 11.242 ; Rise       ; clk3            ;
;  RFdataINtest[0]   ; clk3       ; 8.495  ; 8.505  ; Rise       ; clk3            ;
;  RFdataINtest[1]   ; clk3       ; 10.739 ; 10.746 ; Rise       ; clk3            ;
;  RFdataINtest[2]   ; clk3       ; 10.189 ; 10.235 ; Rise       ; clk3            ;
;  RFdataINtest[3]   ; clk3       ; 10.647 ; 10.666 ; Rise       ; clk3            ;
;  RFdataINtest[4]   ; clk3       ; 9.111  ; 9.094  ; Rise       ; clk3            ;
;  RFdataINtest[5]   ; clk3       ; 11.277 ; 11.242 ; Rise       ; clk3            ;
;  RFdataINtest[6]   ; clk3       ; 10.683 ; 10.809 ; Rise       ; clk3            ;
;  RFdataINtest[7]   ; clk3       ; 9.142  ; 9.132  ; Rise       ; clk3            ;
; RFout1test[*]      ; clk3       ; 9.129  ; 9.399  ; Rise       ; clk3            ;
;  RFout1test[0]     ; clk3       ; 8.053  ; 8.102  ; Rise       ; clk3            ;
;  RFout1test[1]     ; clk3       ; 8.441  ; 8.470  ; Rise       ; clk3            ;
;  RFout1test[2]     ; clk3       ; 9.129  ; 9.399  ; Rise       ; clk3            ;
;  RFout1test[3]     ; clk3       ; 7.705  ; 7.800  ; Rise       ; clk3            ;
;  RFout1test[4]     ; clk3       ; 7.825  ; 7.960  ; Rise       ; clk3            ;
;  RFout1test[5]     ; clk3       ; 7.289  ; 7.405  ; Rise       ; clk3            ;
;  RFout1test[6]     ; clk3       ; 8.516  ; 8.598  ; Rise       ; clk3            ;
;  RFout1test[7]     ; clk3       ; 7.624  ; 7.549  ; Rise       ; clk3            ;
; RFout2test[*]      ; clk3       ; 8.546  ; 8.581  ; Rise       ; clk3            ;
;  RFout2test[0]     ; clk3       ; 8.254  ; 8.234  ; Rise       ; clk3            ;
;  RFout2test[1]     ; clk3       ; 8.546  ; 8.581  ; Rise       ; clk3            ;
;  RFout2test[2]     ; clk3       ; 7.861  ; 7.832  ; Rise       ; clk3            ;
;  RFout2test[3]     ; clk3       ; 6.529  ; 6.533  ; Rise       ; clk3            ;
;  RFout2test[4]     ; clk3       ; 6.806  ; 6.859  ; Rise       ; clk3            ;
;  RFout2test[5]     ; clk3       ; 7.278  ; 7.343  ; Rise       ; clk3            ;
;  RFout2test[6]     ; clk3       ; 8.159  ; 8.154  ; Rise       ; clk3            ;
;  RFout2test[7]     ; clk3       ; 7.911  ; 8.025  ; Rise       ; clk3            ;
; zero               ; clk3       ; 9.344  ; 9.372  ; Rise       ; clk3            ;
; RFdataINtest[*]    ; clk4       ; 10.434 ; 10.412 ; Rise       ; clk4            ;
;  RFdataINtest[0]   ; clk4       ; 8.307  ; 8.297  ; Rise       ; clk4            ;
;  RFdataINtest[1]   ; clk4       ; 10.161 ; 10.165 ; Rise       ; clk4            ;
;  RFdataINtest[2]   ; clk4       ; 9.672  ; 9.718  ; Rise       ; clk4            ;
;  RFdataINtest[3]   ; clk4       ; 9.908  ; 9.897  ; Rise       ; clk4            ;
;  RFdataINtest[4]   ; clk4       ; 8.396  ; 8.480  ; Rise       ; clk4            ;
;  RFdataINtest[5]   ; clk4       ; 10.434 ; 10.412 ; Rise       ; clk4            ;
;  RFdataINtest[6]   ; clk4       ; 10.035 ; 10.158 ; Rise       ; clk4            ;
;  RFdataINtest[7]   ; clk4       ; 8.506  ; 8.518  ; Rise       ; clk4            ;
+--------------------+------------+--------+--------+------------+-----------------+


+----------------------------------------------------------------------------------+
; Minimum Clock to Output Times                                                    ;
+--------------------+------------+--------+--------+------------+-----------------+
; Data Port          ; Clock Port ; Rise   ; Fall   ; Clock Edge ; Clock Reference ;
+--------------------+------------+--------+--------+------------+-----------------+
; RFdataINtest[*]    ; clk1       ; 7.782  ; 7.811  ; Rise       ; clk1            ;
;  RFdataINtest[0]   ; clk1       ; 7.926  ; 7.939  ; Rise       ; clk1            ;
;  RFdataINtest[1]   ; clk1       ; 9.701  ; 9.694  ; Rise       ; clk1            ;
;  RFdataINtest[2]   ; clk1       ; 9.162  ; 9.244  ; Rise       ; clk1            ;
;  RFdataINtest[3]   ; clk1       ; 9.328  ; 9.362  ; Rise       ; clk1            ;
;  RFdataINtest[4]   ; clk1       ; 7.782  ; 7.811  ; Rise       ; clk1            ;
;  RFdataINtest[5]   ; clk1       ; 9.810  ; 9.792  ; Rise       ; clk1            ;
;  RFdataINtest[6]   ; clk1       ; 9.470  ; 9.575  ; Rise       ; clk1            ;
;  RFdataINtest[7]   ; clk1       ; 8.027  ; 8.023  ; Rise       ; clk1            ;
; pc[*]              ; clk1       ; 6.580  ; 6.629  ; Rise       ; clk1            ;
;  pc[0]             ; clk1       ; 7.672  ; 7.682  ; Rise       ; clk1            ;
;  pc[1]             ; clk1       ; 6.675  ; 6.786  ; Rise       ; clk1            ;
;  pc[2]             ; clk1       ; 6.580  ; 6.629  ; Rise       ; clk1            ;
;  pc[3]             ; clk1       ; 7.451  ; 7.534  ; Rise       ; clk1            ;
;  pc[4]             ; clk1       ; 7.673  ; 7.861  ; Rise       ; clk1            ;
;  pc[5]             ; clk1       ; 7.622  ; 7.707  ; Rise       ; clk1            ;
;  pc[6]             ; clk1       ; 6.712  ; 6.842  ; Rise       ; clk1            ;
;  pc[7]             ; clk1       ; 7.298  ; 7.229  ; Rise       ; clk1            ;
; ALUOptest[*]       ; clk2       ; 7.897  ; 8.119  ; Rise       ; clk2            ;
;  ALUOptest[0]      ; clk2       ; 8.553  ; 8.379  ; Rise       ; clk2            ;
;  ALUOptest[1]      ; clk2       ; 7.897  ; 8.119  ; Rise       ; clk2            ;
; ALUcontroltest[*]  ; clk2       ; 7.391  ; 7.414  ; Rise       ; clk2            ;
;  ALUcontroltest[0] ; clk2       ; 8.979  ; 8.934  ; Rise       ; clk2            ;
;  ALUcontroltest[1] ; clk2       ; 7.391  ; 7.414  ; Rise       ; clk2            ;
;  ALUcontroltest[2] ; clk2       ; 8.973  ; 9.043  ; Rise       ; clk2            ;
; ALUin2test[*]      ; clk2       ; 7.196  ; 7.198  ; Rise       ; clk2            ;
;  ALUin2test[0]     ; clk2       ; 7.196  ; 7.198  ; Rise       ; clk2            ;
;  ALUin2test[1]     ; clk2       ; 8.437  ; 8.398  ; Rise       ; clk2            ;
;  ALUin2test[2]     ; clk2       ; 7.519  ; 7.447  ; Rise       ; clk2            ;
;  ALUin2test[3]     ; clk2       ; 8.847  ; 8.866  ; Rise       ; clk2            ;
;  ALUin2test[4]     ; clk2       ; 8.160  ; 8.278  ; Rise       ; clk2            ;
;  ALUin2test[5]     ; clk2       ; 8.755  ; 8.784  ; Rise       ; clk2            ;
;  ALUin2test[6]     ; clk2       ; 7.496  ; 7.475  ; Rise       ; clk2            ;
;  ALUin2test[7]     ; clk2       ; 8.275  ; 8.421  ; Rise       ; clk2            ;
; ALUtest[*]         ; clk2       ; 8.029  ; 8.005  ; Rise       ; clk2            ;
;  ALUtest[0]        ; clk2       ; 9.334  ; 9.383  ; Rise       ; clk2            ;
;  ALUtest[1]        ; clk2       ; 9.738  ; 9.616  ; Rise       ; clk2            ;
;  ALUtest[2]        ; clk2       ; 9.248  ; 9.366  ; Rise       ; clk2            ;
;  ALUtest[3]        ; clk2       ; 8.029  ; 8.005  ; Rise       ; clk2            ;
;  ALUtest[4]        ; clk2       ; 9.536  ; 9.498  ; Rise       ; clk2            ;
;  ALUtest[5]        ; clk2       ; 9.599  ; 9.480  ; Rise       ; clk2            ;
;  ALUtest[6]        ; clk2       ; 8.868  ; 8.815  ; Rise       ; clk2            ;
;  ALUtest[7]        ; clk2       ; 9.327  ; 9.344  ; Rise       ; clk2            ;
; IMout[*]           ; clk2       ; 6.612  ; 6.715  ; Rise       ; clk2            ;
;  IMout[0]          ; clk2       ; 7.857  ; 8.099  ; Rise       ; clk2            ;
;  IMout[1]          ; clk2       ; 8.050  ; 8.330  ; Rise       ; clk2            ;
;  IMout[2]          ; clk2       ; 7.773  ; 8.038  ; Rise       ; clk2            ;
;  IMout[3]          ; clk2       ; 7.575  ; 7.826  ; Rise       ; clk2            ;
;  IMout[4]          ; clk2       ; 8.037  ; 8.322  ; Rise       ; clk2            ;
;  IMout[5]          ; clk2       ; 7.562  ; 7.808  ; Rise       ; clk2            ;
;  IMout[6]          ; clk2       ; 8.030  ; 8.264  ; Rise       ; clk2            ;
;  IMout[7]          ; clk2       ; 7.484  ; 7.698  ; Rise       ; clk2            ;
;  IMout[8]          ; clk2       ; 8.081  ; 8.355  ; Rise       ; clk2            ;
;  IMout[9]          ; clk2       ; 6.928  ; 6.984  ; Rise       ; clk2            ;
;  IMout[10]         ; clk2       ; 8.734  ; 8.718  ; Rise       ; clk2            ;
;  IMout[11]         ; clk2       ; 8.004  ; 8.001  ; Rise       ; clk2            ;
;  IMout[12]         ; clk2       ; 7.686  ; 7.914  ; Rise       ; clk2            ;
;  IMout[13]         ; clk2       ; 6.612  ; 6.715  ; Rise       ; clk2            ;
;  IMout[14]         ; clk2       ; 8.040  ; 8.323  ; Rise       ; clk2            ;
;  IMout[15]         ; clk2       ; 7.758  ; 7.977  ; Rise       ; clk2            ;
; Jump               ; clk2       ; 8.635  ; 8.771  ; Rise       ; clk2            ;
; RFdataINtest[*]    ; clk2       ; 8.081  ; 8.075  ; Rise       ; clk2            ;
;  RFdataINtest[0]   ; clk2       ; 8.168  ; 8.183  ; Rise       ; clk2            ;
;  RFdataINtest[1]   ; clk2       ; 9.882  ; 9.864  ; Rise       ; clk2            ;
;  RFdataINtest[2]   ; clk2       ; 9.383  ; 9.446  ; Rise       ; clk2            ;
;  RFdataINtest[3]   ; clk2       ; 9.587  ; 9.610  ; Rise       ; clk2            ;
;  RFdataINtest[4]   ; clk2       ; 8.081  ; 8.075  ; Rise       ; clk2            ;
;  RFdataINtest[5]   ; clk2       ; 10.009 ; 10.007 ; Rise       ; clk2            ;
;  RFdataINtest[6]   ; clk2       ; 9.724  ; 9.805  ; Rise       ; clk2            ;
;  RFdataINtest[7]   ; clk2       ; 8.147  ; 8.153  ; Rise       ; clk2            ;
; RegWritetest       ; clk2       ; 8.627  ; 8.860  ; Rise       ; clk2            ;
; branch             ; clk2       ; 7.641  ; 7.566  ; Rise       ; clk2            ;
; zero               ; clk2       ; 8.548  ; 8.647  ; Rise       ; clk2            ;
; ALUin1test[*]      ; clk3       ; 6.942  ; 7.053  ; Rise       ; clk3            ;
;  ALUin1test[0]     ; clk3       ; 7.746  ; 7.797  ; Rise       ; clk3            ;
;  ALUin1test[1]     ; clk3       ; 8.114  ; 8.001  ; Rise       ; clk3            ;
;  ALUin1test[2]     ; clk3       ; 8.620  ; 8.830  ; Rise       ; clk3            ;
;  ALUin1test[3]     ; clk3       ; 7.409  ; 7.504  ; Rise       ; clk3            ;
;  ALUin1test[4]     ; clk3       ; 7.435  ; 7.564  ; Rise       ; clk3            ;
;  ALUin1test[5]     ; clk3       ; 6.942  ; 7.053  ; Rise       ; clk3            ;
;  ALUin1test[6]     ; clk3       ; 7.983  ; 8.059  ; Rise       ; clk3            ;
;  ALUin1test[7]     ; clk3       ; 7.140  ; 7.070  ; Rise       ; clk3            ;
; ALUin2test[*]      ; clk3       ; 6.712  ; 6.688  ; Rise       ; clk3            ;
;  ALUin2test[0]     ; clk3       ; 6.712  ; 6.688  ; Rise       ; clk3            ;
;  ALUin2test[1]     ; clk3       ; 8.282  ; 8.233  ; Rise       ; clk3            ;
;  ALUin2test[2]     ; clk3       ; 7.150  ; 7.080  ; Rise       ; clk3            ;
;  ALUin2test[3]     ; clk3       ; 8.496  ; 8.485  ; Rise       ; clk3            ;
;  ALUin2test[4]     ; clk3       ; 7.824  ; 7.937  ; Rise       ; clk3            ;
;  ALUin2test[5]     ; clk3       ; 8.319  ; 8.335  ; Rise       ; clk3            ;
;  ALUin2test[6]     ; clk3       ; 7.131  ; 7.080  ; Rise       ; clk3            ;
;  ALUin2test[7]     ; clk3       ; 8.078  ; 8.212  ; Rise       ; clk3            ;
; ALUtest[*]         ; clk3       ; 7.913  ; 7.919  ; Rise       ; clk3            ;
;  ALUtest[0]        ; clk3       ; 8.975  ; 9.034  ; Rise       ; clk3            ;
;  ALUtest[1]        ; clk3       ; 9.400  ; 9.293  ; Rise       ; clk3            ;
;  ALUtest[2]        ; clk3       ; 9.127  ; 9.217  ; Rise       ; clk3            ;
;  ALUtest[3]        ; clk3       ; 7.913  ; 7.919  ; Rise       ; clk3            ;
;  ALUtest[4]        ; clk3       ; 9.203  ; 9.133  ; Rise       ; clk3            ;
;  ALUtest[5]        ; clk3       ; 9.407  ; 9.294  ; Rise       ; clk3            ;
;  ALUtest[6]        ; clk3       ; 8.473  ; 8.420  ; Rise       ; clk3            ;
;  ALUtest[7]        ; clk3       ; 8.893  ; 8.922  ; Rise       ; clk3            ;
; RFdataINtest[*]    ; clk3       ; 7.748  ; 7.710  ; Rise       ; clk3            ;
;  RFdataINtest[0]   ; clk3       ; 7.914  ; 7.923  ; Rise       ; clk3            ;
;  RFdataINtest[1]   ; clk3       ; 9.544  ; 9.541  ; Rise       ; clk3            ;
;  RFdataINtest[2]   ; clk3       ; 9.262  ; 9.297  ; Rise       ; clk3            ;
;  RFdataINtest[3]   ; clk3       ; 9.479  ; 9.456  ; Rise       ; clk3            ;
;  RFdataINtest[4]   ; clk3       ; 7.748  ; 7.710  ; Rise       ; clk3            ;
;  RFdataINtest[5]   ; clk3       ; 9.903  ; 9.856  ; Rise       ; clk3            ;
;  RFdataINtest[6]   ; clk3       ; 9.329  ; 9.410  ; Rise       ; clk3            ;
;  RFdataINtest[7]   ; clk3       ; 7.958  ; 7.946  ; Rise       ; clk3            ;
; RFout1test[*]      ; clk3       ; 6.940  ; 7.050  ; Rise       ; clk3            ;
;  RFout1test[0]     ; clk3       ; 7.643  ; 7.691  ; Rise       ; clk3            ;
;  RFout1test[1]     ; clk3       ; 8.011  ; 8.041  ; Rise       ; clk3            ;
;  RFout1test[2]     ; clk3       ; 8.642  ; 8.896  ; Rise       ; clk3            ;
;  RFout1test[3]     ; clk3       ; 7.320  ; 7.412  ; Rise       ; clk3            ;
;  RFout1test[4]     ; clk3       ; 7.429  ; 7.557  ; Rise       ; clk3            ;
;  RFout1test[5]     ; clk3       ; 6.940  ; 7.050  ; Rise       ; clk3            ;
;  RFout1test[6]     ; clk3       ; 8.080  ; 8.159  ; Rise       ; clk3            ;
;  RFout1test[7]     ; clk3       ; 7.249  ; 7.182  ; Rise       ; clk3            ;
; RFout2test[*]      ; clk3       ; 6.229  ; 6.236  ; Rise       ; clk3            ;
;  RFout2test[0]     ; clk3       ; 7.834  ; 7.818  ; Rise       ; clk3            ;
;  RFout2test[1]     ; clk3       ; 8.099  ; 8.135  ; Rise       ; clk3            ;
;  RFout2test[2]     ; clk3       ; 7.468  ; 7.443  ; Rise       ; clk3            ;
;  RFout2test[3]     ; clk3       ; 6.229  ; 6.236  ; Rise       ; clk3            ;
;  RFout2test[4]     ; clk3       ; 6.482  ; 6.534  ; Rise       ; clk3            ;
;  RFout2test[5]     ; clk3       ; 6.926  ; 6.989  ; Rise       ; clk3            ;
;  RFout2test[6]     ; clk3       ; 7.748  ; 7.745  ; Rise       ; clk3            ;
;  RFout2test[7]     ; clk3       ; 7.510  ; 7.618  ; Rise       ; clk3            ;
; zero               ; clk3       ; 8.282  ; 8.248  ; Rise       ; clk3            ;
; RFdataINtest[*]    ; clk4       ; 7.841  ; 7.820  ; Rise       ; clk4            ;
;  RFdataINtest[0]   ; clk4       ; 7.841  ; 7.820  ; Rise       ; clk4            ;
;  RFdataINtest[1]   ; clk4       ; 9.560  ; 9.551  ; Rise       ; clk4            ;
;  RFdataINtest[2]   ; clk4       ; 9.130  ; 9.174  ; Rise       ; clk4            ;
;  RFdataINtest[3]   ; clk4       ; 9.344  ; 9.330  ; Rise       ; clk4            ;
;  RFdataINtest[4]   ; clk4       ; 7.935  ; 8.015  ; Rise       ; clk4            ;
;  RFdataINtest[5]   ; clk4       ; 9.812  ; 9.785  ; Rise       ; clk4            ;
;  RFdataINtest[6]   ; clk4       ; 9.429  ; 9.555  ; Rise       ; clk4            ;
;  RFdataINtest[7]   ; clk4       ; 8.017  ; 8.021  ; Rise       ; clk4            ;
+--------------------+------------+--------+--------+------------+-----------------+


------------------------
; Metastability Report ;
------------------------
No synchronizer chains to report.


+----------------------------------------------------------------------------------------------------------------------------------------------------------------------------------------------------------------------------------------------------------------------------------------------------------------------------------------------------------------------------------------------------------------------+
; Board Trace Model Assignments                                                                                                                                                                                                                                                                                                                                                                                        ;
+-------------------+--------------+-------------------+-------------------------+-------------------------+---------------+---------------------+----------------+------------------+--------+------------------+------------------------+------------------------+--------------+---------------+-----------------+-------+---------------------+--------------------+---------------+-----------------+-------------+
; Pin               ; I/O Standard ; Near Tline Length ; Near Tline L per Length ; Near Tline C per Length ; Near Series R ; Near Differential R ; Near Pull-up R ; Near Pull-down R ; Near C ; Far Tline Length ; Far Tline L per Length ; Far Tline C per Length ; Far Series R ; Far Pull-up R ; Far Pull-down R ; Far C ; Termination Voltage ; Far Differential R ; EBD File Name ; EBD Signal Name ; EBD Far-end ;
+-------------------+--------------+-------------------+-------------------------+-------------------------+---------------+---------------------+----------------+------------------+--------+------------------+------------------------+------------------------+--------------+---------------+-----------------+-------+---------------------+--------------------+---------------+-----------------+-------------+
; RegWritetest      ; 2.5 V        ; 0 in              ; 0 H/in                  ; 0 F/in                  ; short         ; -                   ; open           ; open             ; open   ; 0 in             ; 0 H/in                 ; 0 F/in                 ; short        ; open          ; open            ; open  ; 0 V                 ; -                  ; n/a           ; n/a             ; n/a         ;
; IMout[15]         ; 2.5 V        ; 0 in              ; 0 H/in                  ; 0 F/in                  ; short         ; -                   ; open           ; open             ; open   ; 0 in             ; 0 H/in                 ; 0 F/in                 ; short        ; open          ; open            ; open  ; 0 V                 ; -                  ; n/a           ; n/a             ; n/a         ;
; IMout[14]         ; 2.5 V        ; 0 in              ; 0 H/in                  ; 0 F/in                  ; short         ; -                   ; open           ; open             ; open   ; 0 in             ; 0 H/in                 ; 0 F/in                 ; short        ; open          ; open            ; open  ; 0 V                 ; -                  ; n/a           ; n/a             ; n/a         ;
; IMout[13]         ; 2.5 V        ; 0 in              ; 0 H/in                  ; 0 F/in                  ; short         ; -                   ; open           ; open             ; open   ; 0 in             ; 0 H/in                 ; 0 F/in                 ; short        ; open          ; open            ; open  ; 0 V                 ; -                  ; n/a           ; n/a             ; n/a         ;
; IMout[12]         ; 2.5 V        ; 0 in              ; 0 H/in                  ; 0 F/in                  ; short         ; -                   ; open           ; open             ; open   ; 0 in             ; 0 H/in                 ; 0 F/in                 ; short        ; open          ; open            ; open  ; 0 V                 ; -                  ; n/a           ; n/a             ; n/a         ;
; IMout[11]         ; 2.5 V        ; 0 in              ; 0 H/in                  ; 0 F/in                  ; short         ; -                   ; open           ; open             ; open   ; 0 in             ; 0 H/in                 ; 0 F/in                 ; short        ; open          ; open            ; open  ; 0 V                 ; -                  ; n/a           ; n/a             ; n/a         ;
; IMout[10]         ; 2.5 V        ; 0 in              ; 0 H/in                  ; 0 F/in                  ; short         ; -                   ; open           ; open             ; open   ; 0 in             ; 0 H/in                 ; 0 F/in                 ; short        ; open          ; open            ; open  ; 0 V                 ; -                  ; n/a           ; n/a             ; n/a         ;
; IMout[9]          ; 2.5 V        ; 0 in              ; 0 H/in                  ; 0 F/in                  ; short         ; -                   ; open           ; open             ; open   ; 0 in             ; 0 H/in                 ; 0 F/in                 ; short        ; open          ; open            ; open  ; 0 V                 ; -                  ; n/a           ; n/a             ; n/a         ;
; IMout[8]          ; 2.5 V        ; 0 in              ; 0 H/in                  ; 0 F/in                  ; short         ; -                   ; open           ; open             ; open   ; 0 in             ; 0 H/in                 ; 0 F/in                 ; short        ; open          ; open            ; open  ; 0 V                 ; -                  ; n/a           ; n/a             ; n/a         ;
; IMout[7]          ; 2.5 V        ; 0 in              ; 0 H/in                  ; 0 F/in                  ; short         ; -                   ; open           ; open             ; open   ; 0 in             ; 0 H/in                 ; 0 F/in                 ; short        ; open          ; open            ; open  ; 0 V                 ; -                  ; n/a           ; n/a             ; n/a         ;
; IMout[6]          ; 2.5 V        ; 0 in              ; 0 H/in                  ; 0 F/in                  ; short         ; -                   ; open           ; open             ; open   ; 0 in             ; 0 H/in                 ; 0 F/in                 ; short        ; open          ; open            ; open  ; 0 V                 ; -                  ; n/a           ; n/a             ; n/a         ;
; IMout[5]          ; 2.5 V        ; 0 in              ; 0 H/in                  ; 0 F/in                  ; short         ; -                   ; open           ; open             ; open   ; 0 in             ; 0 H/in                 ; 0 F/in                 ; short        ; open          ; open            ; open  ; 0 V                 ; -                  ; n/a           ; n/a             ; n/a         ;
; IMout[4]          ; 2.5 V        ; 0 in              ; 0 H/in                  ; 0 F/in                  ; short         ; -                   ; open           ; open             ; open   ; 0 in             ; 0 H/in                 ; 0 F/in                 ; short        ; open          ; open            ; open  ; 0 V                 ; -                  ; n/a           ; n/a             ; n/a         ;
; IMout[3]          ; 2.5 V        ; 0 in              ; 0 H/in                  ; 0 F/in                  ; short         ; -                   ; open           ; open             ; open   ; 0 in             ; 0 H/in                 ; 0 F/in                 ; short        ; open          ; open            ; open  ; 0 V                 ; -                  ; n/a           ; n/a             ; n/a         ;
; IMout[2]          ; 2.5 V        ; 0 in              ; 0 H/in                  ; 0 F/in                  ; short         ; -                   ; open           ; open             ; open   ; 0 in             ; 0 H/in                 ; 0 F/in                 ; short        ; open          ; open            ; open  ; 0 V                 ; -                  ; n/a           ; n/a             ; n/a         ;
; IMout[1]          ; 2.5 V        ; 0 in              ; 0 H/in                  ; 0 F/in                  ; short         ; -                   ; open           ; open             ; open   ; 0 in             ; 0 H/in                 ; 0 F/in                 ; short        ; open          ; open            ; open  ; 0 V                 ; -                  ; n/a           ; n/a             ; n/a         ;
; IMout[0]          ; 2.5 V        ; 0 in              ; 0 H/in                  ; 0 F/in                  ; short         ; -                   ; open           ; open             ; open   ; 0 in             ; 0 H/in                 ; 0 F/in                 ; short        ; open          ; open            ; open  ; 0 V                 ; -                  ; n/a           ; n/a             ; n/a         ;
; pc[7]             ; 2.5 V        ; 0 in              ; 0 H/in                  ; 0 F/in                  ; short         ; -                   ; open           ; open             ; open   ; 0 in             ; 0 H/in                 ; 0 F/in                 ; short        ; open          ; open            ; open  ; 0 V                 ; -                  ; n/a           ; n/a             ; n/a         ;
; pc[6]             ; 2.5 V        ; 0 in              ; 0 H/in                  ; 0 F/in                  ; short         ; -                   ; open           ; open             ; open   ; 0 in             ; 0 H/in                 ; 0 F/in                 ; short        ; open          ; open            ; open  ; 0 V                 ; -                  ; n/a           ; n/a             ; n/a         ;
; pc[5]             ; 2.5 V        ; 0 in              ; 0 H/in                  ; 0 F/in                  ; short         ; -                   ; open           ; open             ; open   ; 0 in             ; 0 H/in                 ; 0 F/in                 ; short        ; open          ; open            ; open  ; 0 V                 ; -                  ; n/a           ; n/a             ; n/a         ;
; pc[4]             ; 2.5 V        ; 0 in              ; 0 H/in                  ; 0 F/in                  ; short         ; -                   ; open           ; open             ; open   ; 0 in             ; 0 H/in                 ; 0 F/in                 ; short        ; open          ; open            ; open  ; 0 V                 ; -                  ; n/a           ; n/a             ; n/a         ;
; pc[3]             ; 2.5 V        ; 0 in              ; 0 H/in                  ; 0 F/in                  ; short         ; -                   ; open           ; open             ; open   ; 0 in             ; 0 H/in                 ; 0 F/in                 ; short        ; open          ; open            ; open  ; 0 V                 ; -                  ; n/a           ; n/a             ; n/a         ;
; pc[2]             ; 2.5 V        ; 0 in              ; 0 H/in                  ; 0 F/in                  ; short         ; -                   ; open           ; open             ; open   ; 0 in             ; 0 H/in                 ; 0 F/in                 ; short        ; open          ; open            ; open  ; 0 V                 ; -                  ; n/a           ; n/a             ; n/a         ;
; pc[1]             ; 2.5 V        ; 0 in              ; 0 H/in                  ; 0 F/in                  ; short         ; -                   ; open           ; open             ; open   ; 0 in             ; 0 H/in                 ; 0 F/in                 ; short        ; open          ; open            ; open  ; 0 V                 ; -                  ; n/a           ; n/a             ; n/a         ;
; pc[0]             ; 2.5 V        ; 0 in              ; 0 H/in                  ; 0 F/in                  ; short         ; -                   ; open           ; open             ; open   ; 0 in             ; 0 H/in                 ; 0 F/in                 ; short        ; open          ; open            ; open  ; 0 V                 ; -                  ; n/a           ; n/a             ; n/a         ;
; Jump              ; 2.5 V        ; 0 in              ; 0 H/in                  ; 0 F/in                  ; short         ; -                   ; open           ; open             ; open   ; 0 in             ; 0 H/in                 ; 0 F/in                 ; short        ; open          ; open            ; open  ; 0 V                 ; -                  ; n/a           ; n/a             ; n/a         ;
; branch            ; 2.5 V        ; 0 in              ; 0 H/in                  ; 0 F/in                  ; short         ; -                   ; open           ; open             ; open   ; 0 in             ; 0 H/in                 ; 0 F/in                 ; short        ; open          ; open            ; open  ; 0 V                 ; -                  ; n/a           ; n/a             ; n/a         ;
; zero              ; 2.5 V        ; 0 in              ; 0 H/in                  ; 0 F/in                  ; short         ; -                   ; open           ; open             ; open   ; 0 in             ; 0 H/in                 ; 0 F/in                 ; short        ; open          ; open            ; open  ; 0 V                 ; -                  ; n/a           ; n/a             ; n/a         ;
; ALUcontroltest[3] ; 2.5 V        ; 0 in              ; 0 H/in                  ; 0 F/in                  ; short         ; -                   ; open           ; open             ; open   ; 0 in             ; 0 H/in                 ; 0 F/in                 ; short        ; open          ; open            ; open  ; 0 V                 ; -                  ; n/a           ; n/a             ; n/a         ;
; ALUcontroltest[2] ; 2.5 V        ; 0 in              ; 0 H/in                  ; 0 F/in                  ; short         ; -                   ; open           ; open             ; open   ; 0 in             ; 0 H/in                 ; 0 F/in                 ; short        ; open          ; open            ; open  ; 0 V                 ; -                  ; n/a           ; n/a             ; n/a         ;
; ALUcontroltest[1] ; 2.5 V        ; 0 in              ; 0 H/in                  ; 0 F/in                  ; short         ; -                   ; open           ; open             ; open   ; 0 in             ; 0 H/in                 ; 0 F/in                 ; short        ; open          ; open            ; open  ; 0 V                 ; -                  ; n/a           ; n/a             ; n/a         ;
; ALUcontroltest[0] ; 2.5 V        ; 0 in              ; 0 H/in                  ; 0 F/in                  ; short         ; -                   ; open           ; open             ; open   ; 0 in             ; 0 H/in                 ; 0 F/in                 ; short        ; open          ; open            ; open  ; 0 V                 ; -                  ; n/a           ; n/a             ; n/a         ;
; ALUin1test[7]     ; 2.5 V        ; 0 in              ; 0 H/in                  ; 0 F/in                  ; short         ; -                   ; open           ; open             ; open   ; 0 in             ; 0 H/in                 ; 0 F/in                 ; short        ; open          ; open            ; open  ; 0 V                 ; -                  ; n/a           ; n/a             ; n/a         ;
; ALUin1test[6]     ; 2.5 V        ; 0 in              ; 0 H/in                  ; 0 F/in                  ; short         ; -                   ; open           ; open             ; open   ; 0 in             ; 0 H/in                 ; 0 F/in                 ; short        ; open          ; open            ; open  ; 0 V                 ; -                  ; n/a           ; n/a             ; n/a         ;
; ALUin1test[5]     ; 2.5 V        ; 0 in              ; 0 H/in                  ; 0 F/in                  ; short         ; -                   ; open           ; open             ; open   ; 0 in             ; 0 H/in                 ; 0 F/in                 ; short        ; open          ; open            ; open  ; 0 V                 ; -                  ; n/a           ; n/a             ; n/a         ;
; ALUin1test[4]     ; 2.5 V        ; 0 in              ; 0 H/in                  ; 0 F/in                  ; short         ; -                   ; open           ; open             ; open   ; 0 in             ; 0 H/in                 ; 0 F/in                 ; short        ; open          ; open            ; open  ; 0 V                 ; -                  ; n/a           ; n/a             ; n/a         ;
; ALUin1test[3]     ; 2.5 V        ; 0 in              ; 0 H/in                  ; 0 F/in                  ; short         ; -                   ; open           ; open             ; open   ; 0 in             ; 0 H/in                 ; 0 F/in                 ; short        ; open          ; open            ; open  ; 0 V                 ; -                  ; n/a           ; n/a             ; n/a         ;
; ALUin1test[2]     ; 2.5 V        ; 0 in              ; 0 H/in                  ; 0 F/in                  ; short         ; -                   ; open           ; open             ; open   ; 0 in             ; 0 H/in                 ; 0 F/in                 ; short        ; open          ; open            ; open  ; 0 V                 ; -                  ; n/a           ; n/a             ; n/a         ;
; ALUin1test[1]     ; 2.5 V        ; 0 in              ; 0 H/in                  ; 0 F/in                  ; short         ; -                   ; open           ; open             ; open   ; 0 in             ; 0 H/in                 ; 0 F/in                 ; short        ; open          ; open            ; open  ; 0 V                 ; -                  ; n/a           ; n/a             ; n/a         ;
; ALUin1test[0]     ; 2.5 V        ; 0 in              ; 0 H/in                  ; 0 F/in                  ; short         ; -                   ; open           ; open             ; open   ; 0 in             ; 0 H/in                 ; 0 F/in                 ; short        ; open          ; open            ; open  ; 0 V                 ; -                  ; n/a           ; n/a             ; n/a         ;
; ALUin2test[7]     ; 2.5 V        ; 0 in              ; 0 H/in                  ; 0 F/in                  ; short         ; -                   ; open           ; open             ; open   ; 0 in             ; 0 H/in                 ; 0 F/in                 ; short        ; open          ; open            ; open  ; 0 V                 ; -                  ; n/a           ; n/a             ; n/a         ;
; ALUin2test[6]     ; 2.5 V        ; 0 in              ; 0 H/in                  ; 0 F/in                  ; short         ; -                   ; open           ; open             ; open   ; 0 in             ; 0 H/in                 ; 0 F/in                 ; short        ; open          ; open            ; open  ; 0 V                 ; -                  ; n/a           ; n/a             ; n/a         ;
; ALUin2test[5]     ; 2.5 V        ; 0 in              ; 0 H/in                  ; 0 F/in                  ; short         ; -                   ; open           ; open             ; open   ; 0 in             ; 0 H/in                 ; 0 F/in                 ; short        ; open          ; open            ; open  ; 0 V                 ; -                  ; n/a           ; n/a             ; n/a         ;
; ALUin2test[4]     ; 2.5 V        ; 0 in              ; 0 H/in                  ; 0 F/in                  ; short         ; -                   ; open           ; open             ; open   ; 0 in             ; 0 H/in                 ; 0 F/in                 ; short        ; open          ; open            ; open  ; 0 V                 ; -                  ; n/a           ; n/a             ; n/a         ;
; ALUin2test[3]     ; 2.5 V        ; 0 in              ; 0 H/in                  ; 0 F/in                  ; short         ; -                   ; open           ; open             ; open   ; 0 in             ; 0 H/in                 ; 0 F/in                 ; short        ; open          ; open            ; open  ; 0 V                 ; -                  ; n/a           ; n/a             ; n/a         ;
; ALUin2test[2]     ; 2.5 V        ; 0 in              ; 0 H/in                  ; 0 F/in                  ; short         ; -                   ; open           ; open             ; open   ; 0 in             ; 0 H/in                 ; 0 F/in                 ; short        ; open          ; open            ; open  ; 0 V                 ; -                  ; n/a           ; n/a             ; n/a         ;
; ALUin2test[1]     ; 2.5 V        ; 0 in              ; 0 H/in                  ; 0 F/in                  ; short         ; -                   ; open           ; open             ; open   ; 0 in             ; 0 H/in                 ; 0 F/in                 ; short        ; open          ; open            ; open  ; 0 V                 ; -                  ; n/a           ; n/a             ; n/a         ;
; ALUin2test[0]     ; 2.5 V        ; 0 in              ; 0 H/in                  ; 0 F/in                  ; short         ; -                   ; open           ; open             ; open   ; 0 in             ; 0 H/in                 ; 0 F/in                 ; short        ; open          ; open            ; open  ; 0 V                 ; -                  ; n/a           ; n/a             ; n/a         ;
; ALUOptest[1]      ; 2.5 V        ; 0 in              ; 0 H/in                  ; 0 F/in                  ; short         ; -                   ; open           ; open             ; open   ; 0 in             ; 0 H/in                 ; 0 F/in                 ; short        ; open          ; open            ; open  ; 0 V                 ; -                  ; n/a           ; n/a             ; n/a         ;
; ALUOptest[0]      ; 2.5 V        ; 0 in              ; 0 H/in                  ; 0 F/in                  ; short         ; -                   ; open           ; open             ; open   ; 0 in             ; 0 H/in                 ; 0 F/in                 ; short        ; open          ; open            ; open  ; 0 V                 ; -                  ; n/a           ; n/a             ; n/a         ;
; ALUtest[7]        ; 2.5 V        ; 0 in              ; 0 H/in                  ; 0 F/in                  ; short         ; -                   ; open           ; open             ; open   ; 0 in             ; 0 H/in                 ; 0 F/in                 ; short        ; open          ; open            ; open  ; 0 V                 ; -                  ; n/a           ; n/a             ; n/a         ;
; ALUtest[6]        ; 2.5 V        ; 0 in              ; 0 H/in                  ; 0 F/in                  ; short         ; -                   ; open           ; open             ; open   ; 0 in             ; 0 H/in                 ; 0 F/in                 ; short        ; open          ; open            ; open  ; 0 V                 ; -                  ; n/a           ; n/a             ; n/a         ;
; ALUtest[5]        ; 2.5 V        ; 0 in              ; 0 H/in                  ; 0 F/in                  ; short         ; -                   ; open           ; open             ; open   ; 0 in             ; 0 H/in                 ; 0 F/in                 ; short        ; open          ; open            ; open  ; 0 V                 ; -                  ; n/a           ; n/a             ; n/a         ;
; ALUtest[4]        ; 2.5 V        ; 0 in              ; 0 H/in                  ; 0 F/in                  ; short         ; -                   ; open           ; open             ; open   ; 0 in             ; 0 H/in                 ; 0 F/in                 ; short        ; open          ; open            ; open  ; 0 V                 ; -                  ; n/a           ; n/a             ; n/a         ;
; ALUtest[3]        ; 2.5 V        ; 0 in              ; 0 H/in                  ; 0 F/in                  ; short         ; -                   ; open           ; open             ; open   ; 0 in             ; 0 H/in                 ; 0 F/in                 ; short        ; open          ; open            ; open  ; 0 V                 ; -                  ; n/a           ; n/a             ; n/a         ;
; ALUtest[2]        ; 2.5 V        ; 0 in              ; 0 H/in                  ; 0 F/in                  ; short         ; -                   ; open           ; open             ; open   ; 0 in             ; 0 H/in                 ; 0 F/in                 ; short        ; open          ; open            ; open  ; 0 V                 ; -                  ; n/a           ; n/a             ; n/a         ;
; ALUtest[1]        ; 2.5 V        ; 0 in              ; 0 H/in                  ; 0 F/in                  ; short         ; -                   ; open           ; open             ; open   ; 0 in             ; 0 H/in                 ; 0 F/in                 ; short        ; open          ; open            ; open  ; 0 V                 ; -                  ; n/a           ; n/a             ; n/a         ;
; ALUtest[0]        ; 2.5 V        ; 0 in              ; 0 H/in                  ; 0 F/in                  ; short         ; -                   ; open           ; open             ; open   ; 0 in             ; 0 H/in                 ; 0 F/in                 ; short        ; open          ; open            ; open  ; 0 V                 ; -                  ; n/a           ; n/a             ; n/a         ;
; RFdataINtest[7]   ; 2.5 V        ; 0 in              ; 0 H/in                  ; 0 F/in                  ; short         ; -                   ; open           ; open             ; open   ; 0 in             ; 0 H/in                 ; 0 F/in                 ; short        ; open          ; open            ; open  ; 0 V                 ; -                  ; n/a           ; n/a             ; n/a         ;
; RFdataINtest[6]   ; 2.5 V        ; 0 in              ; 0 H/in                  ; 0 F/in                  ; short         ; -                   ; open           ; open             ; open   ; 0 in             ; 0 H/in                 ; 0 F/in                 ; short        ; open          ; open            ; open  ; 0 V                 ; -                  ; n/a           ; n/a             ; n/a         ;
; RFdataINtest[5]   ; 2.5 V        ; 0 in              ; 0 H/in                  ; 0 F/in                  ; short         ; -                   ; open           ; open             ; open   ; 0 in             ; 0 H/in                 ; 0 F/in                 ; short        ; open          ; open            ; open  ; 0 V                 ; -                  ; n/a           ; n/a             ; n/a         ;
; RFdataINtest[4]   ; 2.5 V        ; 0 in              ; 0 H/in                  ; 0 F/in                  ; short         ; -                   ; open           ; open             ; open   ; 0 in             ; 0 H/in                 ; 0 F/in                 ; short        ; open          ; open            ; open  ; 0 V                 ; -                  ; n/a           ; n/a             ; n/a         ;
; RFdataINtest[3]   ; 2.5 V        ; 0 in              ; 0 H/in                  ; 0 F/in                  ; short         ; -                   ; open           ; open             ; open   ; 0 in             ; 0 H/in                 ; 0 F/in                 ; short        ; open          ; open            ; open  ; 0 V                 ; -                  ; n/a           ; n/a             ; n/a         ;
; RFdataINtest[2]   ; 2.5 V        ; 0 in              ; 0 H/in                  ; 0 F/in                  ; short         ; -                   ; open           ; open             ; open   ; 0 in             ; 0 H/in                 ; 0 F/in                 ; short        ; open          ; open            ; open  ; 0 V                 ; -                  ; n/a           ; n/a             ; n/a         ;
; RFdataINtest[1]   ; 2.5 V        ; 0 in              ; 0 H/in                  ; 0 F/in                  ; short         ; -                   ; open           ; open             ; open   ; 0 in             ; 0 H/in                 ; 0 F/in                 ; short        ; open          ; open            ; open  ; 0 V                 ; -                  ; n/a           ; n/a             ; n/a         ;
; RFdataINtest[0]   ; 2.5 V        ; 0 in              ; 0 H/in                  ; 0 F/in                  ; short         ; -                   ; open           ; open             ; open   ; 0 in             ; 0 H/in                 ; 0 F/in                 ; short        ; open          ; open            ; open  ; 0 V                 ; -                  ; n/a           ; n/a             ; n/a         ;
; RFout1test[7]     ; 2.5 V        ; 0 in              ; 0 H/in                  ; 0 F/in                  ; short         ; -                   ; open           ; open             ; open   ; 0 in             ; 0 H/in                 ; 0 F/in                 ; short        ; open          ; open            ; open  ; 0 V                 ; -                  ; n/a           ; n/a             ; n/a         ;
; RFout1test[6]     ; 2.5 V        ; 0 in              ; 0 H/in                  ; 0 F/in                  ; short         ; -                   ; open           ; open             ; open   ; 0 in             ; 0 H/in                 ; 0 F/in                 ; short        ; open          ; open            ; open  ; 0 V                 ; -                  ; n/a           ; n/a             ; n/a         ;
; RFout1test[5]     ; 2.5 V        ; 0 in              ; 0 H/in                  ; 0 F/in                  ; short         ; -                   ; open           ; open             ; open   ; 0 in             ; 0 H/in                 ; 0 F/in                 ; short        ; open          ; open            ; open  ; 0 V                 ; -                  ; n/a           ; n/a             ; n/a         ;
; RFout1test[4]     ; 2.5 V        ; 0 in              ; 0 H/in                  ; 0 F/in                  ; short         ; -                   ; open           ; open             ; open   ; 0 in             ; 0 H/in                 ; 0 F/in                 ; short        ; open          ; open            ; open  ; 0 V                 ; -                  ; n/a           ; n/a             ; n/a         ;
; RFout1test[3]     ; 2.5 V        ; 0 in              ; 0 H/in                  ; 0 F/in                  ; short         ; -                   ; open           ; open             ; open   ; 0 in             ; 0 H/in                 ; 0 F/in                 ; short        ; open          ; open            ; open  ; 0 V                 ; -                  ; n/a           ; n/a             ; n/a         ;
; RFout1test[2]     ; 2.5 V        ; 0 in              ; 0 H/in                  ; 0 F/in                  ; short         ; -                   ; open           ; open             ; open   ; 0 in             ; 0 H/in                 ; 0 F/in                 ; short        ; open          ; open            ; open  ; 0 V                 ; -                  ; n/a           ; n/a             ; n/a         ;
; RFout1test[1]     ; 2.5 V        ; 0 in              ; 0 H/in                  ; 0 F/in                  ; short         ; -                   ; open           ; open             ; open   ; 0 in             ; 0 H/in                 ; 0 F/in                 ; short        ; open          ; open            ; open  ; 0 V                 ; -                  ; n/a           ; n/a             ; n/a         ;
; RFout1test[0]     ; 2.5 V        ; 0 in              ; 0 H/in                  ; 0 F/in                  ; short         ; -                   ; open           ; open             ; open   ; 0 in             ; 0 H/in                 ; 0 F/in                 ; short        ; open          ; open            ; open  ; 0 V                 ; -                  ; n/a           ; n/a             ; n/a         ;
; RFout2test[7]     ; 2.5 V        ; 0 in              ; 0 H/in                  ; 0 F/in                  ; short         ; -                   ; open           ; open             ; open   ; 0 in             ; 0 H/in                 ; 0 F/in                 ; short        ; open          ; open            ; open  ; 0 V                 ; -                  ; n/a           ; n/a             ; n/a         ;
; RFout2test[6]     ; 2.5 V        ; 0 in              ; 0 H/in                  ; 0 F/in                  ; short         ; -                   ; open           ; open             ; open   ; 0 in             ; 0 H/in                 ; 0 F/in                 ; short        ; open          ; open            ; open  ; 0 V                 ; -                  ; n/a           ; n/a             ; n/a         ;
; RFout2test[5]     ; 2.5 V        ; 0 in              ; 0 H/in                  ; 0 F/in                  ; short         ; -                   ; open           ; open             ; open   ; 0 in             ; 0 H/in                 ; 0 F/in                 ; short        ; open          ; open            ; open  ; 0 V                 ; -                  ; n/a           ; n/a             ; n/a         ;
; RFout2test[4]     ; 2.5 V        ; 0 in              ; 0 H/in                  ; 0 F/in                  ; short         ; -                   ; open           ; open             ; open   ; 0 in             ; 0 H/in                 ; 0 F/in                 ; short        ; open          ; open            ; open  ; 0 V                 ; -                  ; n/a           ; n/a             ; n/a         ;
; RFout2test[3]     ; 2.5 V        ; 0 in              ; 0 H/in                  ; 0 F/in                  ; short         ; -                   ; open           ; open             ; open   ; 0 in             ; 0 H/in                 ; 0 F/in                 ; short        ; open          ; open            ; open  ; 0 V                 ; -                  ; n/a           ; n/a             ; n/a         ;
; RFout2test[2]     ; 2.5 V        ; 0 in              ; 0 H/in                  ; 0 F/in                  ; short         ; -                   ; open           ; open             ; open   ; 0 in             ; 0 H/in                 ; 0 F/in                 ; short        ; open          ; open            ; open  ; 0 V                 ; -                  ; n/a           ; n/a             ; n/a         ;
; RFout2test[1]     ; 2.5 V        ; 0 in              ; 0 H/in                  ; 0 F/in                  ; short         ; -                   ; open           ; open             ; open   ; 0 in             ; 0 H/in                 ; 0 F/in                 ; short        ; open          ; open            ; open  ; 0 V                 ; -                  ; n/a           ; n/a             ; n/a         ;
; RFout2test[0]     ; 2.5 V        ; 0 in              ; 0 H/in                  ; 0 F/in                  ; short         ; -                   ; open           ; open             ; open   ; 0 in             ; 0 H/in                 ; 0 F/in                 ; short        ; open          ; open            ; open  ; 0 V                 ; -                  ; n/a           ; n/a             ; n/a         ;
; ~ALTERA_nCEO~     ; 2.5 V        ; 0 in              ; 0 H/in                  ; 0 F/in                  ; short         ; -                   ; open           ; open             ; open   ; 0 in             ; 0 H/in                 ; 0 F/in                 ; short        ; open          ; open            ; open  ; 0 V                 ; -                  ; n/a           ; n/a             ; n/a         ;
+-------------------+--------------+-------------------+-------------------------+-------------------------+---------------+---------------------+----------------+------------------+--------+------------------+------------------------+------------------------+--------------+---------------+-----------------+-------+---------------------+--------------------+---------------+-----------------+-------------+


+---------------------------------------------------------+
; Input Transition Times                                  ;
+------+--------------+-----------------+-----------------+
; Pin  ; I/O Standard ; 10-90 Rise Time ; 90-10 Fall Time ;
+------+--------------+-----------------+-----------------+
; clk2 ; 2.5 V        ; 2000 ps         ; 2000 ps         ;
; clk1 ; 2.5 V        ; 2000 ps         ; 2000 ps         ;
; clk3 ; 2.5 V        ; 2000 ps         ; 2000 ps         ;
; clk4 ; 2.5 V        ; 2000 ps         ; 2000 ps         ;
+------+--------------+-----------------+-----------------+


+------------------------------------------------------------------------------------------------------------------------------------------------------------------------------------------------------------------------------------------------------------------------------------------------------------------------------------------------------------------------------------------------------------------------------------------------------------------------------------------------------------------------------------------------------------------------------------------------------------------------------------------------------------------------------------------------+
; Signal Integrity Metrics (Slow 900mv 100c Model)                                                                                                                                                                                                                                                                                                                                                                                                                                                                                                                                                                                                                                               ;
+-------------------+--------------+---------------------+---------------------+------------------------------+------------------------------+---------------------+---------------------+--------------------------------------+--------------------------------------+-----------------------------+-----------------------------+----------------------------+----------------------------+-----------------------------+-----------------------------+--------------------+--------------------+-------------------------------------+-------------------------------------+----------------------------+----------------------------+---------------------------+---------------------------+
; Pin               ; I/O Standard ; Board Delay on Rise ; Board Delay on Fall ; Steady State Voh at FPGA Pin ; Steady State Vol at FPGA Pin ; Voh Max at FPGA Pin ; Vol Min at FPGA Pin ; Ringback Voltage on Rise at FPGA Pin ; Ringback Voltage on Fall at FPGA Pin ; 10-90 Rise Time at FPGA Pin ; 90-10 Fall Time at FPGA Pin ; Monotonic Rise at FPGA Pin ; Monotonic Fall at FPGA Pin ; Steady State Voh at Far-end ; Steady State Vol at Far-end ; Voh Max at Far-end ; Vol Min at Far-end ; Ringback Voltage on Rise at Far-end ; Ringback Voltage on Fall at Far-end ; 10-90 Rise Time at Far-end ; 90-10 Fall Time at Far-end ; Monotonic Rise at Far-end ; Monotonic Fall at Far-end ;
+-------------------+--------------+---------------------+---------------------+------------------------------+------------------------------+---------------------+---------------------+--------------------------------------+--------------------------------------+-----------------------------+-----------------------------+----------------------------+----------------------------+-----------------------------+-----------------------------+--------------------+--------------------+-------------------------------------+-------------------------------------+----------------------------+----------------------------+---------------------------+---------------------------+
; RegWritetest      ; 2.5 V        ; 0 s                 ; 0 s                 ; 2.28 V                       ; 3.39e-05 V                   ; 2.29 V              ; -0.00905 V          ; 0.105 V                              ; 0.096 V                              ; 7.51e-10 s                  ; 7.28e-10 s                  ; Yes                        ; Yes                        ; 2.28 V                      ; 3.39e-05 V                  ; 2.29 V             ; -0.00905 V         ; 0.105 V                             ; 0.096 V                             ; 7.51e-10 s                 ; 7.28e-10 s                 ; Yes                       ; Yes                       ;
; IMout[15]         ; 2.5 V        ; 0 s                 ; 0 s                 ; 2.28 V                       ; 3.39e-05 V                   ; 2.29 V              ; -0.00908 V          ; 0.154 V                              ; 0.085 V                              ; 7.35e-10 s                  ; 7.15e-10 s                  ; Yes                        ; Yes                        ; 2.28 V                      ; 3.39e-05 V                  ; 2.29 V             ; -0.00908 V         ; 0.154 V                             ; 0.085 V                             ; 7.35e-10 s                 ; 7.15e-10 s                 ; Yes                       ; Yes                       ;
; IMout[14]         ; 2.5 V        ; 0 s                 ; 0 s                 ; 2.28 V                       ; 3.39e-05 V                   ; 2.29 V              ; -0.00905 V          ; 0.105 V                              ; 0.096 V                              ; 7.51e-10 s                  ; 7.28e-10 s                  ; Yes                        ; Yes                        ; 2.28 V                      ; 3.39e-05 V                  ; 2.29 V             ; -0.00905 V         ; 0.105 V                             ; 0.096 V                             ; 7.51e-10 s                 ; 7.28e-10 s                 ; Yes                       ; Yes                       ;
; IMout[13]         ; 2.5 V        ; 0 s                 ; 0 s                 ; 2.28 V                       ; 3.39e-05 V                   ; 2.29 V              ; -0.00905 V          ; 0.105 V                              ; 0.096 V                              ; 7.51e-10 s                  ; 7.28e-10 s                  ; Yes                        ; Yes                        ; 2.28 V                      ; 3.39e-05 V                  ; 2.29 V             ; -0.00905 V         ; 0.105 V                             ; 0.096 V                             ; 7.51e-10 s                 ; 7.28e-10 s                 ; Yes                       ; Yes                       ;
; IMout[12]         ; 2.5 V        ; 0 s                 ; 0 s                 ; 2.28 V                       ; 3.39e-05 V                   ; 2.29 V              ; -0.00908 V          ; 0.154 V                              ; 0.085 V                              ; 7.35e-10 s                  ; 7.15e-10 s                  ; Yes                        ; Yes                        ; 2.28 V                      ; 3.39e-05 V                  ; 2.29 V             ; -0.00908 V         ; 0.154 V                             ; 0.085 V                             ; 7.35e-10 s                 ; 7.15e-10 s                 ; Yes                       ; Yes                       ;
; IMout[11]         ; 2.5 V        ; 0 s                 ; 0 s                 ; 2.28 V                       ; 3.39e-05 V                   ; 2.29 V              ; -0.00908 V          ; 0.154 V                              ; 0.085 V                              ; 7.35e-10 s                  ; 7.15e-10 s                  ; Yes                        ; Yes                        ; 2.28 V                      ; 3.39e-05 V                  ; 2.29 V             ; -0.00908 V         ; 0.154 V                             ; 0.085 V                             ; 7.35e-10 s                 ; 7.15e-10 s                 ; Yes                       ; Yes                       ;
; IMout[10]         ; 2.5 V        ; 0 s                 ; 0 s                 ; 2.28 V                       ; 3.39e-05 V                   ; 2.29 V              ; -0.00905 V          ; 0.105 V                              ; 0.096 V                              ; 7.51e-10 s                  ; 7.28e-10 s                  ; Yes                        ; Yes                        ; 2.28 V                      ; 3.39e-05 V                  ; 2.29 V             ; -0.00905 V         ; 0.105 V                             ; 0.096 V                             ; 7.51e-10 s                 ; 7.28e-10 s                 ; Yes                       ; Yes                       ;
; IMout[9]          ; 2.5 V        ; 0 s                 ; 0 s                 ; 2.28 V                       ; 3.39e-05 V                   ; 2.29 V              ; -0.00908 V          ; 0.154 V                              ; 0.085 V                              ; 7.35e-10 s                  ; 7.15e-10 s                  ; Yes                        ; Yes                        ; 2.28 V                      ; 3.39e-05 V                  ; 2.29 V             ; -0.00908 V         ; 0.154 V                             ; 0.085 V                             ; 7.35e-10 s                 ; 7.15e-10 s                 ; Yes                       ; Yes                       ;
; IMout[8]          ; 2.5 V        ; 0 s                 ; 0 s                 ; 2.28 V                       ; 3.39e-05 V                   ; 2.29 V              ; -0.00905 V          ; 0.105 V                              ; 0.096 V                              ; 7.51e-10 s                  ; 7.28e-10 s                  ; Yes                        ; Yes                        ; 2.28 V                      ; 3.39e-05 V                  ; 2.29 V             ; -0.00905 V         ; 0.105 V                             ; 0.096 V                             ; 7.51e-10 s                 ; 7.28e-10 s                 ; Yes                       ; Yes                       ;
; IMout[7]          ; 2.5 V        ; 0 s                 ; 0 s                 ; 2.28 V                       ; 3.39e-05 V                   ; 2.29 V              ; -0.00908 V          ; 0.154 V                              ; 0.085 V                              ; 7.35e-10 s                  ; 7.15e-10 s                  ; Yes                        ; Yes                        ; 2.28 V                      ; 3.39e-05 V                  ; 2.29 V             ; -0.00908 V         ; 0.154 V                             ; 0.085 V                             ; 7.35e-10 s                 ; 7.15e-10 s                 ; Yes                       ; Yes                       ;
; IMout[6]          ; 2.5 V        ; 0 s                 ; 0 s                 ; 2.28 V                       ; 3.39e-05 V                   ; 2.29 V              ; -0.00905 V          ; 0.105 V                              ; 0.096 V                              ; 7.51e-10 s                  ; 7.28e-10 s                  ; Yes                        ; Yes                        ; 2.28 V                      ; 3.39e-05 V                  ; 2.29 V             ; -0.00905 V         ; 0.105 V                             ; 0.096 V                             ; 7.51e-10 s                 ; 7.28e-10 s                 ; Yes                       ; Yes                       ;
; IMout[5]          ; 2.5 V        ; 0 s                 ; 0 s                 ; 2.28 V                       ; 3.39e-05 V                   ; 2.29 V              ; -0.00905 V          ; 0.105 V                              ; 0.096 V                              ; 7.51e-10 s                  ; 7.28e-10 s                  ; Yes                        ; Yes                        ; 2.28 V                      ; 3.39e-05 V                  ; 2.29 V             ; -0.00905 V         ; 0.105 V                             ; 0.096 V                             ; 7.51e-10 s                 ; 7.28e-10 s                 ; Yes                       ; Yes                       ;
; IMout[4]          ; 2.5 V        ; 0 s                 ; 0 s                 ; 2.28 V                       ; 3.39e-05 V                   ; 2.29 V              ; -0.00908 V          ; 0.154 V                              ; 0.085 V                              ; 7.35e-10 s                  ; 7.15e-10 s                  ; Yes                        ; Yes                        ; 2.28 V                      ; 3.39e-05 V                  ; 2.29 V             ; -0.00908 V         ; 0.154 V                             ; 0.085 V                             ; 7.35e-10 s                 ; 7.15e-10 s                 ; Yes                       ; Yes                       ;
; IMout[3]          ; 2.5 V        ; 0 s                 ; 0 s                 ; 2.28 V                       ; 3.39e-05 V                   ; 2.29 V              ; -0.00908 V          ; 0.154 V                              ; 0.085 V                              ; 7.35e-10 s                  ; 7.15e-10 s                  ; Yes                        ; Yes                        ; 2.28 V                      ; 3.39e-05 V                  ; 2.29 V             ; -0.00908 V         ; 0.154 V                             ; 0.085 V                             ; 7.35e-10 s                 ; 7.15e-10 s                 ; Yes                       ; Yes                       ;
; IMout[2]          ; 2.5 V        ; 0 s                 ; 0 s                 ; 2.28 V                       ; 3.39e-05 V                   ; 2.29 V              ; -0.00905 V          ; 0.105 V                              ; 0.096 V                              ; 7.51e-10 s                  ; 7.28e-10 s                  ; Yes                        ; Yes                        ; 2.28 V                      ; 3.39e-05 V                  ; 2.29 V             ; -0.00905 V         ; 0.105 V                             ; 0.096 V                             ; 7.51e-10 s                 ; 7.28e-10 s                 ; Yes                       ; Yes                       ;
; IMout[1]          ; 2.5 V        ; 0 s                 ; 0 s                 ; 2.28 V                       ; 3.39e-05 V                   ; 2.29 V              ; -0.00905 V          ; 0.105 V                              ; 0.096 V                              ; 7.51e-10 s                  ; 7.28e-10 s                  ; Yes                        ; Yes                        ; 2.28 V                      ; 3.39e-05 V                  ; 2.29 V             ; -0.00905 V         ; 0.105 V                             ; 0.096 V                             ; 7.51e-10 s                 ; 7.28e-10 s                 ; Yes                       ; Yes                       ;
; IMout[0]          ; 2.5 V        ; 0 s                 ; 0 s                 ; 2.28 V                       ; 3.39e-05 V                   ; 2.29 V              ; -0.00908 V          ; 0.154 V                              ; 0.085 V                              ; 7.35e-10 s                  ; 7.15e-10 s                  ; Yes                        ; Yes                        ; 2.28 V                      ; 3.39e-05 V                  ; 2.29 V             ; -0.00908 V         ; 0.154 V                             ; 0.085 V                             ; 7.35e-10 s                 ; 7.15e-10 s                 ; Yes                       ; Yes                       ;
; pc[7]             ; 2.5 V        ; 0 s                 ; 0 s                 ; 2.28 V                       ; 3.39e-05 V                   ; 2.29 V              ; -0.00908 V          ; 0.154 V                              ; 0.085 V                              ; 7.35e-10 s                  ; 7.15e-10 s                  ; Yes                        ; Yes                        ; 2.28 V                      ; 3.39e-05 V                  ; 2.29 V             ; -0.00908 V         ; 0.154 V                             ; 0.085 V                             ; 7.35e-10 s                 ; 7.15e-10 s                 ; Yes                       ; Yes                       ;
; pc[6]             ; 2.5 V        ; 0 s                 ; 0 s                 ; 2.28 V                       ; 3.39e-05 V                   ; 2.29 V              ; -0.00908 V          ; 0.154 V                              ; 0.085 V                              ; 7.35e-10 s                  ; 7.15e-10 s                  ; Yes                        ; Yes                        ; 2.28 V                      ; 3.39e-05 V                  ; 2.29 V             ; -0.00908 V         ; 0.154 V                             ; 0.085 V                             ; 7.35e-10 s                 ; 7.15e-10 s                 ; Yes                       ; Yes                       ;
; pc[5]             ; 2.5 V        ; 0 s                 ; 0 s                 ; 2.28 V                       ; 3.39e-05 V                   ; 2.29 V              ; -0.00908 V          ; 0.154 V                              ; 0.085 V                              ; 7.35e-10 s                  ; 7.15e-10 s                  ; Yes                        ; Yes                        ; 2.28 V                      ; 3.39e-05 V                  ; 2.29 V             ; -0.00908 V         ; 0.154 V                             ; 0.085 V                             ; 7.35e-10 s                 ; 7.15e-10 s                 ; Yes                       ; Yes                       ;
; pc[4]             ; 2.5 V        ; 0 s                 ; 0 s                 ; 2.28 V                       ; 3.39e-05 V                   ; 2.29 V              ; -0.00905 V          ; 0.105 V                              ; 0.096 V                              ; 7.51e-10 s                  ; 7.28e-10 s                  ; Yes                        ; Yes                        ; 2.28 V                      ; 3.39e-05 V                  ; 2.29 V             ; -0.00905 V         ; 0.105 V                             ; 0.096 V                             ; 7.51e-10 s                 ; 7.28e-10 s                 ; Yes                       ; Yes                       ;
; pc[3]             ; 2.5 V        ; 0 s                 ; 0 s                 ; 2.28 V                       ; 3.39e-05 V                   ; 2.29 V              ; -0.00908 V          ; 0.154 V                              ; 0.085 V                              ; 7.35e-10 s                  ; 7.15e-10 s                  ; Yes                        ; Yes                        ; 2.28 V                      ; 3.39e-05 V                  ; 2.29 V             ; -0.00908 V         ; 0.154 V                             ; 0.085 V                             ; 7.35e-10 s                 ; 7.15e-10 s                 ; Yes                       ; Yes                       ;
; pc[2]             ; 2.5 V        ; 0 s                 ; 0 s                 ; 2.28 V                       ; 3.39e-05 V                   ; 2.29 V              ; -0.00908 V          ; 0.154 V                              ; 0.085 V                              ; 7.35e-10 s                  ; 7.15e-10 s                  ; Yes                        ; Yes                        ; 2.28 V                      ; 3.39e-05 V                  ; 2.29 V             ; -0.00908 V         ; 0.154 V                             ; 0.085 V                             ; 7.35e-10 s                 ; 7.15e-10 s                 ; Yes                       ; Yes                       ;
; pc[1]             ; 2.5 V        ; 0 s                 ; 0 s                 ; 2.28 V                       ; 3.39e-05 V                   ; 2.29 V              ; -0.00905 V          ; 0.105 V                              ; 0.096 V                              ; 7.51e-10 s                  ; 7.28e-10 s                  ; Yes                        ; Yes                        ; 2.28 V                      ; 3.39e-05 V                  ; 2.29 V             ; -0.00905 V         ; 0.105 V                             ; 0.096 V                             ; 7.51e-10 s                 ; 7.28e-10 s                 ; Yes                       ; Yes                       ;
; pc[0]             ; 2.5 V        ; 0 s                 ; 0 s                 ; 2.28 V                       ; 3.39e-05 V                   ; 2.29 V              ; -0.00905 V          ; 0.105 V                              ; 0.096 V                              ; 7.51e-10 s                  ; 7.28e-10 s                  ; Yes                        ; Yes                        ; 2.28 V                      ; 3.39e-05 V                  ; 2.29 V             ; -0.00905 V         ; 0.105 V                             ; 0.096 V                             ; 7.51e-10 s                 ; 7.28e-10 s                 ; Yes                       ; Yes                       ;
; Jump              ; 2.5 V        ; 0 s                 ; 0 s                 ; 2.28 V                       ; 3.39e-05 V                   ; 2.29 V              ; -0.00905 V          ; 0.105 V                              ; 0.096 V                              ; 7.51e-10 s                  ; 7.28e-10 s                  ; Yes                        ; Yes                        ; 2.28 V                      ; 3.39e-05 V                  ; 2.29 V             ; -0.00905 V         ; 0.105 V                             ; 0.096 V                             ; 7.51e-10 s                 ; 7.28e-10 s                 ; Yes                       ; Yes                       ;
; branch            ; 2.5 V        ; 0 s                 ; 0 s                 ; 2.28 V                       ; 3.39e-05 V                   ; 2.29 V              ; -0.00908 V          ; 0.154 V                              ; 0.085 V                              ; 7.35e-10 s                  ; 7.15e-10 s                  ; Yes                        ; Yes                        ; 2.28 V                      ; 3.39e-05 V                  ; 2.29 V             ; -0.00908 V         ; 0.154 V                             ; 0.085 V                             ; 7.35e-10 s                 ; 7.15e-10 s                 ; Yes                       ; Yes                       ;
; zero              ; 2.5 V        ; 0 s                 ; 0 s                 ; 2.28 V                       ; 3.39e-05 V                   ; 2.29 V              ; -0.00905 V          ; 0.105 V                              ; 0.096 V                              ; 7.51e-10 s                  ; 7.28e-10 s                  ; Yes                        ; Yes                        ; 2.28 V                      ; 3.39e-05 V                  ; 2.29 V             ; -0.00905 V         ; 0.105 V                             ; 0.096 V                             ; 7.51e-10 s                 ; 7.28e-10 s                 ; Yes                       ; Yes                       ;
; ALUcontroltest[3] ; 2.5 V        ; 0 s                 ; 0 s                 ; 2.28 V                       ; 3.39e-05 V                   ; 2.29 V              ; -0.00908 V          ; 0.154 V                              ; 0.085 V                              ; 7.35e-10 s                  ; 7.15e-10 s                  ; Yes                        ; Yes                        ; 2.28 V                      ; 3.39e-05 V                  ; 2.29 V             ; -0.00908 V         ; 0.154 V                             ; 0.085 V                             ; 7.35e-10 s                 ; 7.15e-10 s                 ; Yes                       ; Yes                       ;
; ALUcontroltest[2] ; 2.5 V        ; 0 s                 ; 0 s                 ; 2.28 V                       ; 3.39e-05 V                   ; 2.29 V              ; -0.00905 V          ; 0.105 V                              ; 0.096 V                              ; 7.51e-10 s                  ; 7.28e-10 s                  ; Yes                        ; Yes                        ; 2.28 V                      ; 3.39e-05 V                  ; 2.29 V             ; -0.00905 V         ; 0.105 V                             ; 0.096 V                             ; 7.51e-10 s                 ; 7.28e-10 s                 ; Yes                       ; Yes                       ;
; ALUcontroltest[1] ; 2.5 V        ; 0 s                 ; 0 s                 ; 2.28 V                       ; 3.39e-05 V                   ; 2.29 V              ; -0.00905 V          ; 0.105 V                              ; 0.096 V                              ; 7.51e-10 s                  ; 7.28e-10 s                  ; Yes                        ; Yes                        ; 2.28 V                      ; 3.39e-05 V                  ; 2.29 V             ; -0.00905 V         ; 0.105 V                             ; 0.096 V                             ; 7.51e-10 s                 ; 7.28e-10 s                 ; Yes                       ; Yes                       ;
; ALUcontroltest[0] ; 2.5 V        ; 0 s                 ; 0 s                 ; 2.28 V                       ; 3.39e-05 V                   ; 2.29 V              ; -0.00905 V          ; 0.105 V                              ; 0.096 V                              ; 7.51e-10 s                  ; 7.28e-10 s                  ; Yes                        ; Yes                        ; 2.28 V                      ; 3.39e-05 V                  ; 2.29 V             ; -0.00905 V         ; 0.105 V                             ; 0.096 V                             ; 7.51e-10 s                 ; 7.28e-10 s                 ; Yes                       ; Yes                       ;
; ALUin1test[7]     ; 2.5 V        ; 0 s                 ; 0 s                 ; 2.28 V                       ; 3.39e-05 V                   ; 2.29 V              ; -0.00908 V          ; 0.154 V                              ; 0.085 V                              ; 7.35e-10 s                  ; 7.15e-10 s                  ; Yes                        ; Yes                        ; 2.28 V                      ; 3.39e-05 V                  ; 2.29 V             ; -0.00908 V         ; 0.154 V                             ; 0.085 V                             ; 7.35e-10 s                 ; 7.15e-10 s                 ; Yes                       ; Yes                       ;
; ALUin1test[6]     ; 2.5 V        ; 0 s                 ; 0 s                 ; 2.28 V                       ; 3.39e-05 V                   ; 2.29 V              ; -0.00908 V          ; 0.154 V                              ; 0.085 V                              ; 7.35e-10 s                  ; 7.15e-10 s                  ; Yes                        ; Yes                        ; 2.28 V                      ; 3.39e-05 V                  ; 2.29 V             ; -0.00908 V         ; 0.154 V                             ; 0.085 V                             ; 7.35e-10 s                 ; 7.15e-10 s                 ; Yes                       ; Yes                       ;
; ALUin1test[5]     ; 2.5 V        ; 0 s                 ; 0 s                 ; 2.28 V                       ; 3.39e-05 V                   ; 2.29 V              ; -0.00905 V          ; 0.105 V                              ; 0.096 V                              ; 7.51e-10 s                  ; 7.28e-10 s                  ; Yes                        ; Yes                        ; 2.28 V                      ; 3.39e-05 V                  ; 2.29 V             ; -0.00905 V         ; 0.105 V                             ; 0.096 V                             ; 7.51e-10 s                 ; 7.28e-10 s                 ; Yes                       ; Yes                       ;
; ALUin1test[4]     ; 2.5 V        ; 0 s                 ; 0 s                 ; 2.28 V                       ; 3.39e-05 V                   ; 2.29 V              ; -0.00908 V          ; 0.154 V                              ; 0.085 V                              ; 7.35e-10 s                  ; 7.15e-10 s                  ; Yes                        ; Yes                        ; 2.28 V                      ; 3.39e-05 V                  ; 2.29 V             ; -0.00908 V         ; 0.154 V                             ; 0.085 V                             ; 7.35e-10 s                 ; 7.15e-10 s                 ; Yes                       ; Yes                       ;
; ALUin1test[3]     ; 2.5 V        ; 0 s                 ; 0 s                 ; 2.28 V                       ; 3.39e-05 V                   ; 2.29 V              ; -0.00905 V          ; 0.105 V                              ; 0.096 V                              ; 7.51e-10 s                  ; 7.28e-10 s                  ; Yes                        ; Yes                        ; 2.28 V                      ; 3.39e-05 V                  ; 2.29 V             ; -0.00905 V         ; 0.105 V                             ; 0.096 V                             ; 7.51e-10 s                 ; 7.28e-10 s                 ; Yes                       ; Yes                       ;
; ALUin1test[2]     ; 2.5 V        ; 0 s                 ; 0 s                 ; 2.28 V                       ; 3.39e-05 V                   ; 2.29 V              ; -0.00905 V          ; 0.105 V                              ; 0.096 V                              ; 7.51e-10 s                  ; 7.28e-10 s                  ; Yes                        ; Yes                        ; 2.28 V                      ; 3.39e-05 V                  ; 2.29 V             ; -0.00905 V         ; 0.105 V                             ; 0.096 V                             ; 7.51e-10 s                 ; 7.28e-10 s                 ; Yes                       ; Yes                       ;
; ALUin1test[1]     ; 2.5 V        ; 0 s                 ; 0 s                 ; 2.28 V                       ; 3.39e-05 V                   ; 2.29 V              ; -0.00905 V          ; 0.105 V                              ; 0.096 V                              ; 7.51e-10 s                  ; 7.28e-10 s                  ; Yes                        ; Yes                        ; 2.28 V                      ; 3.39e-05 V                  ; 2.29 V             ; -0.00905 V         ; 0.105 V                             ; 0.096 V                             ; 7.51e-10 s                 ; 7.28e-10 s                 ; Yes                       ; Yes                       ;
; ALUin1test[0]     ; 2.5 V        ; 0 s                 ; 0 s                 ; 2.28 V                       ; 3.39e-05 V                   ; 2.29 V              ; -0.00905 V          ; 0.105 V                              ; 0.096 V                              ; 7.51e-10 s                  ; 7.28e-10 s                  ; Yes                        ; Yes                        ; 2.28 V                      ; 3.39e-05 V                  ; 2.29 V             ; -0.00905 V         ; 0.105 V                             ; 0.096 V                             ; 7.51e-10 s                 ; 7.28e-10 s                 ; Yes                       ; Yes                       ;
; ALUin2test[7]     ; 2.5 V        ; 0 s                 ; 0 s                 ; 2.28 V                       ; 3.39e-05 V                   ; 2.29 V              ; -0.00908 V          ; 0.154 V                              ; 0.085 V                              ; 7.35e-10 s                  ; 7.15e-10 s                  ; Yes                        ; Yes                        ; 2.28 V                      ; 3.39e-05 V                  ; 2.29 V             ; -0.00908 V         ; 0.154 V                             ; 0.085 V                             ; 7.35e-10 s                 ; 7.15e-10 s                 ; Yes                       ; Yes                       ;
; ALUin2test[6]     ; 2.5 V        ; 0 s                 ; 0 s                 ; 2.28 V                       ; 3.39e-05 V                   ; 2.29 V              ; -0.00908 V          ; 0.154 V                              ; 0.085 V                              ; 7.35e-10 s                  ; 7.15e-10 s                  ; Yes                        ; Yes                        ; 2.28 V                      ; 3.39e-05 V                  ; 2.29 V             ; -0.00908 V         ; 0.154 V                             ; 0.085 V                             ; 7.35e-10 s                 ; 7.15e-10 s                 ; Yes                       ; Yes                       ;
; ALUin2test[5]     ; 2.5 V        ; 0 s                 ; 0 s                 ; 2.28 V                       ; 3.39e-05 V                   ; 2.29 V              ; -0.00905 V          ; 0.105 V                              ; 0.096 V                              ; 7.51e-10 s                  ; 7.28e-10 s                  ; Yes                        ; Yes                        ; 2.28 V                      ; 3.39e-05 V                  ; 2.29 V             ; -0.00905 V         ; 0.105 V                             ; 0.096 V                             ; 7.51e-10 s                 ; 7.28e-10 s                 ; Yes                       ; Yes                       ;
; ALUin2test[4]     ; 2.5 V        ; 0 s                 ; 0 s                 ; 2.28 V                       ; 3.39e-05 V                   ; 2.29 V              ; -0.00908 V          ; 0.154 V                              ; 0.085 V                              ; 7.35e-10 s                  ; 7.15e-10 s                  ; Yes                        ; Yes                        ; 2.28 V                      ; 3.39e-05 V                  ; 2.29 V             ; -0.00908 V         ; 0.154 V                             ; 0.085 V                             ; 7.35e-10 s                 ; 7.15e-10 s                 ; Yes                       ; Yes                       ;
; ALUin2test[3]     ; 2.5 V        ; 0 s                 ; 0 s                 ; 2.28 V                       ; 3.39e-05 V                   ; 2.29 V              ; -0.00908 V          ; 0.154 V                              ; 0.085 V                              ; 7.35e-10 s                  ; 7.15e-10 s                  ; Yes                        ; Yes                        ; 2.28 V                      ; 3.39e-05 V                  ; 2.29 V             ; -0.00908 V         ; 0.154 V                             ; 0.085 V                             ; 7.35e-10 s                 ; 7.15e-10 s                 ; Yes                       ; Yes                       ;
; ALUin2test[2]     ; 2.5 V        ; 0 s                 ; 0 s                 ; 2.28 V                       ; 3.39e-05 V                   ; 2.29 V              ; -0.00905 V          ; 0.105 V                              ; 0.096 V                              ; 7.51e-10 s                  ; 7.28e-10 s                  ; Yes                        ; Yes                        ; 2.28 V                      ; 3.39e-05 V                  ; 2.29 V             ; -0.00905 V         ; 0.105 V                             ; 0.096 V                             ; 7.51e-10 s                 ; 7.28e-10 s                 ; Yes                       ; Yes                       ;
; ALUin2test[1]     ; 2.5 V        ; 0 s                 ; 0 s                 ; 2.28 V                       ; 3.39e-05 V                   ; 2.29 V              ; -0.00905 V          ; 0.105 V                              ; 0.096 V                              ; 7.51e-10 s                  ; 7.28e-10 s                  ; Yes                        ; Yes                        ; 2.28 V                      ; 3.39e-05 V                  ; 2.29 V             ; -0.00905 V         ; 0.105 V                             ; 0.096 V                             ; 7.51e-10 s                 ; 7.28e-10 s                 ; Yes                       ; Yes                       ;
; ALUin2test[0]     ; 2.5 V        ; 0 s                 ; 0 s                 ; 2.28 V                       ; 3.39e-05 V                   ; 2.29 V              ; -0.00908 V          ; 0.154 V                              ; 0.085 V                              ; 7.35e-10 s                  ; 7.15e-10 s                  ; Yes                        ; Yes                        ; 2.28 V                      ; 3.39e-05 V                  ; 2.29 V             ; -0.00908 V         ; 0.154 V                             ; 0.085 V                             ; 7.35e-10 s                 ; 7.15e-10 s                 ; Yes                       ; Yes                       ;
; ALUOptest[1]      ; 2.5 V        ; 0 s                 ; 0 s                 ; 2.28 V                       ; 3.39e-05 V                   ; 2.29 V              ; -0.00905 V          ; 0.105 V                              ; 0.096 V                              ; 7.51e-10 s                  ; 7.28e-10 s                  ; Yes                        ; Yes                        ; 2.28 V                      ; 3.39e-05 V                  ; 2.29 V             ; -0.00905 V         ; 0.105 V                             ; 0.096 V                             ; 7.51e-10 s                 ; 7.28e-10 s                 ; Yes                       ; Yes                       ;
; ALUOptest[0]      ; 2.5 V        ; 0 s                 ; 0 s                 ; 2.28 V                       ; 3.39e-05 V                   ; 2.29 V              ; -0.00905 V          ; 0.105 V                              ; 0.096 V                              ; 7.51e-10 s                  ; 7.28e-10 s                  ; Yes                        ; Yes                        ; 2.28 V                      ; 3.39e-05 V                  ; 2.29 V             ; -0.00905 V         ; 0.105 V                             ; 0.096 V                             ; 7.51e-10 s                 ; 7.28e-10 s                 ; Yes                       ; Yes                       ;
; ALUtest[7]        ; 2.5 V        ; 0 s                 ; 0 s                 ; 2.28 V                       ; 3.39e-05 V                   ; 2.29 V              ; -0.00908 V          ; 0.154 V                              ; 0.085 V                              ; 7.35e-10 s                  ; 7.15e-10 s                  ; Yes                        ; Yes                        ; 2.28 V                      ; 3.39e-05 V                  ; 2.29 V             ; -0.00908 V         ; 0.154 V                             ; 0.085 V                             ; 7.35e-10 s                 ; 7.15e-10 s                 ; Yes                       ; Yes                       ;
; ALUtest[6]        ; 2.5 V        ; 0 s                 ; 0 s                 ; 2.28 V                       ; 3.39e-05 V                   ; 2.29 V              ; -0.00908 V          ; 0.154 V                              ; 0.085 V                              ; 7.35e-10 s                  ; 7.15e-10 s                  ; Yes                        ; Yes                        ; 2.28 V                      ; 3.39e-05 V                  ; 2.29 V             ; -0.00908 V         ; 0.154 V                             ; 0.085 V                             ; 7.35e-10 s                 ; 7.15e-10 s                 ; Yes                       ; Yes                       ;
; ALUtest[5]        ; 2.5 V        ; 0 s                 ; 0 s                 ; 2.28 V                       ; 3.39e-05 V                   ; 2.29 V              ; -0.00908 V          ; 0.154 V                              ; 0.085 V                              ; 7.35e-10 s                  ; 7.15e-10 s                  ; Yes                        ; Yes                        ; 2.28 V                      ; 3.39e-05 V                  ; 2.29 V             ; -0.00908 V         ; 0.154 V                             ; 0.085 V                             ; 7.35e-10 s                 ; 7.15e-10 s                 ; Yes                       ; Yes                       ;
; ALUtest[4]        ; 2.5 V        ; 0 s                 ; 0 s                 ; 2.28 V                       ; 3.39e-05 V                   ; 2.29 V              ; -0.00908 V          ; 0.154 V                              ; 0.085 V                              ; 7.35e-10 s                  ; 7.15e-10 s                  ; Yes                        ; Yes                        ; 2.28 V                      ; 3.39e-05 V                  ; 2.29 V             ; -0.00908 V         ; 0.154 V                             ; 0.085 V                             ; 7.35e-10 s                 ; 7.15e-10 s                 ; Yes                       ; Yes                       ;
; ALUtest[3]        ; 2.5 V        ; 0 s                 ; 0 s                 ; 2.28 V                       ; 3.39e-05 V                   ; 2.29 V              ; -0.00908 V          ; 0.154 V                              ; 0.085 V                              ; 7.35e-10 s                  ; 7.15e-10 s                  ; Yes                        ; Yes                        ; 2.28 V                      ; 3.39e-05 V                  ; 2.29 V             ; -0.00908 V         ; 0.154 V                             ; 0.085 V                             ; 7.35e-10 s                 ; 7.15e-10 s                 ; Yes                       ; Yes                       ;
; ALUtest[2]        ; 2.5 V        ; 0 s                 ; 0 s                 ; 2.28 V                       ; 3.39e-05 V                   ; 2.29 V              ; -0.00908 V          ; 0.154 V                              ; 0.085 V                              ; 7.35e-10 s                  ; 7.15e-10 s                  ; Yes                        ; Yes                        ; 2.28 V                      ; 3.39e-05 V                  ; 2.29 V             ; -0.00908 V         ; 0.154 V                             ; 0.085 V                             ; 7.35e-10 s                 ; 7.15e-10 s                 ; Yes                       ; Yes                       ;
; ALUtest[1]        ; 2.5 V        ; 0 s                 ; 0 s                 ; 2.28 V                       ; 3.39e-05 V                   ; 2.29 V              ; -0.00908 V          ; 0.154 V                              ; 0.085 V                              ; 7.35e-10 s                  ; 7.15e-10 s                  ; Yes                        ; Yes                        ; 2.28 V                      ; 3.39e-05 V                  ; 2.29 V             ; -0.00908 V         ; 0.154 V                             ; 0.085 V                             ; 7.35e-10 s                 ; 7.15e-10 s                 ; Yes                       ; Yes                       ;
; ALUtest[0]        ; 2.5 V        ; 0 s                 ; 0 s                 ; 2.28 V                       ; 3.39e-05 V                   ; 2.29 V              ; -0.00905 V          ; 0.105 V                              ; 0.096 V                              ; 7.51e-10 s                  ; 7.28e-10 s                  ; Yes                        ; Yes                        ; 2.28 V                      ; 3.39e-05 V                  ; 2.29 V             ; -0.00905 V         ; 0.105 V                             ; 0.096 V                             ; 7.51e-10 s                 ; 7.28e-10 s                 ; Yes                       ; Yes                       ;
; RFdataINtest[7]   ; 2.5 V        ; 0 s                 ; 0 s                 ; 2.28 V                       ; 3.39e-05 V                   ; 2.29 V              ; -0.00908 V          ; 0.154 V                              ; 0.085 V                              ; 7.35e-10 s                  ; 7.15e-10 s                  ; Yes                        ; Yes                        ; 2.28 V                      ; 3.39e-05 V                  ; 2.29 V             ; -0.00908 V         ; 0.154 V                             ; 0.085 V                             ; 7.35e-10 s                 ; 7.15e-10 s                 ; Yes                       ; Yes                       ;
; RFdataINtest[6]   ; 2.5 V        ; 0 s                 ; 0 s                 ; 2.28 V                       ; 3.39e-05 V                   ; 2.29 V              ; -0.00905 V          ; 0.105 V                              ; 0.096 V                              ; 7.51e-10 s                  ; 7.28e-10 s                  ; Yes                        ; Yes                        ; 2.28 V                      ; 3.39e-05 V                  ; 2.29 V             ; -0.00905 V         ; 0.105 V                             ; 0.096 V                             ; 7.51e-10 s                 ; 7.28e-10 s                 ; Yes                       ; Yes                       ;
; RFdataINtest[5]   ; 2.5 V        ; 0 s                 ; 0 s                 ; 2.28 V                       ; 3.39e-05 V                   ; 2.29 V              ; -0.00908 V          ; 0.154 V                              ; 0.085 V                              ; 7.35e-10 s                  ; 7.15e-10 s                  ; Yes                        ; Yes                        ; 2.28 V                      ; 3.39e-05 V                  ; 2.29 V             ; -0.00908 V         ; 0.154 V                             ; 0.085 V                             ; 7.35e-10 s                 ; 7.15e-10 s                 ; Yes                       ; Yes                       ;
; RFdataINtest[4]   ; 2.5 V        ; 0 s                 ; 0 s                 ; 2.28 V                       ; 3.39e-05 V                   ; 2.29 V              ; -0.00908 V          ; 0.154 V                              ; 0.085 V                              ; 7.35e-10 s                  ; 7.15e-10 s                  ; Yes                        ; Yes                        ; 2.28 V                      ; 3.39e-05 V                  ; 2.29 V             ; -0.00908 V         ; 0.154 V                             ; 0.085 V                             ; 7.35e-10 s                 ; 7.15e-10 s                 ; Yes                       ; Yes                       ;
; RFdataINtest[3]   ; 2.5 V        ; 0 s                 ; 0 s                 ; 2.28 V                       ; 3.39e-05 V                   ; 2.29 V              ; -0.00908 V          ; 0.154 V                              ; 0.085 V                              ; 7.35e-10 s                  ; 7.15e-10 s                  ; Yes                        ; Yes                        ; 2.28 V                      ; 3.39e-05 V                  ; 2.29 V             ; -0.00908 V         ; 0.154 V                             ; 0.085 V                             ; 7.35e-10 s                 ; 7.15e-10 s                 ; Yes                       ; Yes                       ;
; RFdataINtest[2]   ; 2.5 V        ; 0 s                 ; 0 s                 ; 2.28 V                       ; 3.39e-05 V                   ; 2.29 V              ; -0.00905 V          ; 0.105 V                              ; 0.096 V                              ; 7.51e-10 s                  ; 7.28e-10 s                  ; Yes                        ; Yes                        ; 2.28 V                      ; 3.39e-05 V                  ; 2.29 V             ; -0.00905 V         ; 0.105 V                             ; 0.096 V                             ; 7.51e-10 s                 ; 7.28e-10 s                 ; Yes                       ; Yes                       ;
; RFdataINtest[1]   ; 2.5 V        ; 0 s                 ; 0 s                 ; 2.28 V                       ; 3.39e-05 V                   ; 2.29 V              ; -0.00908 V          ; 0.154 V                              ; 0.085 V                              ; 7.35e-10 s                  ; 7.15e-10 s                  ; Yes                        ; Yes                        ; 2.28 V                      ; 3.39e-05 V                  ; 2.29 V             ; -0.00908 V         ; 0.154 V                             ; 0.085 V                             ; 7.35e-10 s                 ; 7.15e-10 s                 ; Yes                       ; Yes                       ;
; RFdataINtest[0]   ; 2.5 V        ; 0 s                 ; 0 s                 ; 2.28 V                       ; 3.39e-05 V                   ; 2.29 V              ; -0.00905 V          ; 0.105 V                              ; 0.096 V                              ; 7.51e-10 s                  ; 7.28e-10 s                  ; Yes                        ; Yes                        ; 2.28 V                      ; 3.39e-05 V                  ; 2.29 V             ; -0.00905 V         ; 0.105 V                             ; 0.096 V                             ; 7.51e-10 s                 ; 7.28e-10 s                 ; Yes                       ; Yes                       ;
; RFout1test[7]     ; 2.5 V        ; 0 s                 ; 0 s                 ; 2.28 V                       ; 3.39e-05 V                   ; 2.29 V              ; -0.00905 V          ; 0.105 V                              ; 0.096 V                              ; 7.51e-10 s                  ; 7.28e-10 s                  ; Yes                        ; Yes                        ; 2.28 V                      ; 3.39e-05 V                  ; 2.29 V             ; -0.00905 V         ; 0.105 V                             ; 0.096 V                             ; 7.51e-10 s                 ; 7.28e-10 s                 ; Yes                       ; Yes                       ;
; RFout1test[6]     ; 2.5 V        ; 0 s                 ; 0 s                 ; 2.28 V                       ; 3.39e-05 V                   ; 2.29 V              ; -0.00905 V          ; 0.105 V                              ; 0.096 V                              ; 7.51e-10 s                  ; 7.28e-10 s                  ; Yes                        ; Yes                        ; 2.28 V                      ; 3.39e-05 V                  ; 2.29 V             ; -0.00905 V         ; 0.105 V                             ; 0.096 V                             ; 7.51e-10 s                 ; 7.28e-10 s                 ; Yes                       ; Yes                       ;
; RFout1test[5]     ; 2.5 V        ; 0 s                 ; 0 s                 ; 2.28 V                       ; 3.39e-05 V                   ; 2.29 V              ; -0.00905 V          ; 0.105 V                              ; 0.096 V                              ; 7.51e-10 s                  ; 7.28e-10 s                  ; Yes                        ; Yes                        ; 2.28 V                      ; 3.39e-05 V                  ; 2.29 V             ; -0.00905 V         ; 0.105 V                             ; 0.096 V                             ; 7.51e-10 s                 ; 7.28e-10 s                 ; Yes                       ; Yes                       ;
; RFout1test[4]     ; 2.5 V        ; 0 s                 ; 0 s                 ; 2.28 V                       ; 3.39e-05 V                   ; 2.29 V              ; -0.00908 V          ; 0.154 V                              ; 0.085 V                              ; 7.35e-10 s                  ; 7.15e-10 s                  ; Yes                        ; Yes                        ; 2.28 V                      ; 3.39e-05 V                  ; 2.29 V             ; -0.00908 V         ; 0.154 V                             ; 0.085 V                             ; 7.35e-10 s                 ; 7.15e-10 s                 ; Yes                       ; Yes                       ;
; RFout1test[3]     ; 2.5 V        ; 0 s                 ; 0 s                 ; 2.28 V                       ; 3.39e-05 V                   ; 2.29 V              ; -0.00908 V          ; 0.154 V                              ; 0.085 V                              ; 7.35e-10 s                  ; 7.15e-10 s                  ; Yes                        ; Yes                        ; 2.28 V                      ; 3.39e-05 V                  ; 2.29 V             ; -0.00908 V         ; 0.154 V                             ; 0.085 V                             ; 7.35e-10 s                 ; 7.15e-10 s                 ; Yes                       ; Yes                       ;
; RFout1test[2]     ; 2.5 V        ; 0 s                 ; 0 s                 ; 2.28 V                       ; 3.39e-05 V                   ; 2.29 V              ; -0.00908 V          ; 0.154 V                              ; 0.085 V                              ; 7.35e-10 s                  ; 7.15e-10 s                  ; Yes                        ; Yes                        ; 2.28 V                      ; 3.39e-05 V                  ; 2.29 V             ; -0.00908 V         ; 0.154 V                             ; 0.085 V                             ; 7.35e-10 s                 ; 7.15e-10 s                 ; Yes                       ; Yes                       ;
; RFout1test[1]     ; 2.5 V        ; 0 s                 ; 0 s                 ; 2.28 V                       ; 3.39e-05 V                   ; 2.29 V              ; -0.00905 V          ; 0.105 V                              ; 0.096 V                              ; 7.51e-10 s                  ; 7.28e-10 s                  ; Yes                        ; Yes                        ; 2.28 V                      ; 3.39e-05 V                  ; 2.29 V             ; -0.00905 V         ; 0.105 V                             ; 0.096 V                             ; 7.51e-10 s                 ; 7.28e-10 s                 ; Yes                       ; Yes                       ;
; RFout1test[0]     ; 2.5 V        ; 0 s                 ; 0 s                 ; 2.28 V                       ; 3.39e-05 V                   ; 2.29 V              ; -0.00908 V          ; 0.154 V                              ; 0.085 V                              ; 7.35e-10 s                  ; 7.15e-10 s                  ; Yes                        ; Yes                        ; 2.28 V                      ; 3.39e-05 V                  ; 2.29 V             ; -0.00908 V         ; 0.154 V                             ; 0.085 V                             ; 7.35e-10 s                 ; 7.15e-10 s                 ; Yes                       ; Yes                       ;
; RFout2test[7]     ; 2.5 V        ; 0 s                 ; 0 s                 ; 2.28 V                       ; 3.39e-05 V                   ; 2.29 V              ; -0.00908 V          ; 0.154 V                              ; 0.085 V                              ; 7.35e-10 s                  ; 7.15e-10 s                  ; Yes                        ; Yes                        ; 2.28 V                      ; 3.39e-05 V                  ; 2.29 V             ; -0.00908 V         ; 0.154 V                             ; 0.085 V                             ; 7.35e-10 s                 ; 7.15e-10 s                 ; Yes                       ; Yes                       ;
; RFout2test[6]     ; 2.5 V        ; 0 s                 ; 0 s                 ; 2.28 V                       ; 3.39e-05 V                   ; 2.29 V              ; -0.00905 V          ; 0.105 V                              ; 0.096 V                              ; 7.51e-10 s                  ; 7.28e-10 s                  ; Yes                        ; Yes                        ; 2.28 V                      ; 3.39e-05 V                  ; 2.29 V             ; -0.00905 V         ; 0.105 V                             ; 0.096 V                             ; 7.51e-10 s                 ; 7.28e-10 s                 ; Yes                       ; Yes                       ;
; RFout2test[5]     ; 2.5 V        ; 0 s                 ; 0 s                 ; 2.28 V                       ; 3.39e-05 V                   ; 2.29 V              ; -0.00905 V          ; 0.105 V                              ; 0.096 V                              ; 7.51e-10 s                  ; 7.28e-10 s                  ; Yes                        ; Yes                        ; 2.28 V                      ; 3.39e-05 V                  ; 2.29 V             ; -0.00905 V         ; 0.105 V                             ; 0.096 V                             ; 7.51e-10 s                 ; 7.28e-10 s                 ; Yes                       ; Yes                       ;
; RFout2test[4]     ; 2.5 V        ; 0 s                 ; 0 s                 ; 2.28 V                       ; 3.39e-05 V                   ; 2.29 V              ; -0.00908 V          ; 0.154 V                              ; 0.085 V                              ; 7.35e-10 s                  ; 7.15e-10 s                  ; Yes                        ; Yes                        ; 2.28 V                      ; 3.39e-05 V                  ; 2.29 V             ; -0.00908 V         ; 0.154 V                             ; 0.085 V                             ; 7.35e-10 s                 ; 7.15e-10 s                 ; Yes                       ; Yes                       ;
; RFout2test[3]     ; 2.5 V        ; 0 s                 ; 0 s                 ; 2.28 V                       ; 3.39e-05 V                   ; 2.29 V              ; -0.00905 V          ; 0.105 V                              ; 0.096 V                              ; 7.51e-10 s                  ; 7.28e-10 s                  ; Yes                        ; Yes                        ; 2.28 V                      ; 3.39e-05 V                  ; 2.29 V             ; -0.00905 V         ; 0.105 V                             ; 0.096 V                             ; 7.51e-10 s                 ; 7.28e-10 s                 ; Yes                       ; Yes                       ;
; RFout2test[2]     ; 2.5 V        ; 0 s                 ; 0 s                 ; 2.28 V                       ; 3.39e-05 V                   ; 2.29 V              ; -0.00905 V          ; 0.105 V                              ; 0.096 V                              ; 7.51e-10 s                  ; 7.28e-10 s                  ; Yes                        ; Yes                        ; 2.28 V                      ; 3.39e-05 V                  ; 2.29 V             ; -0.00905 V         ; 0.105 V                             ; 0.096 V                             ; 7.51e-10 s                 ; 7.28e-10 s                 ; Yes                       ; Yes                       ;
; RFout2test[1]     ; 2.5 V        ; 0 s                 ; 0 s                 ; 2.28 V                       ; 3.39e-05 V                   ; 2.29 V              ; -0.00908 V          ; 0.154 V                              ; 0.085 V                              ; 7.35e-10 s                  ; 7.15e-10 s                  ; Yes                        ; Yes                        ; 2.28 V                      ; 3.39e-05 V                  ; 2.29 V             ; -0.00908 V         ; 0.154 V                             ; 0.085 V                             ; 7.35e-10 s                 ; 7.15e-10 s                 ; Yes                       ; Yes                       ;
; RFout2test[0]     ; 2.5 V        ; 0 s                 ; 0 s                 ; 2.28 V                       ; 3.39e-05 V                   ; 2.29 V              ; -0.00905 V          ; 0.105 V                              ; 0.096 V                              ; 7.51e-10 s                  ; 7.28e-10 s                  ; Yes                        ; Yes                        ; 2.28 V                      ; 3.39e-05 V                  ; 2.29 V             ; -0.00905 V         ; 0.105 V                             ; 0.096 V                             ; 7.51e-10 s                 ; 7.28e-10 s                 ; Yes                       ; Yes                       ;
; ~ALTERA_nCEO~     ; 2.5 V        ; 0 s                 ; 0 s                 ; 2.28 V                       ; 3.99e-05 V                   ; 2.29 V              ; -0.0073 V           ; 0.123 V                              ; 0.105 V                              ; 6.6e-10 s                   ; 8.47e-10 s                  ; Yes                        ; Yes                        ; 2.28 V                      ; 3.99e-05 V                  ; 2.29 V             ; -0.0073 V          ; 0.123 V                             ; 0.105 V                             ; 6.6e-10 s                  ; 8.47e-10 s                 ; Yes                       ; Yes                       ;
+-------------------+--------------+---------------------+---------------------+------------------------------+------------------------------+---------------------+---------------------+--------------------------------------+--------------------------------------+-----------------------------+-----------------------------+----------------------------+----------------------------+-----------------------------+-----------------------------+--------------------+--------------------+-------------------------------------+-------------------------------------+----------------------------+----------------------------+---------------------------+---------------------------+


+-------------------------------------------------------------------+
; Setup Transfers                                                   ;
+------------+----------+----------+----------+----------+----------+
; From Clock ; To Clock ; RR Paths ; FR Paths ; RF Paths ; FF Paths ;
+------------+----------+----------+----------+----------+----------+
; clk1       ; clk1     ; 90       ; 0        ; 0        ; 0        ;
; clk2       ; clk1     ; 724      ; 0        ; 0        ; 0        ;
; clk3       ; clk1     ; 184      ; 0        ; 0        ; 0        ;
; clk1       ; clk2     ; 0        ; 0        ; 16       ; 0        ;
; clk2       ; clk2     ; 0        ; 16       ; 0        ; 0        ;
; clk1       ; clk3     ; 0        ; 0        ; 216      ; 0        ;
; clk2       ; clk3     ; 80       ; 0        ; 5058     ; 0        ;
; clk3       ; clk3     ; 0        ; 96       ; 774      ; 0        ;
; clk4       ; clk3     ; 0        ; 0        ; 48       ; 0        ;
; clk2       ; clk4     ; 0        ; 0        ; 780      ; 0        ;
; clk3       ; clk4     ; 0        ; 0        ; 137      ; 0        ;
; clk4       ; clk4     ; 0        ; 16       ; 0        ; 0        ;
+------------+----------+----------+----------+----------+----------+
Entries labeled "false path" only account for clock-to-clock false paths and not path-based false paths. As a result, actual path counts may be lower than reported.


+-------------------------------------------------------------------+
; Hold Transfers                                                    ;
+------------+----------+----------+----------+----------+----------+
; From Clock ; To Clock ; RR Paths ; FR Paths ; RF Paths ; FF Paths ;
+------------+----------+----------+----------+----------+----------+
; clk1       ; clk1     ; 90       ; 0        ; 0        ; 0        ;
; clk2       ; clk1     ; 724      ; 0        ; 0        ; 0        ;
; clk3       ; clk1     ; 184      ; 0        ; 0        ; 0        ;
; clk1       ; clk2     ; 0        ; 0        ; 16       ; 0        ;
; clk2       ; clk2     ; 0        ; 16       ; 0        ; 0        ;
; clk1       ; clk3     ; 0        ; 0        ; 216      ; 0        ;
; clk2       ; clk3     ; 80       ; 0        ; 5058     ; 0        ;
; clk3       ; clk3     ; 0        ; 96       ; 774      ; 0        ;
; clk4       ; clk3     ; 0        ; 0        ; 48       ; 0        ;
; clk2       ; clk4     ; 0        ; 0        ; 780      ; 0        ;
; clk3       ; clk4     ; 0        ; 0        ; 137      ; 0        ;
; clk4       ; clk4     ; 0        ; 16       ; 0        ; 0        ;
+------------+----------+----------+----------+----------+----------+
Entries labeled "false path" only account for clock-to-clock false paths and not path-based false paths. As a result, actual path counts may be lower than reported.


---------------
; Report TCCS ;
---------------
No dedicated SERDES Transmitter circuitry present in device or used in design


---------------
; Report RSKM ;
---------------
No non-DPA dedicated SERDES Receiver circuitry present in device or used in design


+------------------------------------------------+
; Unconstrained Paths                            ;
+---------------------------------+-------+------+
; Property                        ; Setup ; Hold ;
+---------------------------------+-------+------+
; Illegal Clocks                  ; 0     ; 0    ;
; Unconstrained Clocks            ; 0     ; 0    ;
; Unconstrained Input Ports       ; 0     ; 0    ;
; Unconstrained Input Port Paths  ; 0     ; 0    ;
; Unconstrained Output Ports      ; 81    ; 81   ;
; Unconstrained Output Port Paths ; 472   ; 472  ;
+---------------------------------+-------+------+


+------------------------------------+
; TimeQuest Timing Analyzer Messages ;
+------------------------------------+
Info: *******************************************************************
Info: Running Quartus II 64-Bit TimeQuest Timing Analyzer
    Info: Version 13.1.0 Build 162 10/23/2013 SJ Web Edition
    Info: Processing started: Wed Apr 10 01:54:52 2024
Info: Command: quartus_sta mips -c mips
Info: qsta_default_script.tcl version: #1
Warning (20028): Parallel compilation is not licensed and has been disabled
Info (21076): High junction temperature operating condition is not set. Assuming a default value of '100'.
Info (21076): Low junction temperature operating condition is not set. Assuming a default value of '-40'.
Critical Warning (332012): Synopsys Design Constraints File file not found: 'mips.sdc'. A Synopsys Design Constraints File is required by the TimeQuest Timing Analyzer to get proper timing constraints. Without it, the Compiler will not properly optimize the design.
Info (332142): No user constrained base clocks found in the design. Calling "derive_clocks -period 1.0"
Info (332105): Deriving Clocks
    Info (332105): create_clock -period 1.000 -name clk2 clk2
    Info (332105): create_clock -period 1.000 -name clk1 clk1
    Info (332105): create_clock -period 1.000 -name clk3 clk3
    Info (332105): create_clock -period 1.000 -name clk4 clk4
Info (332143): No user constrained clock uncertainty found in the design. Calling "derive_clock_uncertainty"
Info (332123): Deriving Clock Uncertainty. Please refer to report_sdc in TimeQuest to see clock uncertainties.
Info: Found TIMEQUEST_REPORT_SCRIPT_INCLUDE_DEFAULT_ANALYSIS = ON
Critical Warning (332148): Timing requirements not met
    Info (11105): For recommendations on closing timing, run Report Timing Closure Recommendations in the TimeQuest Timing Analyzer.
Info (332146): Worst-case setup slack is -3.995
    Info (332119):     Slack       End Point TNS Clock 
    Info (332119): ========= =================== =====================
    Info (332119):    -3.995            -140.091 clk3 
    Info (332119):    -3.155             -14.519 clk4 
    Info (332119):    -2.364             -17.467 clk1 
    Info (332119):    -1.155             -18.804 clk2 
Info (332146): Worst-case hold slack is -0.137
    Info (332119):     Slack       End Point TNS Clock 
    Info (332119): ========= =================== =====================
    Info (332119):    -0.137              -0.577 clk3 
    Info (332119):     0.303               0.000 clk1 
    Info (332119):     0.489               0.000 clk4 
    Info (332119):     0.635               0.000 clk2 
Info (332140): No Recovery paths to report
Info (332140): No Removal paths to report
Info (332146): Worst-case minimum pulse width slack is -2.846
    Info (332119):     Slack       End Point TNS Clock 
    Info (332119): ========= =================== =====================
    Info (332119):    -2.846            -106.211 clk3 
    Info (332119):    -2.846             -46.422 clk2 
    Info (332119):    -2.846             -29.468 clk4 
    Info (332119):    -2.846             -15.662 clk1 
Info (21076): High junction temperature operating condition is not set. Assuming a default value of '100'.
Info (21076): Low junction temperature operating condition is not set. Assuming a default value of '-40'.
Info (332123): Deriving Clock Uncertainty. Please refer to report_sdc in TimeQuest to see clock uncertainties.
Info (332102): Design is not fully constrained for setup requirements
Info (332102): Design is not fully constrained for hold requirements
Info: Quartus II 64-Bit TimeQuest Timing Analyzer was successful. 0 errors, 3 warnings
    Info: Peak virtual memory: 4726 megabytes
    Info: Processing ended: Wed Apr 10 01:54:54 2024
    Info: Elapsed time: 00:00:02
    Info: Total CPU time (on all processors): 00:00:01


